<PAMDataset>
  <Metadata>
    <MDI key="DataType">Generic</MDI>
  </Metadata>
  <PAMRasterBand band="1">
    <Histograms>
      <HistItem>
        <HistMin>0</HistMin>
        <HistMax>16</HistMax>
        <BucketCount>256</BucketCount>
        <IncludeOutOfRange>1</IncludeOutOfRange>
        <Approximate>0</Approximate>
        <HistCounts>361600|0|0|0|0|0|0|0|0|0|0|0|0|0|0|11600|0|0|0|0|0|0|0|0|0|0|0|0|0|0|0|6684595|0|0|0|0|0|0|0|0|0|0|0|0|0|0|0|1200|0|0|0|0|0|0|0|0|0|0|0|0|0|0|0|229825|0|0|0|0|0|0|0|0|0|0|0|0|0|0|0|74065|0|0|0|0|0|0|0|0|0|0|0|0|0|0|0|4300|0|0|0|0|0|0|0|0|0|0|0|0|0|0|0|2875|0|0|0|0|0|0|0|0|0|0|0|0|0|0|0|563855|0|0|0|0|0|0|0|0|0|0|0|0|0|0|0|276240|0|0|0|0|0|0|0|0|0|0|0|0|0|0|0|34350|0|0|0|0|0|0|0|0|0|0|0|0|0|0|0|279665|0|0|0|0|0|0|0|0|0|0|0|0|0|0|0|157050|0|0|0|0|0|0|0|0|0|0|0|0|0|0|0|93850|0|0|0|0|0|0|0|0|0|0|0|0|0|0|0|4457095|0|0|0|0|0|0|0|0|0|0|0|0|0|0|0|250|0|0|0|0|0|0|0|0|0|0|0|0|0|0|0|3205</HistCounts>
      </HistItem>
    </Histograms>
    <Metadata>
      <MDI key="RepresentationType">THEMATIC</MDI>
      <MDI key="STATISTICS_COVARIANCES">31.71604045877036</MDI>
      <MDI key="STATISTICS_EXCLUDEDVALUES"></MDI>
      <MDI key="STATISTICS_MAXIMUM">16</MDI>
      <MDI key="STATISTICS_MEAN">6.8524001897906</MDI>
      <MDI key="STATISTICS_MINIMUM">0</MDI>
      <MDI key="STATISTICS_SKIPFACTORX">1</MDI>
      <MDI key="STATISTICS_SKIPFACTORY">1</MDI>
      <MDI key="STATISTICS_STDDEV">5.6316996065815</MDI>
    </Metadata>
  </PAMRasterBand>
</PAMDataset>
