COMMONNAME,LONGITUDE,LATITUDE
Black-capped Flycatcher,-84.1895092,10.1558088
Black-capped Flycatcher,-84.3172317,10.2057403
Black-capped Flycatcher,-84.30387,10.21002
Black-capped Flycatcher,-84.2300425,10.1699529
Black-capped Flycatcher,-84.36936,10.2381
Black-capped Flycatcher,-84.396046,10.22991
Black-capped Flycatcher,-84.33713,10.22127
Black-capped Flycatcher,-84.359442,10.245641
Black-capped Flycatcher,-84.350629,10.223761
Black-capped Flycatcher,-84.3804932,10.2362926
Black-capped Flycatcher,-84.3554306,10.2318159
Black-capped Flycatcher,-84.2359457,10.1837344
Black-capped Flycatcher,-84.2276244,10.1601302
Black-capped Flycatcher,-84.1797,10.2113
Black-capped Flycatcher,-84.3803912,10.2149962
Black-capped Flycatcher,-83.8119507,9.616152
Black-capped Flycatcher,-83.6675556,9.5547306
Black-capped Flycatcher,-83.7903214,9.6022732
Black-capped Flycatcher,-83.78088,9.6054891
Black-capped Flycatcher,-83.8615,9.94519
Black-capped Flycatcher,-83.7755585,9.986856
Black-capped Flycatcher,-83.7595638,10.0184759
Black-capped Flycatcher,-83.8454247,9.9788256
Black-capped Flycatcher,-83.7389946,9.5706208
Black-capped Flycatcher,-83.9132309,9.6884137
Black-capped Flycatcher,-83.7321281,9.5601258
Black-capped Flycatcher,-83.876388,9.685242
Black-capped Flycatcher,-83.899008,9.953927
Black-capped Flycatcher,-83.7635995,9.6030202
Black-capped Flycatcher,-83.7605772,9.57858
Black-capped Flycatcher,-83.9139175,9.7191168
Black-capped Flycatcher,-83.8081,9.6336
Black-capped Flycatcher,-83.7089109,9.5657429
Black-capped Flycatcher,-83.7803021,10.0049211
Black-capped Flycatcher,-83.8352333,9.9790583
Black-capped Flycatcher,-83.920154,9.702564
Black-capped Flycatcher,-83.851819,9.9523025
Black-capped Flycatcher,-83.8854111,9.957325
Black-capped Flycatcher,-83.8333654,9.6305379
Black-capped Flycatcher,-83.8345242,9.962144
Black-capped Flycatcher,-83.8268852,9.9685125
Black-capped Flycatcher,-83.8919127,9.6806087
Black-capped Flycatcher,-83.7941837,9.9835762
Black-capped Flycatcher,-83.7580383,10.0035714
Black-capped Flycatcher,-83.845479,9.958834
Black-capped Flycatcher,-83.770129,9.9972372
Black-capped Flycatcher,-84.79629,10.3436
Black-capped Flycatcher,-84.121346,10.13362
Black-capped Flycatcher,-84.1091224,10.1353215
Black-capped Flycatcher,-84.0200204,10.3305726
Black-capped Flycatcher,-84.0965059,10.1385986
Black-capped Flycatcher,-82.9617,9.1116
Black-capped Flycatcher,-83.37293,9.33463
Black-capped Flycatcher,-82.987488,9.049774
Black-capped Flycatcher,-83.0784416,9.2449056
Black-capped Flycatcher,-83.6624336,9.5638499
Black-capped Flycatcher,-83.7997627,9.578238
Black-capped Flycatcher,-83.8235074,9.6164293
Black-capped Flycatcher,-83.6771107,9.5544846
Black-capped Flycatcher,-83.8952065,9.6112437
Black-capped Flycatcher,-83.8419914,9.6140758
Black-capped Flycatcher,-83.79031,9.54905
Black-capped Flycatcher,-83.7913513,9.5872091
Black-capped Flycatcher,-83.730735,9.494004
Black-capped Flycatcher,-83.7807083,9.5513233
Black-capped Flycatcher,-83.8394165,9.6237681
Black-capped Flycatcher,-83.8023376,9.5668968
Black-capped Flycatcher,-83.7913303,9.5696233
Black-capped Flycatcher,-83.7513028,9.5677444
Black-capped Flycatcher,-83.8555527,9.6721689
Black-capped Flycatcher,-83.8280642,9.5611562
Black-capped Flycatcher,-83.8000524,9.6130208
Black-capped Flycatcher,-83.817314,9.538318
Black-capped Flycatcher,-83.8696504,9.658504
Black-capped Flycatcher,-83.8648471,9.668654
Black-capped Flycatcher,-83.7745285,9.5817926
Black-capped Flycatcher,-83.890228,9.54726
Black-capped Flycatcher,-83.7660741,9.551997
Black-capped Flycatcher,-83.8881683,9.6691229
Black-capped Flycatcher,-83.8933182,9.5327018
Black-capped Flycatcher,-83.8135052,9.5512193
Black-capped Flycatcher,-83.79838,9.59507
Black-capped Flycatcher,-83.5487938,9.4575283
Black-capped Flycatcher,-83.8035336,9.5573486
Black-capped Flycatcher,-83.877427,9.666833
Black-capped Flycatcher,-83.9507155,10.0179693
Black-capped Flycatcher,-83.7097907,9.5092669
Black-capped Flycatcher,-83.890934,9.6033023
Black-capped Flycatcher,-83.8974871,9.5551605
Black-capped Flycatcher,-83.83265,9.59685
Black-capped Flycatcher,-83.8961077,9.6620154
Black-capped Flycatcher,-83.7560749,9.5545396
Black-capped Flycatcher,-83.8018781,9.5474956
Black-capped Flycatcher,-83.8511324,9.6534271
Black-capped Flycatcher,-83.82256,9.60596
Black-capped Flycatcher,-83.9280556,10.035
Black-capped Flycatcher,-83.951683,9.7213697
Black-capped Flycatcher,-83.716188,9.5565681
Black-capped Flycatcher,-83.6879253,9.5527283
Black-capped Flycatcher,-83.7068617,9.5563276
Black-capped Flycatcher,-83.84443,9.63202
Black-capped Flycatcher,-83.9070511,9.6603232
Black-capped Flycatcher,-83.866024,9.5541164
Black-capped Flycatcher,-83.8526059,9.5670506
Black-capped Flycatcher,-83.85047,9.64419
Black-capped Flycatcher,-82.539236,8.866268
Black-capped Flycatcher,-82.5498962,8.8343573
Black-capped Flycatcher,-82.76,8.8447222
Black-capped Flycatcher,-82.4884549,8.8469253
Black-capped Flycatcher,-82.5522995,8.8562383
Black-capped Flycatcher,-82.5668049,8.8697436
Black-capped Flycatcher,-82.576415,8.8043
Black-capped Flycatcher,-82.573638,8.852224
Black-capped Flycatcher,-82.48312,8.8128214
Black-capped Flycatcher,-82.5614319,8.8411083
Black-capped Flycatcher,-82.6992552,8.8122645
Black-capped Flycatcher,-82.5885201,8.8938908
Black-capped Flycatcher,-82.5726465,8.8965301
Black-capped Flycatcher,-82.54271,8.808583
Black-capped Flycatcher,-82.6104091,8.8904706
Black-capped Flycatcher,-82.5290394,8.8198852
Black-capped Flycatcher,-82.5186539,8.8018727
Black-capped Flycatcher,-82.5535211,8.8757758
Black-capped Flycatcher,-82.5159931,8.8438562
Black-capped Flycatcher,-82.5326443,8.8436018
Black-capped Flycatcher,-82.543121,8.849285
