species,longitude,latitude
Black-bellied Hummingbird,-84.732779,10.462502
Black-bellied Hummingbird,-84.1799927,10.1645741
Black-bellied Hummingbird,-84.167,10.28
Black-bellied Hummingbird,-84.16696,10.22171
Black-bellied Hummingbird,-84.17019,10.25537
Black-bellied Hummingbird,-84.2227469,10.1887412
Black-bellied Hummingbird,-84.2486572,10.2041099
Black-bellied Hummingbird,-84.3247032,10.213064
Black-bellied Hummingbird,-84.5997208,10.3338012
Black-bellied Hummingbird,-84.4846272,10.2028956
Black-bellied Hummingbird,-84.6180081,10.3832056
Black-bellied Hummingbird,-84.692271,10.4867189
Black-bellied Hummingbird,-84.6603012,10.4502474
Black-bellied Hummingbird,-84.2082837,10.2220026
Black-bellied Hummingbird,-84.322103,10.243454
Black-bellied Hummingbird,-84.42281,10.194634
Black-bellied Hummingbird,-84.7169495,10.9895028
Black-bellied Hummingbird,-84.3804932,10.2362926
Black-bellied Hummingbird,-84.2359457,10.1837344
Black-bellied Hummingbird,-84.6498299,10.5274758
Black-bellied Hummingbird,-84.3971443,10.2018686
Black-bellied Hummingbird,-84.1657877,10.2096657
Black-bellied Hummingbird,-84.305543,10.203042
Black-bellied Hummingbird,-84.2963791,10.2122193
Black-bellied Hummingbird,-84.7550561,10.4656949
Black-bellied Hummingbird,-84.305,10.2356
Black-bellied Hummingbird,-84.2714839,10.2539452
Black-bellied Hummingbird,-84.7887039,10.8848938
Black-bellied Hummingbird,-84.3172317,10.2057403
Black-bellied Hummingbird,-84.2605667,10.2673167
Black-bellied Hummingbird,-84.6867564,10.4417447
Black-bellied Hummingbird,-84.1829926,10.3127412
Black-bellied Hummingbird,-84.9449158,10.7645085
Black-bellied Hummingbird,-83.9270268,9.7959313
Black-bellied Hummingbird,-83.5690498,9.771487
Black-bellied Hummingbird,-83.8099766,9.7448415
Black-bellied Hummingbird,-83.5638,9.83193
Black-bellied Hummingbird,-83.68457,9.901388
Black-bellied Hummingbird,-83.7797213,9.8178254
Black-bellied Hummingbird,-83.9231646,9.786896
Black-bellied Hummingbird,-83.9439356,9.7967073
Black-bellied Hummingbird,-83.796694,9.746406
Black-bellied Hummingbird,-83.8,9.8
Black-bellied Hummingbird,-83.8976097,9.8518335
Black-bellied Hummingbird,-83.7953746,9.773866
Black-bellied Hummingbird,-83.77911,9.73504
Black-bellied Hummingbird,-83.9025879,9.8308607
Black-bellied Hummingbird,-83.5640073,9.7932459
Black-bellied Hummingbird,-83.8339233,9.8034588
Black-bellied Hummingbird,-83.75147,9.78404
Black-bellied Hummingbird,-83.8231087,9.7850483
Black-bellied Hummingbird,-83.8124603,9.7812353
Black-bellied Hummingbird,-83.83154,9.74224
Black-bellied Hummingbird,-83.8438153,9.7786767
Black-bellied Hummingbird,-83.8547802,9.7574455
Black-bellied Hummingbird,-83.5737276,9.7577839
Black-bellied Hummingbird,-83.7838937,9.7590273
Black-bellied Hummingbird,-83.8070673,9.7885578
Black-bellied Hummingbird,-83.7815995,9.7489842
Black-bellied Hummingbird,-83.90364,9.77435
Black-bellied Hummingbird,-83.8017958,9.7672841
Black-bellied Hummingbird,-83.6882043,9.7827945
Black-bellied Hummingbird,-83.9087677,9.7920829
Black-bellied Hummingbird,-83.7739277,9.779015
Black-bellied Hummingbird,-83.6905003,10.0213425
Black-bellied Hummingbird,-84.9243164,10.4594533
Black-bellied Hummingbird,-84.790634,10.3410134
Black-bellied Hummingbird,-84.04489,10.28173
Black-bellied Hummingbird,-84.152787,10.1841597
Black-bellied Hummingbird,-84.1215057,10.1387441
Black-bellied Hummingbird,-84.1566467,10.1637292
Black-bellied Hummingbird,-84.1584626,10.1989174
Black-bellied Hummingbird,-84.157454,10.17556
Black-bellied Hummingbird,-84.1581759,10.3686515
Black-bellied Hummingbird,-84.0783258,10.3275925
Black-bellied Hummingbird,-83.788167,10.2143479
Black-bellied Hummingbird,-83.6683066,10.0558676
Black-bellied Hummingbird,-83.9133704,10.1736581
Black-bellied Hummingbird,-83.9303324,10.1744332
Black-bellied Hummingbird,-84.808585,10.3188427
Black-bellied Hummingbird,-84.8225212,10.2705495
Black-bellied Hummingbird,-83.3364,8.4034
Black-bellied Hummingbird,-84.8051376,10.3078434
Black-bellied Hummingbird,-84.8151039,10.3089389
Black-bellied Hummingbird,-84.8238516,10.3172415
Black-bellied Hummingbird,-84.7958654,10.3025533
Black-bellied Hummingbird,-84.1602,9.89798
Black-bellied Hummingbird,-83.92802,10.03554
Black-bellied Hummingbird,-83.9381358,10.1620582
Black-bellied Hummingbird,-83.8075056,9.5505389
Black-bellied Hummingbird,-82.1813393,8.8564927
Black-bellied Hummingbird,-82.2381592,8.7279873
Black-bellied Hummingbird,-82.411,8.8039
Black-bellied Hummingbird,-82.2395325,8.7140738
Black-bellied Hummingbird,-82.6992552,8.8122645
Black-bellied Hummingbird,-82.7571774,8.8513194
Black-bellied Hummingbird,-82.5159931,8.8438562
Black-bellied Hummingbird,-82.3952723,8.8096566
Black-bellied Hummingbird,-82.5535211,8.8757758
Black-bellied Hummingbird,-82.20068,8.7802
Black-bellied Hummingbird,-82.4783134,8.8385979
Black-bellied Hummingbird,-82.4619198,8.8128992
Black-bellied Hummingbird,-82.2087622,8.656282
Black-bellied Hummingbird,-82.4172878,8.8198541
Black-bellied Hummingbird,-82.683709,8.882855
Black-bellied Hummingbird,-82.5668049,8.8697436
Black-bellied Hummingbird,-82.48312,8.8128214
Black-bellied Hummingbird,-82.432,8.775
Black-bellied Hummingbird,-82.4047887,8.7829574
Black-bellied Hummingbird,-82.570796,8.8837459
Black-bellied Hummingbird,-82.4289018,8.7968895
Black-bellied Hummingbird,-82.5326443,8.8436018
Black-bellied Hummingbird,-82.4211502,8.7649694
Black-bellied Hummingbird,-82.2488619,8.744369
Black-bellied Hummingbird,-82.2287816,8.7465034
Black-bellied Hummingbird,-82.6104091,8.8904706
Black-bellied Hummingbird,-82.4087048,8.7550492
Black-bellied Hummingbird,-81.1439037,8.530806
Black-bellied Hummingbird,-82.1863537,8.805865
Black-bellied Hummingbird,-82.1912017,8.7794902
Black-bellied Hummingbird,-82.2121253,8.786267
Black-bellied Hummingbird,-81.7672,8.442703
Black-bellied Hummingbird,-82.2049856,8.7632777
Black-bellied Hummingbird,-82.1815109,8.7846539
Black-bellied Hummingbird,-82.205675,8.7938113
