COMMONNAME,LONGITUDE,LATITUDE
Black-faced Solitaire,-84.44384,10.18659
Black-faced Solitaire,-84.167,10.28
Black-faced Solitaire,-84.7563453,10.4893477
Black-faced Solitaire,-84.5459747,10.1628844
Black-faced Solitaire,-84.719696,10.3365361
Black-faced Solitaire,-84.3413544,10.16525
Black-faced Solitaire,-84.3610096,10.167531
Black-faced Solitaire,-84.396046,10.22991
Black-faced Solitaire,-84.3224909,10.1669354
Black-faced Solitaire,-84.6386719,10.2210041
Black-faced Solitaire,-84.350629,10.223761
Black-faced Solitaire,-84.7540283,10.3074882
Black-faced Solitaire,-84.7296524,10.3888831
Black-faced Solitaire,-84.7251892,10.3990138
Black-faced Solitaire,-84.7864723,10.3169459
Black-faced Solitaire,-84.7567749,10.3588269
Black-faced Solitaire,-84.2362976,10.1993794
Black-faced Solitaire,-84.6174288,10.3827201
Black-faced Solitaire,-84.5755906,10.1718244
Black-faced Solitaire,-84.4905,10.2397
Black-faced Solitaire,-84.644165,10.4554018
Black-faced Solitaire,-84.52401,10.27198
Black-faced Solitaire,-84.6876329,10.5033985
Black-faced Solitaire,-84.420898,10.176595
Black-faced Solitaire,-84.7057797,10.4313938
Black-faced Solitaire,-84.5076513,10.185557
Black-faced Solitaire,-84.359442,10.245641
Black-faced Solitaire,-84.2737198,10.4506751
Black-faced Solitaire,-84.4457674,9.9726335
Black-faced Solitaire,-84.322103,10.243454
Black-faced Solitaire,-84.4737685,10.0293021
Black-faced Solitaire,-84.65053,10.22864
Black-faced Solitaire,-84.3324,10.232531
Black-faced Solitaire,-84.22963,10.16474
Black-faced Solitaire,-84.3415,10.184259
Black-faced Solitaire,-84.1724543,10.2434996
Black-faced Solitaire,-84.389481,10.176278
Black-faced Solitaire,-84.7746277,10.3882077
Black-faced Solitaire,-84.3053913,10.1279906
Black-faced Solitaire,-84.7157478,10.4327803
Black-faced Solitaire,-84.2476702,10.1424333
Black-faced Solitaire,-84.7622681,10.319817
Black-faced Solitaire,-84.3804932,10.2362926
Black-faced Solitaire,-85.0408257,10.7130107
Black-faced Solitaire,-84.2035009,10.1621082
Black-faced Solitaire,-84.1981888,10.1946488
Black-faced Solitaire,-84.6978951,10.3513968
Black-faced Solitaire,-84.7550561,10.4656949
Black-faced Solitaire,-84.1698217,10.159705
Black-faced Solitaire,-84.7835139,10.2986889
Black-faced Solitaire,-84.3047,10.23505
Black-faced Solitaire,-84.2359457,10.1837344
Black-faced Solitaire,-84.3050008,10.2067624
Black-faced Solitaire,-84.431981,10.224742
Black-faced Solitaire,-84.31103,10.18343
Black-faced Solitaire,-84.7205114,10.4530694
Black-faced Solitaire,-84.6805573,10.331132
Black-faced Solitaire,-84.35529,10.2627
Black-faced Solitaire,-84.3554306,10.2318159
Black-faced Solitaire,-84.16696,10.22171
Black-faced Solitaire,-84.52129,10.17141
Black-faced Solitaire,-84.6666333,10.2012667
Black-faced Solitaire,-84.33318,10.27763
Black-faced Solitaire,-84.7673321,10.3419401
Black-faced Solitaire,-84.42794,10.29182
Black-faced Solitaire,-84.36512,10.18146
Black-faced Solitaire,-84.4846272,10.2028956
Black-faced Solitaire,-84.734283,10.4220092
Black-faced Solitaire,-84.64336,10.4459
Black-faced Solitaire,-84.7756577,10.3130615
Black-faced Solitaire,-84.3803912,10.2149962
Black-faced Solitaire,-84.73048,10.45072
Black-faced Solitaire,-84.17019,10.25537
Black-faced Solitaire,-84.732779,10.462502
Black-faced Solitaire,-84.6688628,10.4240858
Black-faced Solitaire,-84.384754,10.249599
Black-faced Solitaire,-85.0151253,10.7193094
Black-faced Solitaire,-84.5341301,10.2248052
Black-faced Solitaire,-84.6530056,10.167531
Black-faced Solitaire,-84.3520547,10.183315
Black-faced Solitaire,-84.3172317,10.2057403
Black-faced Solitaire,-84.388175,10.1856098
Black-faced Solitaire,-84.208349,10.0593959
Black-faced Solitaire,-84.7225488,10.4913312
Black-faced Solitaire,-84.6669102,10.3501303
Black-faced Solitaire,-84.68102,10.44709
Black-faced Solitaire,-84.5680691,10.1494524
Black-faced Solitaire,-84.247033,10.154858
Black-faced Solitaire,-84.3730474,10.2541352
Black-faced Solitaire,-84.4246606,10.2746942
Black-faced Solitaire,-84.555254,10.1460362
Black-faced Solitaire,-84.37385,10.271354
Black-faced Solitaire,-84.2714839,10.2539452
Black-faced Solitaire,-84.512277,10.156893
Black-faced Solitaire,-84.286809,10.216907
Black-faced Solitaire,-84.3669748,10.2359857
Black-faced Solitaire,-84.5546592,10.1704864
Black-faced Solitaire,-84.521356,10.45673
Black-faced Solitaire,-84.6892825,10.442626
Black-faced Solitaire,-84.1692553,10.3124029
Black-faced Solitaire,-84.6123905,10.2052588
Black-faced Solitaire,-84.6604692,10.2248715
Black-faced Solitaire,-84.65273,10.43187
Black-faced Solitaire,-84.5877899,10.1551948
Black-faced Solitaire,-84.5608462,10.226839
Black-faced Solitaire,-84.2605667,10.2673167
Black-faced Solitaire,-84.1692209,10.2045393
Black-faced Solitaire,-84.1958874,10.1570338
Black-faced Solitaire,-84.5318127,10.14717
Black-faced Solitaire,-83.5724509,9.8251575
Black-faced Solitaire,-83.6675556,9.5547306
Black-faced Solitaire,-83.793,9.731
Black-faced Solitaire,-83.9270268,9.7959313
Black-faced Solitaire,-83.7117004,9.8470978
Black-faced Solitaire,-83.5690498,9.771487
Black-faced Solitaire,-83.8099766,9.7448415
Black-faced Solitaire,-83.7595638,10.0184759
Black-faced Solitaire,-83.79066,9.60354
Black-faced Solitaire,-83.7389946,9.5706208
Black-faced Solitaire,-83.6903286,9.9720523
Black-faced Solitaire,-83.9231646,9.786896
Black-faced Solitaire,-83.8,9.8
Black-faced Solitaire,-83.6069441,9.8502578
Black-faced Solitaire,-83.5595107,9.80043
Black-faced Solitaire,-83.8445437,9.7842889
Black-faced Solitaire,-83.9139175,9.7191168
Black-faced Solitaire,-83.6138427,9.8986792
Black-faced Solitaire,-83.8081,9.6336
Black-faced Solitaire,-83.77937,9.73486
Black-faced Solitaire,-83.5537934,9.8075819
Black-faced Solitaire,-83.8454247,9.9788256
Black-faced Solitaire,-83.8308442,9.782829
Black-faced Solitaire,-83.8017797,9.7671731
Black-faced Solitaire,-83.5638,9.83193
Black-faced Solitaire,-83.7227726,9.5586023
Black-faced Solitaire,-83.86591,9.81734
Black-faced Solitaire,-83.8919127,9.6806087
Black-faced Solitaire,-83.7836266,9.7717687
Black-faced Solitaire,-83.713578,10.0108828
Black-faced Solitaire,-83.951726,9.8261053
Black-faced Solitaire,-83.7796569,10.0047759
Black-faced Solitaire,-83.75147,9.78404
Black-faced Solitaire,-83.7462567,9.8939019
Black-faced Solitaire,-83.8854111,9.957325
Black-faced Solitaire,-83.9855003,9.8936905
Black-faced Solitaire,-83.83154,9.74224
Black-faced Solitaire,-83.7768459,9.7636205
Black-faced Solitaire,-83.894002,9.695086
Black-faced Solitaire,-83.719275,10.0008032
Black-faced Solitaire,-83.5737276,9.7577839
Black-faced Solitaire,-83.838657,9.776918
Black-faced Solitaire,-83.8196533,9.7801559
Black-faced Solitaire,-83.9508786,9.7953079
Black-faced Solitaire,-83.90364,9.77435
Black-faced Solitaire,-83.9635706,9.9408684
Black-faced Solitaire,-83.781685,9.749812
Black-faced Solitaire,-83.7936151,10.0052831
Black-faced Solitaire,-83.7953746,9.773866
Black-faced Solitaire,-83.4148651,9.7763136
Black-faced Solitaire,-83.855074,9.79723
Black-faced Solitaire,-83.9087677,9.7920829
Black-faced Solitaire,-83.6882043,9.7827945
Black-faced Solitaire,-83.8607153,9.768091
Black-faced Solitaire,-83.8547802,9.7574455
Black-faced Solitaire,-83.8437724,9.962278
Black-faced Solitaire,-83.84686,9.76855
Black-faced Solitaire,-83.876388,9.685242
Black-faced Solitaire,-83.787532,9.76196
Black-faced Solitaire,-84.8014144,10.3486951
Black-faced Solitaire,-85.0351152,10.7056303
Black-faced Solitaire,-84.8036158,10.3607835
Black-faced Solitaire,-84.7952086,10.3888179
Black-faced Solitaire,-84.790634,10.3410134
Black-faced Solitaire,-84.8098639,10.3375441
Black-faced Solitaire,-84.7913551,10.3560101
Black-faced Solitaire,-84.7985744,10.3196059
Black-faced Solitaire,-84.8072433,10.3725889
Black-faced Solitaire,-84.82038,10.33789
Black-faced Solitaire,-84.7901523,10.3652911
Black-faced Solitaire,-84.827835,10.344388
Black-faced Solitaire,-84.838465,10.3391866
Black-faced Solitaire,-84.816643,10.355388
Black-faced Solitaire,-84.78047,10.4291
Black-faced Solitaire,-85.349648,10.777652
Black-faced Solitaire,-84.0789163,9.9809389
Black-faced Solitaire,-84.0677,10.4502
Black-faced Solitaire,-84.127357,10.4132595
Black-faced Solitaire,-84.04489,10.28173
Black-faced Solitaire,-84.0128,10.4288
Black-faced Solitaire,-83.9850712,10.3350162
Black-faced Solitaire,-84.0892468,10.0422647
Black-faced Solitaire,-84.0232301,10.3189866
Black-faced Solitaire,-84.0965059,10.1385986
Black-faced Solitaire,-84.0451241,10.4311343
Black-faced Solitaire,-84.157454,10.17556
Black-faced Solitaire,-84.06846,10.07764
Black-faced Solitaire,-84.060101,10.092134
Black-faced Solitaire,-84.091102,10.080048
Black-faced Solitaire,-84.0366769,10.0550647
Black-faced Solitaire,-84.0713285,10.0865664
Black-faced Solitaire,-84.1091224,10.1353215
Black-faced Solitaire,-84.154619,10.1870037
Black-faced Solitaire,-84.1254311,10.1301235
Black-faced Solitaire,-84.1601336,10.2016602
Black-faced Solitaire,-84.0806651,10.07934
Black-faced Solitaire,-84.0249825,10.0502925
Black-faced Solitaire,-84.1329914,9.9975323
Black-faced Solitaire,-84.1615927,10.2689153
Black-faced Solitaire,-84.0470473,10.0909412
Black-faced Solitaire,-84.0200204,10.3305726
Black-faced Solitaire,-84.1075328,10.0289611
Black-faced Solitaire,-83.81523,10.11968
Black-faced Solitaire,-83.9133704,10.1736581
Black-faced Solitaire,-83.83838,10.10306
Black-faced Solitaire,-83.6269748,10.070604
Black-faced Solitaire,-83.6844539,10.028467
Black-faced Solitaire,-83.8280755,10.1476545
Black-faced Solitaire,-83.7541437,10.1882286
Black-faced Solitaire,-84.8250103,10.3141593
Black-faced Solitaire,-84.8419189,10.321928
Black-faced Solitaire,-84.8103333,10.2831669
Black-faced Solitaire,-83.3506966,9.2627463
Black-faced Solitaire,-82.9138184,8.9718973
Black-faced Solitaire,-82.8437805,8.9475645
Black-faced Solitaire,-84.8244953,10.3289366
Black-faced Solitaire,-82.9868603,8.7838905
Black-faced Solitaire,-84.817,10.3
Black-faced Solitaire,-83.00813,9.02945
Black-faced Solitaire,-84.8403554,10.2733309
Black-faced Solitaire,-84.8177147,10.3215058
Black-faced Solitaire,-83.2907867,9.3352518
Black-faced Solitaire,-83.0193043,8.7815154
Black-faced Solitaire,-82.96624,8.78654
Black-faced Solitaire,-84.6876394,10.2387839
Black-faced Solitaire,-82.977467,9.075691
Black-faced Solitaire,-83.069185,9.115747
Black-faced Solitaire,-82.987488,9.049774
Black-faced Solitaire,-83.37293,9.33463
Black-faced Solitaire,-82.9467761,8.7873557
Black-faced Solitaire,-82.92268,8.73513
Black-faced Solitaire,-83.02781,8.78695
Black-faced Solitaire,-82.969681,8.843515
Black-faced Solitaire,-84.808585,10.3188427
Black-faced Solitaire,-83.017416,9.0378506
Black-faced Solitaire,-82.737114,8.947152
Black-faced Solitaire,-82.788947,8.939869
Black-faced Solitaire,-82.976631,8.785495
Black-faced Solitaire,-83.0657387,9.1273513
Black-faced Solitaire,-82.8760529,8.9544321
Black-faced Solitaire,-82.9081535,8.9965845
Black-faced Solitaire,-82.7819824,8.9312004
Black-faced Solitaire,-83.4131927,9.187702
Black-faced Solitaire,-83.0075669,8.7848815
Black-faced Solitaire,-83.0383587,8.785587
Black-faced Solitaire,-84.7929525,10.3077204
Black-faced Solitaire,-84.6792269,10.252256
Black-faced Solitaire,-82.959255,9.023506
Black-faced Solitaire,-84.8008919,10.2981146
Black-faced Solitaire,-82.773487,8.9720383
Black-faced Solitaire,-82.833333,8.945278
Black-faced Solitaire,-84.7988529,10.2822791
Black-faced Solitaire,-83.2846498,9.22631
Black-faced Solitaire,-82.9083252,8.8077253
Black-faced Solitaire,-84.8221779,10.2684719
Black-faced Solitaire,-84.6713306,10.2146176
Black-faced Solitaire,-82.9716033,8.8209223
Black-faced Solitaire,-82.921078,8.900578
Black-faced Solitaire,-82.7635396,8.9305298
Black-faced Solitaire,-84.686826,10.184552
Black-faced Solitaire,-83.0462749,8.7556851
Black-faced Solitaire,-84.8051376,10.3078434
Black-faced Solitaire,-82.7900194,8.9038472
Black-faced Solitaire,-83.9473915,10.146832
Black-faced Solitaire,-83.9079094,9.5585177
Black-faced Solitaire,-83.7,9.37
Black-faced Solitaire,-83.71571,9.44726
Black-faced Solitaire,-84.1433,9.83979
Black-faced Solitaire,-83.7939262,9.5834853
Black-faced Solitaire,-83.8193536,9.6147345
Black-faced Solitaire,-83.7535858,9.5699861
Black-faced Solitaire,-83.839674,9.6256298
Black-faced Solitaire,-83.8952065,9.6112437
Black-faced Solitaire,-83.5981464,9.39123
Black-faced Solitaire,-83.730735,9.494004
Black-faced Solitaire,-83.9777005,9.9654903
Black-faced Solitaire,-83.952713,9.9708794
Black-faced Solitaire,-83.92802,10.03554
Black-faced Solitaire,-83.7678299,9.5965791
Black-faced Solitaire,-83.9381358,10.1620582
Black-faced Solitaire,-83.962326,9.6522002
Black-faced Solitaire,-83.6002922,9.4622695
Black-faced Solitaire,-83.9833117,10.0623327
Black-faced Solitaire,-83.993053,10.129258
Black-faced Solitaire,-83.8300222,9.5416404
Black-faced Solitaire,-83.7364197,9.5547089
Black-faced Solitaire,-83.81132,9.54681
Black-faced Solitaire,-83.7560749,9.5545396
Black-faced Solitaire,-83.494525,9.485688
Black-faced Solitaire,-83.865768,9.6436025
Black-faced Solitaire,-83.8648471,9.668654
Black-faced Solitaire,-83.7660741,9.551997
Black-faced Solitaire,-83.7115288,9.4764926
Black-faced Solitaire,-83.8511324,9.6534271
Black-faced Solitaire,-83.5487938,9.4575283
Black-faced Solitaire,-83.8634795,9.5315465
Black-faced Solitaire,-83.877427,9.666833
Black-faced Solitaire,-84.0500858,9.9371527
Black-faced Solitaire,-84.008275,10.0471204
Black-faced Solitaire,-83.858878,9.546765
Black-faced Solitaire,-83.9845484,10.04713
Black-faced Solitaire,-83.7953186,9.4776167
Black-faced Solitaire,-84.169554,9.812099
Black-faced Solitaire,-83.5754871,9.4642675
Black-faced Solitaire,-83.9158015,9.6452447
Black-faced Solitaire,-83.84923,9.64301
Black-faced Solitaire,-83.890934,9.6033023
Black-faced Solitaire,-83.7068617,9.5563276
Black-faced Solitaire,-84.0749338,9.7062102
Black-faced Solitaire,-84.0666962,9.5813694
Black-faced Solitaire,-83.6983538,9.471444
Black-faced Solitaire,-83.9775181,9.6065046
Black-faced Solitaire,-83.9070511,9.6603232
Black-faced Solitaire,-83.7985922,9.5912079
Black-faced Solitaire,-83.7097907,9.5092669
Black-faced Solitaire,-83.7454989,9.489669
Black-faced Solitaire,-83.800072,9.567328
Black-faced Solitaire,-83.8659811,9.5558402
Black-faced Solitaire,-83.8315201,9.5320556
Black-faced Solitaire,-83.8526059,9.5670506
Black-faced Solitaire,-83.784167,9.5525
Black-faced Solitaire,-83.5835338,9.4525095
Black-faced Solitaire,-83.82256,9.60596
Black-faced Solitaire,-83.964331,9.619976
Black-faced Solitaire,-83.5631213,9.4623898
Black-faced Solitaire,-83.5941612,9.4850229
Black-faced Solitaire,-83.8440943,9.5340561
Black-faced Solitaire,-83.6677953,9.4028124
Black-faced Solitaire,-83.8301468,9.5900866
Black-faced Solitaire,-83.9611366,9.9908858
Black-faced Solitaire,-83.8018781,9.5474956
Black-faced Solitaire,-83.5054939,9.4564801
Black-faced Solitaire,-83.5834828,9.4712939
Black-faced Solitaire,-84.1916559,9.7230219
Black-faced Solitaire,-83.6327632,9.5011837
Black-faced Solitaire,-83.6895769,9.5546438
Black-faced Solitaire,-83.8035336,9.5573486
Black-faced Solitaire,-83.953064,10.011193
Black-faced Solitaire,-83.749515,9.473542
Black-faced Solitaire,-83.8000846,9.5767781
Black-faced Solitaire,-83.8863833,9.6613642
Black-faced Solitaire,-83.4977727,9.3960638
Black-faced Solitaire,-83.8536215,9.5350874
Black-faced Solitaire,-83.817314,9.538318
Black-faced Solitaire,-83.7743515,9.2517819
Black-faced Solitaire,-83.9454298,10.0252003
Black-faced Solitaire,-82.6920319,8.9669687
Black-faced Solitaire,-82.5313568,8.8972828
Black-faced Solitaire,-82.5653458,8.9159378
Black-faced Solitaire,-82.539236,8.866268
Black-faced Solitaire,-82.5792384,8.869748
Black-faced Solitaire,-82.6006186,8.8445427
Black-faced Solitaire,-82.4327374,8.8112876
Black-faced Solitaire,-82.5522995,8.8562383
Black-faced Solitaire,-82.5143623,8.7923796
Black-faced Solitaire,-82.2087622,8.656282
Black-faced Solitaire,-82.5059509,8.847079
Black-faced Solitaire,-82.579422,8.8504713
Black-faced Solitaire,-82.6011372,8.7458874
Black-faced Solitaire,-82.4407411,8.7808792
Black-faced Solitaire,-82.5744867,8.8168855
Black-faced Solitaire,-82.3973,8.7835
Black-faced Solitaire,-82.3934,8.8077
Black-faced Solitaire,-82.2200567,8.6830924
Black-faced Solitaire,-82.67613,8.763977
Black-faced Solitaire,-82.2395325,8.7140738
Black-faced Solitaire,-82.76,8.8447222
Black-faced Solitaire,-82.23745,8.72375
Black-faced Solitaire,-82.4172878,8.8198541
Black-faced Solitaire,-82.5614319,8.8411083
Black-faced Solitaire,-82.415657,8.7511648
Black-faced Solitaire,-82.6303433,8.7703393
Black-faced Solitaire,-82.745,8.8630556
Black-faced Solitaire,-82.7461481,8.9060168
Black-faced Solitaire,-82.7370286,8.8988939
Black-faced Solitaire,-82.2285442,8.7156594
Black-faced Solitaire,-82.5898933,8.8767611
Black-faced Solitaire,-82.4826908,8.8312007
Black-faced Solitaire,-82.6565889,8.7921713
Black-faced Solitaire,-82.576415,8.8043
Black-faced Solitaire,-82.4619198,8.8128992
Black-faced Solitaire,-82.540048,8.807003
Black-faced Solitaire,-82.5751305,8.8927884
Black-faced Solitaire,-82.6872571,8.7855674
Black-faced Solitaire,-82.5290394,8.8198852
Black-faced Solitaire,-82.5535211,8.8757758
Black-faced Solitaire,-82.4734211,8.828166
Black-faced Solitaire,-81.787,8.503
Black-faced Solitaire,-82.5506902,8.8411749
Black-faced Solitaire,-82.2257996,8.6921392
Black-faced Solitaire,-82.5885201,8.8938908
Black-faced Solitaire,-82.4760818,8.8186879
Black-faced Solitaire,-82.5186539,8.8018727
Black-faced Solitaire,-82.5655094,8.8596359
Black-faced Solitaire,-82.4153533,8.8051489
Black-faced Solitaire,-82.4134684,8.7855021
Black-faced Solitaire,-82.5632215,8.8710369
Black-faced Solitaire,-82.6133305,8.8337371
Black-faced Solitaire,-82.4289018,8.7968895
Black-faced Solitaire,-82.48312,8.8128214
Black-faced Solitaire,-82.5326443,8.8436018
Black-faced Solitaire,-82.2287816,8.7465034
Black-faced Solitaire,-82.402832,8.806792
Black-faced Solitaire,-82.5159931,8.8438562
Black-faced Solitaire,-82.48857,8.84707
Black-faced Solitaire,-82.432,8.775
Black-faced Solitaire,-82.67323,8.83747
Black-faced Solitaire,-82.48911,8.79673
Black-faced Solitaire,-82.5437068,8.8492593
Black-faced Solitaire,-82.570796,8.8837459
Black-faced Solitaire,-82.376883,8.7702915
Black-faced Solitaire,-82.5945161,8.8548134
Black-faced Solitaire,-82.4810332,8.8419586
Black-faced Solitaire,-82.5013818,8.795735
Black-faced Solitaire,-82.6104091,8.8904706
Black-faced Solitaire,-82.6484775,8.8376498
Black-faced Solitaire,-82.5989199,8.7338268
Black-faced Solitaire,-82.2188911,8.6740926
Black-faced Solitaire,-82.5951719,8.7835936
Black-faced Solitaire,-82.683709,8.882855
Black-faced Solitaire,-81.8043762,8.5155968
Black-faced Solitaire,-81.79255,8.51591
Black-faced Solitaire,-81.76743,8.48257
Black-faced Solitaire,-82.208789,8.777415
Black-faced Solitaire,-81.769387,8.494411
Black-faced Solitaire,-82.2121253,8.786267
Black-faced Solitaire,-82.191039,8.779642
