COMMONNAME,LONGITUDE,LATITUDE
Black-thighed Grosbeak,-84.7209835,10.3049548
Black-thighed Grosbeak,-84.44384,10.18659
Black-thighed Grosbeak,-84.2302895,10.1993794
Black-thighed Grosbeak,-84.30387,10.21002
Black-thighed Grosbeak,-84.6669102,10.3501303
Black-thighed Grosbeak,-84.3172317,10.2057403
Black-thighed Grosbeak,-84.4846272,10.2028956
Black-thighed Grosbeak,-84.3427277,10.1796963
Black-thighed Grosbeak,-84.7107,10.4361
Black-thighed Grosbeak,-85.0539207,10.7263933
Black-thighed Grosbeak,-84.7251892,10.3990138
Black-thighed Grosbeak,-84.7864723,10.3169459
Black-thighed Grosbeak,-84.7567749,10.3588269
Black-thighed Grosbeak,-84.7296524,10.3888831
Black-thighed Grosbeak,-84.5422282,10.2317314
Black-thighed Grosbeak,-84.5755906,10.1718244
Black-thighed Grosbeak,-84.6868443,10.5053976
Black-thighed Grosbeak,-84.6603012,10.4502474
Black-thighed Grosbeak,-84.2359457,10.1837344
Black-thighed Grosbeak,-84.322103,10.243454
Black-thighed Grosbeak,-84.2102253,10.1578116
Black-thighed Grosbeak,-84.2256319,10.1676302
Black-thighed Grosbeak,-84.65053,10.22864
Black-thighed Grosbeak,-84.3224909,10.1669354
Black-thighed Grosbeak,-84.6123905,10.2052588
Black-thighed Grosbeak,-84.2268562,10.1883976
Black-thighed Grosbeak,-84.360403,10.255838
Black-thighed Grosbeak,-84.3804932,10.2362926
Black-thighed Grosbeak,-84.3383333,10.2186111
Black-thighed Grosbeak,-84.2651314,10.0898522
Black-thighed Grosbeak,-84.2221355,10.1559566
Black-thighed Grosbeak,-84.1957426,10.1632223
Black-thighed Grosbeak,-84.7746277,10.3882077
Black-thighed Grosbeak,-84.734283,10.4220092
Black-thighed Grosbeak,-84.1930389,10.1508875
Black-thighed Grosbeak,-84.4059849,10.0856567
Black-thighed Grosbeak,-85.0408257,10.7130107
Black-thighed Grosbeak,-84.3554306,10.2318159
Black-thighed Grosbeak,-84.7211552,11.019665
Black-thighed Grosbeak,-84.65561,10.4167
Black-thighed Grosbeak,-84.4110918,10.2285868
Black-thighed Grosbeak,-84.1727829,10.2524249
Black-thighed Grosbeak,-84.16696,10.22171
Black-thighed Grosbeak,-84.384754,10.249599
Black-thighed Grosbeak,-84.36512,10.18146
Black-thighed Grosbeak,-84.3730474,10.2541352
Black-thighed Grosbeak,-84.31103,10.18343
Black-thighed Grosbeak,-84.7857428,10.3009013
Black-thighed Grosbeak,-84.348858,10.172855
Black-thighed Grosbeak,-84.367826,10.242279
Black-thighed Grosbeak,-84.3803912,10.2149962
Black-thighed Grosbeak,-84.732779,10.462502
Black-thighed Grosbeak,-85.0018144,10.7140357
Black-thighed Grosbeak,-84.6645646,10.440918
Black-thighed Grosbeak,-83.8267136,9.7456028
Black-thighed Grosbeak,-83.8454247,9.9788256
Black-thighed Grosbeak,-83.6675556,9.5547306
Black-thighed Grosbeak,-83.5690498,9.771487
Black-thighed Grosbeak,-83.9283371,9.7922944
Black-thighed Grosbeak,-83.5640073,9.7932459
Black-thighed Grosbeak,-83.5638,9.83193
Black-thighed Grosbeak,-83.796694,9.746406
Black-thighed Grosbeak,-83.7838937,9.7590273
Black-thighed Grosbeak,-83.8859972,9.9437028
Black-thighed Grosbeak,-83.77548,9.75043
Black-thighed Grosbeak,-83.8081,9.6336
Black-thighed Grosbeak,-83.7086391,9.5638499
Black-thighed Grosbeak,-83.8487111,9.8417667
Black-thighed Grosbeak,-83.9116859,9.7866472
Black-thighed Grosbeak,-83.8660669,9.9434892
Black-thighed Grosbeak,-83.89909,9.94824
Black-thighed Grosbeak,-83.75147,9.78404
Black-thighed Grosbeak,-83.8854111,9.957325
Black-thighed Grosbeak,-83.8556385,9.768738
Black-thighed Grosbeak,-84.7981721,10.3833431
Black-thighed Grosbeak,-84.790634,10.3410134
Black-thighed Grosbeak,-84.7903551,10.3637661
Black-thighed Grosbeak,-84.7985744,10.3196059
Black-thighed Grosbeak,-84.81015,10.33648
Black-thighed Grosbeak,-84.8029518,10.3435753
Black-thighed Grosbeak,-84.0677,10.4502
Black-thighed Grosbeak,-84.0342377,10.3025809
Black-thighed Grosbeak,-84.0128,10.4288
Black-thighed Grosbeak,-84.1581863,10.1596001
Black-thighed Grosbeak,-84.04489,10.28173
Black-thighed Grosbeak,-84.1091224,10.1353215
Black-thighed Grosbeak,-84.1615927,10.2689153
Black-thighed Grosbeak,-83.984278,10.4486725
Black-thighed Grosbeak,-84.0892468,10.0422647
Black-thighed Grosbeak,-83.9595795,10.2628978
Black-thighed Grosbeak,-84.0036323,10.4537639
Black-thighed Grosbeak,-83.974396,10.1601017
Black-thighed Grosbeak,-84.0887332,10.0872778
Black-thighed Grosbeak,-84.0809333,10.0196521
Black-thighed Grosbeak,-84.0034175,10.4310055
Black-thighed Grosbeak,-84.1578323,10.1728747
Black-thighed Grosbeak,-84.0606236,10.09191
Black-thighed Grosbeak,-83.9189645,10.3243756
Black-thighed Grosbeak,-84.0076017,10.4390267
Black-thighed Grosbeak,-84.1618352,10.2038227
Black-thighed Grosbeak,-84.147713,10.1501209
Black-thighed Grosbeak,-83.8685131,10.1069652
Black-thighed Grosbeak,-83.8257694,10.1813859
Black-thighed Grosbeak,-83.81523,10.11968
Black-thighed Grosbeak,-83.9133704,10.1736581
Black-thighed Grosbeak,-83.9303324,10.1744332
Black-thighed Grosbeak,-83.6297917,10.0676389
Black-thighed Grosbeak,-83.9160633,10.182822
Black-thighed Grosbeak,-83.572276,10.135518
Black-thighed Grosbeak,-83.2602224,9.2502935
Black-thighed Grosbeak,-82.9713249,8.8208719
Black-thighed Grosbeak,-83.3506966,9.2627463
Black-thighed Grosbeak,-84.81654,10.30386
Black-thighed Grosbeak,-83.00813,9.02945
Black-thighed Grosbeak,-82.8796577,8.8478423
Black-thighed Grosbeak,-84.6735191,10.2113745
Black-thighed Grosbeak,-82.9608536,8.7858414
Black-thighed Grosbeak,-84.8090887,10.3187614
Black-thighed Grosbeak,-83.2907867,9.3352518
Black-thighed Grosbeak,-82.850647,8.8696376
Black-thighed Grosbeak,-84.79119,10.28128
Black-thighed Grosbeak,-82.987968,9.047242
Black-thighed Grosbeak,-82.7900194,8.9038472
Black-thighed Grosbeak,-82.9283624,8.8639472
Black-thighed Grosbeak,-84.8051376,10.3078434
Black-thighed Grosbeak,-83.017416,9.0378506
Black-thighed Grosbeak,-82.8760529,8.9544321
Black-thighed Grosbeak,-84.835436,10.323293
Black-thighed Grosbeak,-84.7929525,10.3077204
Black-thighed Grosbeak,-84.8022652,10.2983046
Black-thighed Grosbeak,-83.8067326,9.5757664
Black-thighed Grosbeak,-83.7513028,9.5677444
Black-thighed Grosbeak,-83.8449097,9.5696052
Black-thighed Grosbeak,-83.7640572,9.5540741
Black-thighed Grosbeak,-83.8001728,9.5657371
Black-thighed Grosbeak,-83.8648471,9.668654
Black-thighed Grosbeak,-83.5981464,9.39123
Black-thighed Grosbeak,-83.7678299,9.5965791
Black-thighed Grosbeak,-83.8018781,9.5474956
Black-thighed Grosbeak,-83.8153472,9.6157111
Black-thighed Grosbeak,-83.993053,10.129258
Black-thighed Grosbeak,-83.5487938,9.4575283
Black-thighed Grosbeak,-83.7018567,9.4623012
Black-thighed Grosbeak,-83.8260518,9.5432129
Black-thighed Grosbeak,-83.704319,9.3735314
Black-thighed Grosbeak,-83.8634795,9.5315465
Black-thighed Grosbeak,-83.877427,9.666833
Black-thighed Grosbeak,-83.817314,9.538318
Black-thighed Grosbeak,-83.9070511,9.6603232
Black-thighed Grosbeak,-83.8035336,9.5573486
Black-thighed Grosbeak,-83.80024,9.58376
Black-thighed Grosbeak,-83.8562011,9.6409085
Black-thighed Grosbeak,-84.0749338,9.7062102
Black-thighed Grosbeak,-83.82256,9.60596
Black-thighed Grosbeak,-83.9381358,10.1620582
Black-thighed Grosbeak,-83.9775181,9.6065046
Black-thighed Grosbeak,-83.7916594,9.331043
Black-thighed Grosbeak,-83.9708233,9.6411407
Black-thighed Grosbeak,-83.577531,9.4721061
Black-thighed Grosbeak,-83.7097907,9.5092669
Black-thighed Grosbeak,-83.7454989,9.489669
Black-thighed Grosbeak,-83.730735,9.494004
Black-thighed Grosbeak,-83.9507155,10.0179693
Black-thighed Grosbeak,-83.6879253,9.5527283
Black-thighed Grosbeak,-83.8511324,9.6534271
Black-thighed Grosbeak,-83.8659811,9.5558402
Black-thighed Grosbeak,-83.9280556,10.035
Black-thighed Grosbeak,-83.8132215,9.5465156
Black-thighed Grosbeak,-80.5926247,8.6680405
Black-thighed Grosbeak,-82.5326443,8.8436018
Black-thighed Grosbeak,-82.2287816,8.7465034
Black-thighed Grosbeak,-82.2181606,8.7383372
Black-thighed Grosbeak,-82.573638,8.852224
Black-thighed Grosbeak,-82.48312,8.8128214
Black-thighed Grosbeak,-82.5159931,8.8438562
Black-thighed Grosbeak,-82.576415,8.8043
Black-thighed Grosbeak,-82.5668639,8.8696521
Black-thighed Grosbeak,-82.5967598,8.8486267
Black-thighed Grosbeak,-82.4407411,8.7808792
Black-thighed Grosbeak,-82.6151728,8.8935469
Black-thighed Grosbeak,-82.2395325,8.7140738
Black-thighed Grosbeak,-82.5885201,8.8938908
Black-thighed Grosbeak,-82.5535211,8.8757758
Black-thighed Grosbeak,-81.787,8.503
Black-thighed Grosbeak,-82.2375741,8.7310428
Black-thighed Grosbeak,-82.5627708,8.8835
Black-thighed Grosbeak,-82.4619198,8.8128992
Black-thighed Grosbeak,-82.4760818,8.8186879
Black-thighed Grosbeak,-82.3952723,8.8096566
Black-thighed Grosbeak,-82.4826908,8.8312007
Black-thighed Grosbeak,-82.4293578,8.7936451
Black-thighed Grosbeak,-82.5946033,8.6919087
Black-thighed Grosbeak,-82.4720478,8.8271482
Black-thighed Grosbeak,-82.683709,8.882855
Black-thighed Grosbeak,-82.4047887,8.7829574
Black-thighed Grosbeak,-82.5989199,8.7338268
Black-thighed Grosbeak,-82.48857,8.84707
Black-thighed Grosbeak,-82.544698,8.849896
Black-thighed Grosbeak,-82.432,8.775
Black-thighed Grosbeak,-81.116483,8.5099568
Black-thighed Grosbeak,-82.2121253,8.786267
Black-thighed Grosbeak,-81.79255,8.51591
Black-thighed Grosbeak,-82.20719,8.79421
Black-thighed Grosbeak,-82.1815109,8.7846539
Black-thighed Grosbeak,-81.7725641,8.4967457
Black-thighed Grosbeak,-82.208789,8.777415
