COMMONNAME,LONGITUDE,LATITUDE
Black-billed Nightingale-Thrush,-84.3427277,10.1796963
Black-billed Nightingale-Thrush,-84.2338943,10.1659258
Black-billed Nightingale-Thrush,-84.2083333,10.1833333
Black-billed Nightingale-Thrush,-84.2253113,10.1993794
Black-billed Nightingale-Thrush,-84.1950989,10.1446353
Black-billed Nightingale-Thrush,-84.2311478,10.1880597
Black-billed Nightingale-Thrush,-84.2129517,10.2057994
Black-billed Nightingale-Thrush,-84.2524338,10.1953246
Black-billed Nightingale-Thrush,-84.2488289,10.186663
Black-billed Nightingale-Thrush,-84.3172317,10.2057403
Black-billed Nightingale-Thrush,-84.396046,10.22991
Black-billed Nightingale-Thrush,-84.36936,10.2381
Black-billed Nightingale-Thrush,-84.2362976,10.1993794
Black-billed Nightingale-Thrush,-84.1658306,10.2166117
Black-billed Nightingale-Thrush,-84.214325,10.1928748
Black-billed Nightingale-Thrush,-84.1895092,10.1558088
Black-billed Nightingale-Thrush,-84.2225363,10.1535801
Black-billed Nightingale-Thrush,-84.2289857,10.2095219
Black-billed Nightingale-Thrush,-84.2309726,10.1783002
Black-billed Nightingale-Thrush,-84.2236918,10.1643702
Black-billed Nightingale-Thrush,-84.34975,10.21894
Black-billed Nightingale-Thrush,-84.3804932,10.2362926
Black-billed Nightingale-Thrush,-84.2035009,10.1621082
Black-billed Nightingale-Thrush,-84.1981888,10.1946488
Black-billed Nightingale-Thrush,-84.31103,10.18343
Black-billed Nightingale-Thrush,-84.3554306,10.2318159
Black-billed Nightingale-Thrush,-84.195625,10.211371
Black-billed Nightingale-Thrush,-84.3721461,10.2544252
Black-billed Nightingale-Thrush,-84.1797,10.2113
Black-billed Nightingale-Thrush,-83.801651,9.6136132
Black-billed Nightingale-Thrush,-83.6845779,9.5655426
Black-billed Nightingale-Thrush,-83.6675556,9.5547306
Black-billed Nightingale-Thrush,-83.7903214,9.6022732
Black-billed Nightingale-Thrush,-83.9170074,9.6840141
Black-billed Nightingale-Thrush,-83.7142324,10.0073962
Black-billed Nightingale-Thrush,-83.7595638,10.0184759
Black-billed Nightingale-Thrush,-83.8454247,9.9788256
Black-billed Nightingale-Thrush,-83.7389946,9.5706208
Black-billed Nightingale-Thrush,-83.7755585,9.986856
Black-billed Nightingale-Thrush,-83.7321281,9.5601258
Black-billed Nightingale-Thrush,-83.876388,9.685242
Black-billed Nightingale-Thrush,-83.9139175,9.7191168
Black-billed Nightingale-Thrush,-83.7803021,10.0049211
Black-billed Nightingale-Thrush,-83.7608814,9.5803313
Black-billed Nightingale-Thrush,-83.920154,9.702564
Black-billed Nightingale-Thrush,-83.8862103,9.9436424
Black-billed Nightingale-Thrush,-83.851819,9.9523025
Black-billed Nightingale-Thrush,-83.8333654,9.6305379
Black-billed Nightingale-Thrush,-83.8345242,9.962144
Black-billed Nightingale-Thrush,-83.8268852,9.9685125
Black-billed Nightingale-Thrush,-83.89909,9.94824
Black-billed Nightingale-Thrush,-83.7941837,9.9835762
Black-billed Nightingale-Thrush,-83.86262,9.94508
Black-billed Nightingale-Thrush,-83.887183,9.680963
Black-billed Nightingale-Thrush,-83.8592327,9.6744956
Black-billed Nightingale-Thrush,-83.8854111,9.957325
Black-billed Nightingale-Thrush,-83.8430214,9.9993346
Black-billed Nightingale-Thrush,-83.7580383,10.0035714
Black-billed Nightingale-Thrush,-83.845479,9.958834
Black-billed Nightingale-Thrush,-83.8348889,9.9808801
Black-billed Nightingale-Thrush,-84.121346,10.13362
Black-billed Nightingale-Thrush,-84.1018524,10.1289488
Black-billed Nightingale-Thrush,-84.0755,10.0998
Black-billed Nightingale-Thrush,-84.0855467,10.0811885
Black-billed Nightingale-Thrush,-84.0822089,10.0723776
Black-billed Nightingale-Thrush,-84.1618352,10.2038227
Black-billed Nightingale-Thrush,-84.0773086,10.086496
Black-billed Nightingale-Thrush,-84.0965059,10.1385986
Black-billed Nightingale-Thrush,-84.1091224,10.1353215
Black-billed Nightingale-Thrush,-84.060101,10.092134
Black-billed Nightingale-Thrush,-84.1588247,10.1621135
Black-billed Nightingale-Thrush,-82.9617,9.1116
Black-billed Nightingale-Thrush,-83.0470276,9.2729115
Black-billed Nightingale-Thrush,-84.811053,10.311797
Black-billed Nightingale-Thrush,-82.977796,9.092198
Black-billed Nightingale-Thrush,-83.37293,9.33463
Black-billed Nightingale-Thrush,-83.0784416,9.2449056
Black-billed Nightingale-Thrush,-83.9473915,10.146832
Black-billed Nightingale-Thrush,-83.6624336,9.5638499
Black-billed Nightingale-Thrush,-83.846301,9.644309
Black-billed Nightingale-Thrush,-83.730735,9.494004
Black-billed Nightingale-Thrush,-83.82256,9.60596
Black-billed Nightingale-Thrush,-83.8394165,9.6237681
Black-billed Nightingale-Thrush,-83.7443161,9.5540318
Black-billed Nightingale-Thrush,-83.6771107,9.5544846
Black-billed Nightingale-Thrush,-83.8952065,9.6112437
Black-billed Nightingale-Thrush,-83.79031,9.54905
Black-billed Nightingale-Thrush,-83.7672973,9.5544444
Black-billed Nightingale-Thrush,-83.7807083,9.5513233
Black-billed Nightingale-Thrush,-84.1602,9.89798
Black-billed Nightingale-Thrush,-83.8023376,9.5668968
Black-billed Nightingale-Thrush,-83.7678299,9.5965791
Black-billed Nightingale-Thrush,-83.8107491,9.5983803
Black-billed Nightingale-Thrush,-83.4873304,9.4783551
Black-billed Nightingale-Thrush,-83.8153472,9.6157111
Black-billed Nightingale-Thrush,-83.8655949,9.6624385
Black-billed Nightingale-Thrush,-83.7499678,9.5665718
Black-billed Nightingale-Thrush,-83.5487938,9.4575283
Black-billed Nightingale-Thrush,-83.7911824,9.5766644
Black-billed Nightingale-Thrush,-83.8018781,9.5474956
Black-billed Nightingale-Thrush,-83.8280642,9.5611562
Black-billed Nightingale-Thrush,-83.7560749,9.5545396
Black-billed Nightingale-Thrush,-83.865768,9.6436025
Black-billed Nightingale-Thrush,-83.8511324,9.6534271
Black-billed Nightingale-Thrush,-83.866882,9.653216
Black-billed Nightingale-Thrush,-83.8881683,9.6691229
Black-billed Nightingale-Thrush,-83.8260518,9.5432129
Black-billed Nightingale-Thrush,-83.9381358,10.1620582
Black-billed Nightingale-Thrush,-84.1487503,9.8775403
Black-billed Nightingale-Thrush,-83.7978959,9.5967935
Black-billed Nightingale-Thrush,-83.795407,9.533767
Black-billed Nightingale-Thrush,-83.8006264,9.5778653
Black-billed Nightingale-Thrush,-83.8132215,9.5465156
Black-billed Nightingale-Thrush,-83.817314,9.538318
Black-billed Nightingale-Thrush,-83.890934,9.6033023
Black-billed Nightingale-Thrush,-83.83265,9.59685
Black-billed Nightingale-Thrush,-83.8961077,9.6620154
Black-billed Nightingale-Thrush,-83.8562011,9.6409085
Black-billed Nightingale-Thrush,-83.8743067,9.6700846
Black-billed Nightingale-Thrush,-83.7993672,9.5879212
Black-billed Nightingale-Thrush,-83.7113571,9.5262687
Black-billed Nightingale-Thrush,-83.951683,9.7213697
Black-billed Nightingale-Thrush,-83.7097907,9.5092669
Black-billed Nightingale-Thrush,-83.7068617,9.5563276
Black-billed Nightingale-Thrush,-83.716188,9.5565681
Black-billed Nightingale-Thrush,-83.6879253,9.5527283
Black-billed Nightingale-Thrush,-83.8897777,9.5357754
Black-billed Nightingale-Thrush,-83.84443,9.63202
Black-billed Nightingale-Thrush,-83.866024,9.5541164
Black-billed Nightingale-Thrush,-83.8035336,9.5573486
Black-billed Nightingale-Thrush,-83.9070511,9.6603232
Black-billed Nightingale-Thrush,-83.8526059,9.5670506
Black-billed Nightingale-Thrush,-83.9280556,10.035
Black-billed Nightingale-Thrush,-82.6920319,8.9669687
Black-billed Nightingale-Thrush,-82.5653458,8.9159378
Black-billed Nightingale-Thrush,-82.6050639,8.8387059
Black-billed Nightingale-Thrush,-82.4782499,8.8446438
Black-billed Nightingale-Thrush,-82.5522995,8.8562383
Black-billed Nightingale-Thrush,-82.585001,8.8576574
Black-billed Nightingale-Thrush,-82.576415,8.8043
Black-billed Nightingale-Thrush,-82.6988983,8.8150083
Black-billed Nightingale-Thrush,-82.579422,8.8504713
Black-billed Nightingale-Thrush,-82.6151728,8.8935469
Black-billed Nightingale-Thrush,-82.2381592,8.7279873
Black-billed Nightingale-Thrush,-82.5614319,8.8411083
Black-billed Nightingale-Thrush,-82.5438074,8.7988297
Black-billed Nightingale-Thrush,-82.6303433,8.7703393
Black-billed Nightingale-Thrush,-82.50675,8.79671
Black-billed Nightingale-Thrush,-82.5159931,8.8438562
Black-billed Nightingale-Thrush,-82.48312,8.81282
Black-billed Nightingale-Thrush,-82.5751305,8.8927884
Black-billed Nightingale-Thrush,-82.3952723,8.8096566
Black-billed Nightingale-Thrush,-82.5290394,8.8198852
Black-billed Nightingale-Thrush,-82.5186539,8.8018727
Black-billed Nightingale-Thrush,-81.787,8.503
Black-billed Nightingale-Thrush,-82.5668049,8.8697436
Black-billed Nightingale-Thrush,-82.5744867,8.8168855
Black-billed Nightingale-Thrush,-82.5535211,8.8757758
Black-billed Nightingale-Thrush,-82.5326443,8.8436018
Black-billed Nightingale-Thrush,-82.4826908,8.8312007
Black-billed Nightingale-Thrush,-82.54773,8.80782
Black-billed Nightingale-Thrush,-82.544698,8.849896
