species,longitude,latitude
Black-cheeked Warbler,-84.1692553,10.3124029
Black-cheeked Warbler,-84.2302895,10.1993794
Black-cheeked Warbler,-84.1668777,10.2146326
Black-cheeked Warbler,-84.3413544,10.16525
Black-cheeked Warbler,-84.32112,10.20177
Black-cheeked Warbler,-84.2474593,10.1913675
Black-cheeked Warbler,-84.2435762,10.1830586
Black-cheeked Warbler,-84.332469,10.22067
Black-cheeked Warbler,-84.2102253,10.1578116
Black-cheeked Warbler,-84.30387,10.21002
Black-cheeked Warbler,-84.232739,10.190018
Black-cheeked Warbler,-84.34975,10.21894
Black-cheeked Warbler,-84.3053913,10.1279906
Black-cheeked Warbler,-84.3804932,10.2362926
Black-cheeked Warbler,-84.1981888,10.1946488
Black-cheeked Warbler,-84.2276244,10.1601302
Black-cheeked Warbler,-84.2714839,10.2539452
Black-cheeked Warbler,-84.1930389,10.1508875
Black-cheeked Warbler,-84.3554306,10.2318159
Black-cheeked Warbler,-84.195625,10.211371
Black-cheeked Warbler,-84.198604,10.1610159
Black-cheeked Warbler,-84.365405,10.25598
Black-cheeked Warbler,-84.247033,10.154858
Black-cheeked Warbler,-84.32905,10.284363
Black-cheeked Warbler,-84.347298,10.185036
Black-cheeked Warbler,-84.2456317,10.1439594
Black-cheeked Warbler,-84.237627,10.167108
Black-cheeked Warbler,-84.36512,10.18146
Black-cheeked Warbler,-84.2138486,10.0164402
Black-cheeked Warbler,-83.78088,9.6054891
Black-cheeked Warbler,-83.8454247,9.9788256
Black-cheeked Warbler,-83.5638,9.83193
Black-cheeked Warbler,-83.8916016,9.6725073
Black-cheeked Warbler,-83.8615,9.94519
Black-cheeked Warbler,-83.8466424,9.9552969
Black-cheeked Warbler,-83.7389946,9.5706208
Black-cheeked Warbler,-83.8333333,9.65
Black-cheeked Warbler,-83.6069441,9.8502578
Black-cheeked Warbler,-83.8859972,9.9437028
Black-cheeked Warbler,-83.9139175,9.7191168
Black-cheeked Warbler,-83.8327217,9.8284082
Black-cheeked Warbler,-83.8081,9.6336
Black-cheeked Warbler,-83.7239313,9.5582003
Black-cheeked Warbler,-83.7089109,9.5657429
Black-cheeked Warbler,-83.831453,9.6335
Black-cheeked Warbler,-83.8487111,9.8417667
Black-cheeked Warbler,-83.920154,9.702564
Black-cheeked Warbler,-83.8854111,9.957325
Black-cheeked Warbler,-83.888855,9.7043194
Black-cheeked Warbler,-83.6675556,9.5547306
Black-cheeked Warbler,-83.8495162,9.7864955
Black-cheeked Warbler,-83.8283873,9.9664667
Black-cheeked Warbler,-83.89909,9.94824
Black-cheeked Warbler,-83.7941837,9.9835762
Black-cheeked Warbler,-83.7306422,9.9824287
Black-cheeked Warbler,-83.8430214,9.9993346
Black-cheeked Warbler,-83.76348,9.91539
Black-cheeked Warbler,-83.770129,9.9972372
Black-cheeked Warbler,-83.7838937,9.7590273
Black-cheeked Warbler,-83.894002,9.695086
Black-cheeked Warbler,-83.8348889,9.9808801
Black-cheeked Warbler,-83.719275,10.0008032
Black-cheeked Warbler,-83.5724509,9.8251575
Black-cheeked Warbler,-83.9508786,9.7953079
Black-cheeked Warbler,-83.9599228,9.9495338
Black-cheeked Warbler,-83.7796569,10.0047759
Black-cheeked Warbler,-83.7936151,10.0052831
Black-cheeked Warbler,-83.7580383,10.0035714
Black-cheeked Warbler,-83.876388,9.685242
Black-cheeked Warbler,-83.9635706,9.9408684
Black-cheeked Warbler,-84.0789163,9.9809389
Black-cheeked Warbler,-84.1554022,10.1814168
Black-cheeked Warbler,-84.1168845,10.191538
Black-cheeked Warbler,-84.0673828,10.2176254
Black-cheeked Warbler,-84.0806651,10.07934
Black-cheeked Warbler,-84.0965059,10.1385986
Black-cheeked Warbler,-84.1612172,10.1602232
Black-cheeked Warbler,-84.0606236,10.09191
Black-cheeked Warbler,-84.0491939,10.0923001
Black-cheeked Warbler,-84.06846,10.07764
Black-cheeked Warbler,-84.091102,10.080048
Black-cheeked Warbler,-84.0713285,10.0865664
Black-cheeked Warbler,-84.1091224,10.1353215
Black-cheeked Warbler,-84.1618352,10.2038227
Black-cheeked Warbler,-84.147713,10.1501209
Black-cheeked Warbler,-84.1075328,10.0289611
Black-cheeked Warbler,-83.4864581,10.0709674
Black-cheeked Warbler,-82.9617,9.1116
Black-cheeked Warbler,-83.0470276,9.2729115
Black-cheeked Warbler,-83.5518837,10.0103123
Black-cheeked Warbler,-83.494137,9.493671
Black-cheeked Warbler,-83.6987204,10.2476156
Black-cheeked Warbler,-83.370689,9.320131
Black-cheeked Warbler,-82.977467,9.075691
Black-cheeked Warbler,-82.7819824,8.9312004
Black-cheeked Warbler,-83.37293,9.33463
Black-cheeked Warbler,-82.7418137,8.9454448
Black-cheeked Warbler,-83.00813,9.02945
Black-cheeked Warbler,-82.773487,8.9720383
Black-cheeked Warbler,-82.9608536,8.7858414
Black-cheeked Warbler,-82.9083252,8.8077253
Black-cheeked Warbler,-83.9473915,10.146832
Black-cheeked Warbler,-83.846301,9.644309
Black-cheeked Warbler,-83.8001728,9.5657371
Black-cheeked Warbler,-83.75,9.5666667
Black-cheeked Warbler,-83.6771107,9.5544846
Black-cheeked Warbler,-83.9495802,9.7227427
Black-cheeked Warbler,-83.8952065,9.6112437
Black-cheeked Warbler,-83.8419914,9.6140758
Black-cheeked Warbler,-83.7753,9.55438
Black-cheeked Warbler,-83.79031,9.54905
Black-cheeked Warbler,-83.9777005,9.9654903
Black-cheeked Warbler,-83.7913513,9.5872091
Black-cheeked Warbler,-83.730735,9.494004
Black-cheeked Warbler,-83.7913303,9.5696233
Black-cheeked Warbler,-83.7678299,9.5965791
Black-cheeked Warbler,-83.8107491,9.5983803
Black-cheeked Warbler,-84.2223179,9.9335977
Black-cheeked Warbler,-83.962326,9.6522002
Black-cheeked Warbler,-83.8375711,9.6256335
Black-cheeked Warbler,-83.8634795,9.5315465
Black-cheeked Warbler,-83.7454989,9.489669
Black-cheeked Warbler,-83.8280642,9.5611562
Black-cheeked Warbler,-83.8290174,9.5914089
Black-cheeked Warbler,-83.865768,9.6436025
Black-cheeked Warbler,-83.8696504,9.658504
Black-cheeked Warbler,-83.7133544,9.5526229
Black-cheeked Warbler,-83.92765,9.649873
Black-cheeked Warbler,-83.7660741,9.551997
Black-cheeked Warbler,-83.8260518,9.5432129
Black-cheeked Warbler,-83.8135052,9.5512193
Black-cheeked Warbler,-83.9506531,9.7362207
Black-cheeked Warbler,-83.80119,9.57679
Black-cheeked Warbler,-83.877427,9.666833
Black-cheeked Warbler,-83.8581276,9.6571925
Black-cheeked Warbler,-83.795407,9.533767
Black-cheeked Warbler,-83.8018781,9.5474956
Black-cheeked Warbler,-83.7560749,9.5545396
Black-cheeked Warbler,-83.5754871,9.4642675
Black-cheeked Warbler,-83.9158015,9.6452447
Black-cheeked Warbler,-83.75692,9.57327
Black-cheeked Warbler,-83.82256,9.60596
Black-cheeked Warbler,-83.890934,9.6033023
Black-cheeked Warbler,-84.0749338,9.7062102
Black-cheeked Warbler,-83.6983538,9.471444
Black-cheeked Warbler,-83.7097907,9.5092669
Black-cheeked Warbler,-84.1487503,9.8775403
Black-cheeked Warbler,-83.8268423,9.6188176
Black-cheeked Warbler,-83.8315201,9.5320556
Black-cheeked Warbler,-83.9939761,9.9628486
Black-cheeked Warbler,-83.866024,9.5541164
Black-cheeked Warbler,-83.8035336,9.5573486
Black-cheeked Warbler,-84.10525,9.74232
Black-cheeked Warbler,-83.8526059,9.5670506
Black-cheeked Warbler,-84.032793,9.6961128
Black-cheeked Warbler,-83.964331,9.619976
Black-cheeked Warbler,-83.9617467,9.666923
Black-cheeked Warbler,-83.5631213,9.4623898
Black-cheeked Warbler,-83.9851463,9.5512386
Black-cheeked Warbler,-83.9070511,9.6603232
Black-cheeked Warbler,-83.8631916,9.5409546
Black-cheeked Warbler,-83.84443,9.63202
Black-cheeked Warbler,-83.817314,9.538318
Black-cheeked Warbler,-83.8006683,9.589312
Black-cheeked Warbler,-83.7952137,9.600812
Black-cheeked Warbler,-83.8648471,9.668654
Black-cheeked Warbler,-83.9611366,9.9908858
Black-cheeked Warbler,-83.704319,9.3735314
Black-cheeked Warbler,-83.8174,9.6136
Black-cheeked Warbler,-83.5487938,9.4575283
Black-cheeked Warbler,-83.6327632,9.5011837
Black-cheeked Warbler,-83.860558,9.6097932
Black-cheeked Warbler,-83.9251133,10.0312611
Black-cheeked Warbler,-83.6895769,9.5546438
Black-cheeked Warbler,-83.953064,10.011193
Black-cheeked Warbler,-83.8863833,9.6613642
Black-cheeked Warbler,-83.8490832,9.6535991
Black-cheeked Warbler,-83.4979336,9.395757
Black-cheeked Warbler,-83.5846522,9.4693282
Black-cheeked Warbler,-83.4873304,9.4783551
Black-cheeked Warbler,-83.9351402,10.0311488
Black-cheeked Warbler,-83.9454298,10.0252003
Black-cheeked Warbler,-82.6920319,8.9669687
Black-cheeked Warbler,-82.5313568,8.8972828
Black-cheeked Warbler,-82.5653458,8.9159378
Black-cheeked Warbler,-82.539236,8.866268
Black-cheeked Warbler,-82.5693798,8.862514
Black-cheeked Warbler,-82.5522995,8.8562383
Black-cheeked Warbler,-82.4376297,8.8117965
Black-cheeked Warbler,-82.442007,8.792967
Black-cheeked Warbler,-82.6322316,8.7727144
Black-cheeked Warbler,-82.6988983,8.8150083
Black-cheeked Warbler,-82.5744867,8.8168855
Black-cheeked Warbler,-82.6154094,8.8996999
Black-cheeked Warbler,-82.579422,8.8504713
Black-cheeked Warbler,-82.67613,8.763977
Black-cheeked Warbler,-82.4261284,8.8066226
Black-cheeked Warbler,-82.576415,8.8043
Black-cheeked Warbler,-82.2287816,8.7465034
Black-cheeked Warbler,-82.6122293,8.8742114
Black-cheeked Warbler,-82.2087622,8.656282
Black-cheeked Warbler,-82.4170303,8.80552
Black-cheeked Warbler,-82.5614319,8.8411083
Black-cheeked Warbler,-82.415657,8.7511648
Black-cheeked Warbler,-82.50675,8.79671
Black-cheeked Warbler,-82.7461481,8.9060168
Black-cheeked Warbler,-82.432,8.775
Black-cheeked Warbler,-82.6565889,8.7921713
Black-cheeked Warbler,-82.5885201,8.8938908
Black-cheeked Warbler,-82.5802803,8.8991822
Black-cheeked Warbler,-82.3952723,8.8096566
Black-cheeked Warbler,-82.5290394,8.8198852
Black-cheeked Warbler,-82.5326443,8.8436018
Black-cheeked Warbler,-82.6104091,8.8904706
Black-cheeked Warbler,-82.5535211,8.8757758
Black-cheeked Warbler,-82.5627708,8.8835
Black-cheeked Warbler,-82.4760818,8.8186879
Black-cheeked Warbler,-82.48312,8.8128214
Black-cheeked Warbler,-82.5186539,8.8018727
Black-cheeked Warbler,-82.4693307,8.7311069
Black-cheeked Warbler,-82.5632215,8.8710369
Black-cheeked Warbler,-82.4826908,8.8312007
Black-cheeked Warbler,-81.787,8.503
Black-cheeked Warbler,-82.5159931,8.8438562
Black-cheeked Warbler,-82.4734211,8.828166
Black-cheeked Warbler,-82.5156713,8.8268513
Black-cheeked Warbler,-82.544698,8.849896
Black-cheeked Warbler,-82.4812314,8.841997
Black-cheeked Warbler,-82.4889194,8.8474087
Black-cheeked Warbler,-82.4619198,8.8128992
Black-cheeked Warbler,-82.5945161,8.8548134
Black-cheeked Warbler,-82.69281,8.778466
Black-cheeked Warbler,-82.540048,8.807003
Black-cheeked Warbler,-82.6484775,8.8376498
Black-cheeked Warbler,-82.4047887,8.7829574
Black-cheeked Warbler,-82.683709,8.882855
Black-cheeked Warbler,-80.757544,7.278319
Black-cheeked Warbler,-80.7565933,7.3384822
Black-cheeked Warbler,-80.75075,7.3298056
Black-cheeked Warbler,-81.7383894,8.5346911
Black-cheeked Warbler,-81.7970324,8.5165995
Black-cheeked Warbler,-81.769387,8.494411
