species,longitude,latitude
Black-breasted Wood-Quail,-84.5076513,10.185557
Black-breasted Wood-Quail,-84.44384,10.18659
Black-breasted Wood-Quail,-84.4846272,10.2028956
Black-breasted Wood-Quail,-84.6386719,10.2210041
Black-breasted Wood-Quail,-84.7864723,10.3169459
Black-breasted Wood-Quail,-84.7567749,10.3588269
Black-breasted Wood-Quail,-84.4905,10.2397
Black-breasted Wood-Quail,-84.30387,10.21002
Black-breasted Wood-Quail,-84.41909,10.18033
Black-breasted Wood-Quail,-84.65053,10.22864
Black-breasted Wood-Quail,-84.6123905,10.2052588
Black-breasted Wood-Quail,-84.3804932,10.2362926
Black-breasted Wood-Quail,-85.0408257,10.7130107
Black-breasted Wood-Quail,-84.5799637,10.1574774
Black-breasted Wood-Quail,-84.6666333,10.2012667
Black-breasted Wood-Quail,-84.3172317,10.2057403
Black-breasted Wood-Quail,-84.52129,10.17141
Black-breasted Wood-Quail,-84.7673321,10.3419401
Black-breasted Wood-Quail,-84.49461,10.15406
Black-breasted Wood-Quail,-84.2714839,10.2539452
Black-breasted Wood-Quail,-84.7756577,10.3130615
Black-breasted Wood-Quail,-84.6669102,10.3501303
Black-breasted Wood-Quail,-84.16696,10.22171
Black-breasted Wood-Quail,-84.6614,10.22432
Black-breasted Wood-Quail,-84.1724543,10.2434996
Black-breasted Wood-Quail,-84.37385,10.271354
Black-breasted Wood-Quail,-84.7284937,10.3801029
Black-breasted Wood-Quail,-84.169386,10.209913
Black-breasted Wood-Quail,-84.17019,10.25537
Black-breasted Wood-Quail,-84.5546592,10.1704864
Black-breasted Wood-Quail,-84.7796215,10.3369568
Black-breasted Wood-Quail,-84.5318127,10.14717
Black-breasted Wood-Quail,-83.793,9.731
Black-breasted Wood-Quail,-83.5638,9.83193
Black-breasted Wood-Quail,-83.7797213,9.8178254
Black-breasted Wood-Quail,-83.8267136,9.7456028
Black-breasted Wood-Quail,-83.78266,9.74546
Black-breasted Wood-Quail,-83.8017797,9.7671731
Black-breasted Wood-Quail,-83.9025879,9.8308607
Black-breasted Wood-Quail,-83.5640073,9.7932459
Black-breasted Wood-Quail,-83.5724509,9.8251575
Black-breasted Wood-Quail,-83.8124603,9.7812353
Black-breasted Wood-Quail,-83.75147,9.78404
Black-breasted Wood-Quail,-83.7584293,9.8479034
Black-breasted Wood-Quail,-83.8900264,9.8393738
Black-breasted Wood-Quail,-83.5737276,9.7577839
Black-breasted Wood-Quail,-83.6882043,9.7827945
Black-breasted Wood-Quail,-83.7953746,9.773866
Black-breasted Wood-Quail,-83.9087677,9.7920829
Black-breasted Wood-Quail,-83.8556385,9.768738
Black-breasted Wood-Quail,-83.8547802,9.7574455
Black-breasted Wood-Quail,-83.8870466,9.8007122
Black-breasted Wood-Quail,-83.6924559,9.9426849
Black-breasted Wood-Quail,-83.787532,9.76196
Black-breasted Wood-Quail,-84.790634,10.3410134
Black-breasted Wood-Quail,-85.3497716,10.7728835
Black-breasted Wood-Quail,-84.8078308,10.3728019
Black-breasted Wood-Quail,-84.8026943,10.3372116
Black-breasted Wood-Quail,-84.783082,10.3663412
Black-breasted Wood-Quail,-85.4464447,10.8731652
Black-breasted Wood-Quail,-84.7926409,10.3600889
Black-breasted Wood-Quail,-84.803896,10.3638927
Black-breasted Wood-Quail,-84.823812,10.338459
Black-breasted Wood-Quail,-84.0855467,10.0811885
Black-breasted Wood-Quail,-84.1588247,10.1621135
Black-breasted Wood-Quail,-84.1618352,10.2038227
Black-breasted Wood-Quail,-84.1615927,10.2689153
Black-breasted Wood-Quail,-83.81523,10.11968
Black-breasted Wood-Quail,-83.9133704,10.1736581
Black-breasted Wood-Quail,-83.83838,10.10306
Black-breasted Wood-Quail,-83.9303324,10.1744332
Black-breasted Wood-Quail,-84.8264694,10.2693165
Black-breasted Wood-Quail,-84.7985744,10.3226036
Black-breasted Wood-Quail,-84.8120499,10.3147082
Black-breasted Wood-Quail,-84.6876394,10.2387839
Black-breasted Wood-Quail,-84.7890472,10.3056726
Black-breasted Wood-Quail,-84.8373592,10.3047351
Black-breasted Wood-Quail,-84.8433781,10.325559
Black-breasted Wood-Quail,-84.802639,10.309281
Black-breasted Wood-Quail,-84.6792269,10.252256
Black-breasted Wood-Quail,-84.8008919,10.2981146
Black-breasted Wood-Quail,-84.8241713,10.3109124
Black-breasted Wood-Quail,-84.81654,10.30386
Black-breasted Wood-Quail,-84.8162471,10.3239302
Black-breasted Wood-Quail,-84.7988529,10.2822791
Black-breasted Wood-Quail,-84.7217153,10.2039061
Black-breasted Wood-Quail,-84.6713306,10.2146176
Black-breasted Wood-Quail,-84.817071,10.2679962
Black-breasted Wood-Quail,-84.686826,10.184552
Black-breasted Wood-Quail,-84.8343658,10.3278811
Black-breasted Wood-Quail,-83.7089539,9.4649787
Black-breasted Wood-Quail,-83.9572406,9.9604604
Black-breasted Wood-Quail,-84.0666962,9.5813694
Black-breasted Wood-Quail,-83.9708233,9.6411407
Black-breasted Wood-Quail,-83.9775181,9.6065046
Black-breasted Wood-Quail,-84.384613,9.7043194
Black-breasted Wood-Quail,-83.6878824,9.4377164
Black-breasted Wood-Quail,-84.1608927,9.900964
Black-breasted Wood-Quail,-83.6983538,9.471444
Black-breasted Wood-Quail,-83.9611366,9.9908858
Black-breasted Wood-Quail,-83.8440943,9.5340561
Black-breasted Wood-Quail,-83.866024,9.5541164
Black-breasted Wood-Quail,-83.9454298,10.0252003
Black-breasted Wood-Quail,-83.9251133,10.0312611
Black-breasted Wood-Quail,-83.749515,9.473542
Black-breasted Wood-Quail,-84.4144177,9.7882345
Black-breasted Wood-Quail,-83.9533621,10.0105941
Black-breasted Wood-Quail,-80.5926852,8.6681037
Black-breasted Wood-Quail,-82.67613,8.763977
Black-breasted Wood-Quail,-82.579422,8.8504713
Black-breasted Wood-Quail,-82.5159931,8.8438562
Black-breasted Wood-Quail,-82.4261284,8.8066226
Black-breasted Wood-Quail,-82.5535211,8.8757758
Black-breasted Wood-Quail,-82.5186539,8.8018727
Black-breasted Wood-Quail,-82.223525,8.6814938
Black-breasted Wood-Quail,-82.4866927,8.7960201
Black-breasted Wood-Quail,-81.787,8.503
Black-breasted Wood-Quail,-82.4760818,8.8186879
Black-breasted Wood-Quail,-82.6872571,8.7855674
Black-breasted Wood-Quail,-82.3952723,8.8096566
Black-breasted Wood-Quail,-82.237539,8.747664
Black-breasted Wood-Quail,-82.4826908,8.8312007
Black-breasted Wood-Quail,-82.48312,8.8128214
Black-breasted Wood-Quail,-82.5945161,8.8548134
Black-breasted Wood-Quail,-82.4884549,8.8469253
Black-breasted Wood-Quail,-82.237421,8.722559
Black-breasted Wood-Quail,-82.6484775,8.8376498
Black-breasted Wood-Quail,-82.1815109,8.7846539
Black-breasted Wood-Quail,-82.2049856,8.7632777
Black-breasted Wood-Quail,-82.2121253,8.786267
Black-breasted Wood-Quail,-82.205675,8.7938113
