COMMONNAME,LONGITUDE,LATITUDE
Black-and-yellow Silky-flycatcher,-84.2302895,10.1993794
Black-and-yellow Silky-flycatcher,-84.1692553,10.3124029
Black-and-yellow Silky-flycatcher,-84.2465973,10.1937928
Black-and-yellow Silky-flycatcher,-84.4424629,10.1474235
Black-and-yellow Silky-flycatcher,-84.1668777,10.2146326
Black-and-yellow Silky-flycatcher,-84.1950989,10.1446353
Black-and-yellow Silky-flycatcher,-84.2136383,10.1723465
Black-and-yellow Silky-flycatcher,-84.2359457,10.1837344
Black-and-yellow Silky-flycatcher,-84.2300425,10.1699529
Black-and-yellow Silky-flycatcher,-84.3427277,10.1796963
Black-and-yellow Silky-flycatcher,-84.2277145,10.1902561
Black-and-yellow Silky-flycatcher,-84.31,10.2034333
Black-and-yellow Silky-flycatcher,-84.7864723,10.3169459
Black-and-yellow Silky-flycatcher,-84.599576,10.3337496
Black-and-yellow Silky-flycatcher,-84.2555237,10.190594
Black-and-yellow Silky-flycatcher,-84.5755906,10.1718244
Black-and-yellow Silky-flycatcher,-84.384054,10.24997
Black-and-yellow Silky-flycatcher,-84.32112,10.20177
Black-and-yellow Silky-flycatcher,-84.2166667,10.0166667
Black-and-yellow Silky-flycatcher,-84.2496872,10.1818083
Black-and-yellow Silky-flycatcher,-84.1895092,10.1558088
Black-and-yellow Silky-flycatcher,-84.2102253,10.1578116
Black-and-yellow Silky-flycatcher,-84.2396828,10.175308
Black-and-yellow Silky-flycatcher,-84.367826,10.242279
Black-and-yellow Silky-flycatcher,-84.325207,10.17171
Black-and-yellow Silky-flycatcher,-84.359531,10.202306
Black-and-yellow Silky-flycatcher,-84.2163849,10.1916077
Black-and-yellow Silky-flycatcher,-84.3804932,10.2362926
Black-and-yellow Silky-flycatcher,-84.1981888,10.1946488
Black-and-yellow Silky-flycatcher,-84.3383333,10.2186111
Black-and-yellow Silky-flycatcher,-84.1673112,10.125667
Black-and-yellow Silky-flycatcher,-84.7835139,10.2986889
Black-and-yellow Silky-flycatcher,-84.2276244,10.1601302
Black-and-yellow Silky-flycatcher,-84.31103,10.18343
Black-and-yellow Silky-flycatcher,-84.324321,10.28738
Black-and-yellow Silky-flycatcher,-84.3554306,10.2318159
Black-and-yellow Silky-flycatcher,-84.195625,10.211371
Black-and-yellow Silky-flycatcher,-84.367125,10.2555654
Black-and-yellow Silky-flycatcher,-84.33318,10.27763
Black-and-yellow Silky-flycatcher,-84.3558598,10.2612931
Black-and-yellow Silky-flycatcher,-84.166882,10.2276426
Black-and-yellow Silky-flycatcher,-84.1797,10.2113
Black-and-yellow Silky-flycatcher,-84.75267,10.33424
Black-and-yellow Silky-flycatcher,-84.350629,10.223761
Black-and-yellow Silky-flycatcher,-84.3803912,10.2149962
Black-and-yellow Silky-flycatcher,-84.198604,10.1610159
Black-and-yellow Silky-flycatcher,-83.8270569,9.6190292
Black-and-yellow Silky-flycatcher,-83.6845779,9.5655426
Black-and-yellow Silky-flycatcher,-83.8454247,9.9788256
Black-and-yellow Silky-flycatcher,-83.8545227,9.7983841
Black-and-yellow Silky-flycatcher,-83.78088,9.6054891
Black-and-yellow Silky-flycatcher,-83.6675556,9.5547306
Black-and-yellow Silky-flycatcher,-83.5638,9.83193
Black-and-yellow Silky-flycatcher,-83.7142324,10.0073962
Black-and-yellow Silky-flycatcher,-83.7239313,9.5582003
Black-and-yellow Silky-flycatcher,-83.7953746,9.773866
Black-and-yellow Silky-flycatcher,-83.6280155,9.8832056
Black-and-yellow Silky-flycatcher,-83.9264417,9.7996256
Black-and-yellow Silky-flycatcher,-83.7389946,9.5706208
Black-and-yellow Silky-flycatcher,-83.7765884,9.7547387
Black-and-yellow Silky-flycatcher,-83.8333333,9.65
Black-and-yellow Silky-flycatcher,-83.7841845,9.7605119
Black-and-yellow Silky-flycatcher,-83.9231646,9.786896
Black-and-yellow Silky-flycatcher,-83.9439356,9.7967073
Black-and-yellow Silky-flycatcher,-83.7605772,9.57858
Black-and-yellow Silky-flycatcher,-83.5640073,9.7932459
Black-and-yellow Silky-flycatcher,-83.7595638,10.0184759
Black-and-yellow Silky-flycatcher,-83.876388,9.685242
Black-and-yellow Silky-flycatcher,-83.7089109,9.5657429
Black-and-yellow Silky-flycatcher,-83.6986113,9.9460782
Black-and-yellow Silky-flycatcher,-83.7803021,10.0049211
Black-and-yellow Silky-flycatcher,-83.7517616,9.7842142
Black-and-yellow Silky-flycatcher,-83.920154,9.702564
Black-and-yellow Silky-flycatcher,-83.7755585,9.986856
Black-and-yellow Silky-flycatcher,-83.8283873,9.9664667
Black-and-yellow Silky-flycatcher,-83.888855,9.7043194
Black-and-yellow Silky-flycatcher,-83.851819,9.9523025
Black-and-yellow Silky-flycatcher,-83.8333654,9.6305379
Black-and-yellow Silky-flycatcher,-83.8126245,9.781571
Black-and-yellow Silky-flycatcher,-83.86591,9.81734
Black-and-yellow Silky-flycatcher,-83.5724509,9.8251575
Black-and-yellow Silky-flycatcher,-83.6442757,9.8769754
Black-and-yellow Silky-flycatcher,-83.7309265,9.9870251
Black-and-yellow Silky-flycatcher,-83.7580383,10.0035714
Black-and-yellow Silky-flycatcher,-83.8430214,9.9993346
Black-and-yellow Silky-flycatcher,-83.83154,9.74224
Black-and-yellow Silky-flycatcher,-84.7981721,10.3833431
Black-and-yellow Silky-flycatcher,-85.3466302,10.8160659
Black-and-yellow Silky-flycatcher,-84.7983218,10.3423654
Black-and-yellow Silky-flycatcher,-84.7985744,10.3196059
Black-and-yellow Silky-flycatcher,-84.804863,10.334843
Black-and-yellow Silky-flycatcher,-84.121346,10.13362
Black-and-yellow Silky-flycatcher,-84.1567755,10.1961694
Black-and-yellow Silky-flycatcher,-84.1618352,10.2038227
Black-and-yellow Silky-flycatcher,-84.0755,10.0998
Black-and-yellow Silky-flycatcher,-84.1054916,10.1415036
Black-and-yellow Silky-flycatcher,-84.1004276,10.1299987
Black-and-yellow Silky-flycatcher,-84.0855467,10.0811885
Black-and-yellow Silky-flycatcher,-84.04489,10.28173
Black-and-yellow Silky-flycatcher,-84.0922737,10.1515633
Black-and-yellow Silky-flycatcher,-84.1168845,10.191538
Black-and-yellow Silky-flycatcher,-84.1526556,10.1579209
Black-and-yellow Silky-flycatcher,-84.0965059,10.1385986
Black-and-yellow Silky-flycatcher,-84.060483,10.091079
Black-and-yellow Silky-flycatcher,-84.06846,10.07764
Black-and-yellow Silky-flycatcher,-84.147713,10.1501209
Black-and-yellow Silky-flycatcher,-83.8685131,10.1069652
Black-and-yellow Silky-flycatcher,-82.9617,9.1116
Black-and-yellow Silky-flycatcher,-84.8241713,10.3109124
Black-and-yellow Silky-flycatcher,-84.8103333,10.2831669
Black-and-yellow Silky-flycatcher,-83.33664,8.4037
Black-and-yellow Silky-flycatcher,-84.80974,10.30702
Black-and-yellow Silky-flycatcher,-84.8225212,10.2705495
Black-and-yellow Silky-flycatcher,-83.00813,9.02945
Black-and-yellow Silky-flycatcher,-82.977467,9.075691
Black-and-yellow Silky-flycatcher,-83.37293,9.33463
Black-and-yellow Silky-flycatcher,-82.7819824,8.9312004
Black-and-yellow Silky-flycatcher,-82.7418137,8.9454448
Black-and-yellow Silky-flycatcher,-84.7988529,10.2822791
Black-and-yellow Silky-flycatcher,-84.7958708,10.3013236
Black-and-yellow Silky-flycatcher,-84.808585,10.3188427
Black-and-yellow Silky-flycatcher,-82.773487,8.9720383
Black-and-yellow Silky-flycatcher,-83.8067326,9.5757664
Black-and-yellow Silky-flycatcher,-83.730735,9.494004
Black-and-yellow Silky-flycatcher,-83.8166667,9.5416667
Black-and-yellow Silky-flycatcher,-83.846301,9.644309
Black-and-yellow Silky-flycatcher,-83.7995911,9.5689281
Black-and-yellow Silky-flycatcher,-83.8394165,9.6237681
Black-and-yellow Silky-flycatcher,-84.1433,9.83979
Black-and-yellow Silky-flycatcher,-83.6771107,9.5544846
Black-and-yellow Silky-flycatcher,-83.8419914,9.6140758
Black-and-yellow Silky-flycatcher,-83.7753,9.55438
Black-and-yellow Silky-flycatcher,-83.4873304,9.4783551
Black-and-yellow Silky-flycatcher,-83.5487938,9.4575283
Black-and-yellow Silky-flycatcher,-84.0014648,9.947209
Black-and-yellow Silky-flycatcher,-83.8035336,9.5573486
Black-and-yellow Silky-flycatcher,-83.577531,9.4721061
Black-and-yellow Silky-flycatcher,-83.8696504,9.658504
Black-and-yellow Silky-flycatcher,-83.704319,9.3735314
Black-and-yellow Silky-flycatcher,-83.8881683,9.6691229
Black-and-yellow Silky-flycatcher,-83.8490081,9.6534183
Black-and-yellow Silky-flycatcher,-83.8581276,9.6571925
Black-and-yellow Silky-flycatcher,-83.9381358,10.1620582
Black-and-yellow Silky-flycatcher,-83.8927603,9.6799783
Black-and-yellow Silky-flycatcher,-83.8018781,9.5474956
Black-and-yellow Silky-flycatcher,-83.7952137,9.600812
Black-and-yellow Silky-flycatcher,-83.7985922,9.5912079
Black-and-yellow Silky-flycatcher,-83.8974871,9.5551605
Black-and-yellow Silky-flycatcher,-83.83265,9.59685
Black-and-yellow Silky-flycatcher,-83.8961077,9.6620154
Black-and-yellow Silky-flycatcher,-83.8562011,9.6409085
Black-and-yellow Silky-flycatcher,-83.8107491,9.601427
Black-and-yellow Silky-flycatcher,-83.7018567,9.4623012
Black-and-yellow Silky-flycatcher,-83.8778,9.667
Black-and-yellow Silky-flycatcher,-83.8896704,9.5238562
Black-and-yellow Silky-flycatcher,-83.7146187,9.3570175
Black-and-yellow Silky-flycatcher,-83.7513028,9.5677444
Black-and-yellow Silky-flycatcher,-83.951683,9.7213697
Black-and-yellow Silky-flycatcher,-83.9507155,10.0179693
Black-and-yellow Silky-flycatcher,-83.8648471,9.668654
Black-and-yellow Silky-flycatcher,-83.6677953,9.4028124
Black-and-yellow Silky-flycatcher,-83.84443,9.63202
Black-and-yellow Silky-flycatcher,-83.82256,9.60596
Black-and-yellow Silky-flycatcher,-83.7560749,9.5545396
Black-and-yellow Silky-flycatcher,-83.8897777,9.5357754
Black-and-yellow Silky-flycatcher,-84.1487503,9.8775403
Black-and-yellow Silky-flycatcher,-83.7068617,9.5563276
Black-and-yellow Silky-flycatcher,-83.9070511,9.6603232
Black-and-yellow Silky-flycatcher,-83.9280556,10.035
Black-and-yellow Silky-flycatcher,-82.5653458,8.9159378
Black-and-yellow Silky-flycatcher,-82.540048,8.807003
Black-and-yellow Silky-flycatcher,-82.6322316,8.7727144
Black-and-yellow Silky-flycatcher,-82.5143623,8.7923796
Black-and-yellow Silky-flycatcher,-82.576415,8.8043
Black-and-yellow Silky-flycatcher,-82.6988983,8.8150083
Black-and-yellow Silky-flycatcher,-82.6154094,8.8996999
Black-and-yellow Silky-flycatcher,-82.5604778,8.8555992
Black-and-yellow Silky-flycatcher,-82.579422,8.8504713
Black-and-yellow Silky-flycatcher,-82.2287816,8.7465034
Black-and-yellow Silky-flycatcher,-82.48312,8.8128214
Black-and-yellow Silky-flycatcher,-82.3918,8.8096
Black-and-yellow Silky-flycatcher,-82.6104091,8.8904706
Black-and-yellow Silky-flycatcher,-82.2080556,8.6780556
Black-and-yellow Silky-flycatcher,-82.5614319,8.8411083
Black-and-yellow Silky-flycatcher,-82.481169,8.839281
Black-and-yellow Silky-flycatcher,-82.6638794,8.8006004
Black-and-yellow Silky-flycatcher,-82.432,8.775
Black-and-yellow Silky-flycatcher,-82.5898933,8.8767611
Black-and-yellow Silky-flycatcher,-82.5751305,8.8927884
Black-and-yellow Silky-flycatcher,-82.5632215,8.8710369
Black-and-yellow Silky-flycatcher,-82.4412775,8.7763722
Black-and-yellow Silky-flycatcher,-82.5159931,8.8438562
Black-and-yellow Silky-flycatcher,-81.787,8.503
Black-and-yellow Silky-flycatcher,-82.5885201,8.8938908
Black-and-yellow Silky-flycatcher,-82.5535211,8.8757758
Black-and-yellow Silky-flycatcher,-82.5627708,8.8835
Black-and-yellow Silky-flycatcher,-82.4720478,8.8271482
Black-and-yellow Silky-flycatcher,-82.5326443,8.8436018
Black-and-yellow Silky-flycatcher,-82.4289018,8.7968895
Black-and-yellow Silky-flycatcher,-82.5186539,8.8018727
Black-and-yellow Silky-flycatcher,-82.684076,8.8833684
Black-and-yellow Silky-flycatcher,-82.5156713,8.8268513
Black-and-yellow Silky-flycatcher,-82.544698,8.849896
Black-and-yellow Silky-flycatcher,-82.4884549,8.8469253
Black-and-yellow Silky-flycatcher,-82.2121253,8.786267
Black-and-yellow Silky-flycatcher,-81.7383894,8.5346911
Black-and-yellow Silky-flycatcher,-81.7970324,8.5165995
Black-and-yellow Silky-flycatcher,-81.769387,8.494411
