COMMONNAME,LONGITUDE,LATITUDE
Blue-and-gold Tanager,-84.44384,10.18659
Blue-and-gold Tanager,-84.17019,10.25537
Blue-and-gold Tanager,-84.5335722,10.3138215
Blue-and-gold Tanager,-84.1794777,10.3092193
Blue-and-gold Tanager,-84.1667747,10.2226935
Blue-and-gold Tanager,-84.6386719,10.2210041
Blue-and-gold Tanager,-84.6455158,10.4716242
Blue-and-gold Tanager,-84.7289658,10.3041103
Blue-and-gold Tanager,-84.4628906,10.5094167
Blue-and-gold Tanager,-84.4846272,10.2028956
Blue-and-gold Tanager,-84.43473,10.211987
Blue-and-gold Tanager,-84.5755005,10.2338431
Blue-and-gold Tanager,-84.7009233,10.4350191
Blue-and-gold Tanager,-84.65053,10.22864
Blue-and-gold Tanager,-84.579706,10.331554
Blue-and-gold Tanager,-85.0266137,10.7183462
Blue-and-gold Tanager,-84.6772957,10.3559562
Blue-and-gold Tanager,-84.5325851,10.2507976
Blue-and-gold Tanager,-84.719696,10.3365361
Blue-and-gold Tanager,-84.6498299,10.5274758
Blue-and-gold Tanager,-84.53897,10.2192
Blue-and-gold Tanager,-84.6706223,10.4391266
Blue-and-gold Tanager,-84.7563453,10.4893477
Blue-and-gold Tanager,-84.734283,10.4220092
Blue-and-gold Tanager,-84.644703,10.456194
Blue-and-gold Tanager,-84.7673321,10.3419401
Blue-and-gold Tanager,-84.7746277,10.3882077
Blue-and-gold Tanager,-84.7107,10.4361
Blue-and-gold Tanager,-84.65561,10.4167
Blue-and-gold Tanager,-84.6489072,10.4229617
Blue-and-gold Tanager,-84.732779,10.462502
Blue-and-gold Tanager,-84.6688628,10.4240858
Blue-and-gold Tanager,-84.7447586,10.3287677
Blue-and-gold Tanager,-84.7887039,10.8848938
Blue-and-gold Tanager,-84.6669102,10.3501303
Blue-and-gold Tanager,-84.68102,10.44709
Blue-and-gold Tanager,-84.5335145,10.2042492
Blue-and-gold Tanager,-84.6122816,10.2052767
Blue-and-gold Tanager,-84.5150757,10.1825263
Blue-and-gold Tanager,-84.7284937,10.3801029
Blue-and-gold Tanager,-84.6892825,10.442626
Blue-and-gold Tanager,-84.4864297,10.2408325
Blue-and-gold Tanager,-84.1692553,10.3124029
Blue-and-gold Tanager,-84.65273,10.43187
Blue-and-gold Tanager,-84.5608462,10.226839
Blue-and-gold Tanager,-84.5480503,10.237727
Blue-and-gold Tanager,-84.528245,10.232865
Blue-and-gold Tanager,-84.7671593,10.4934137
Blue-and-gold Tanager,-83.5638,9.83193
Blue-and-gold Tanager,-83.7838937,9.7590273
Blue-and-gold Tanager,-83.7240374,9.7903365
Blue-and-gold Tanager,-83.9264417,9.7996256
Blue-and-gold Tanager,-83.75147,9.78404
Blue-and-gold Tanager,-83.8487111,9.8417667
Blue-and-gold Tanager,-83.8,9.8
Blue-and-gold Tanager,-83.7408295,9.7913218
Blue-and-gold Tanager,-83.7220001,9.7564305
Blue-and-gold Tanager,-83.5537934,9.8075819
Blue-and-gold Tanager,-83.5640073,9.7932459
Blue-and-gold Tanager,-83.6882043,9.7827945
Blue-and-gold Tanager,-83.6691713,9.7402735
Blue-and-gold Tanager,-85.0298882,10.7044664
Blue-and-gold Tanager,-84.7903551,10.3637661
Blue-and-gold Tanager,-84.790634,10.3410134
Blue-and-gold Tanager,-84.0342377,10.3025809
Blue-and-gold Tanager,-84.1618352,10.2038227
Blue-and-gold Tanager,-84.04489,10.28173
Blue-and-gold Tanager,-84.1572475,10.3680607
Blue-and-gold Tanager,-84.0687694,10.4405111
Blue-and-gold Tanager,-84.0200204,10.3305726
Blue-and-gold Tanager,-84.1565094,10.1725636
Blue-and-gold Tanager,-84.00314,10.43092
Blue-and-gold Tanager,-84.0677,10.4502
Blue-and-gold Tanager,-84.127357,10.4132595
Blue-and-gold Tanager,-84.0128,10.4288
Blue-and-gold Tanager,-84.1384935,10.387901
Blue-and-gold Tanager,-84.1615927,10.2689153
Blue-and-gold Tanager,-83.908996,10.1999998
Blue-and-gold Tanager,-83.9133704,10.1736581
Blue-and-gold Tanager,-83.83838,10.10306
Blue-and-gold Tanager,-83.9075434,10.1899329
Blue-and-gold Tanager,-83.9303324,10.1744332
Blue-and-gold Tanager,-83.8280755,10.1476545
Blue-and-gold Tanager,-84.8149292,10.3144187
Blue-and-gold Tanager,-84.6735191,10.2113745
Blue-and-gold Tanager,-84.7956777,10.3038148
Blue-and-gold Tanager,-84.8051376,10.3078434
Blue-and-gold Tanager,-83.9381358,10.1620582
Blue-and-gold Tanager,-83.993053,10.129258
Blue-and-gold Tanager,-83.9551,10.1607
Blue-and-gold Tanager,-83.9833117,10.0623327
Blue-and-gold Tanager,-83.9728832,10.156886
Blue-and-gold Tanager,-83.9473915,10.146832
Blue-and-gold Tanager,-80.6987,8.637371
Blue-and-gold Tanager,-80.5926247,8.6680405
Blue-and-gold Tanager,-80.67129,8.689085
Blue-and-gold Tanager,-82.2287816,8.7465034
Blue-and-gold Tanager,-82.6355234,8.6600801
Blue-and-gold Tanager,-82.237421,8.722559
Blue-and-gold Tanager,-79.4025555,9.2386127
Blue-and-gold Tanager,-79.4166255,9.2096281
Blue-and-gold Tanager,-78.965546,9.22458
Blue-and-gold Tanager,-81.116483,8.5099568
Blue-and-gold Tanager,-81.0923624,8.5170044
Blue-and-gold Tanager,-81.1746097,8.5524614
Blue-and-gold Tanager,-82.1912017,8.7794902
Blue-and-gold Tanager,-82.187562,8.7896399
Blue-and-gold Tanager,-82.2049856,8.7632777
Blue-and-gold Tanager,-82.2121253,8.786267
Blue-and-gold Tanager,-82.205675,8.7938113
