COMMONNAME,LONGITUDE,LATITUDE
Buff-fronted Quail-Dove,-84.7939396,10.3166082
Buff-fronted Quail-Dove,-84.5076513,10.185557
Buff-fronted Quail-Dove,-84.44384,10.18659
Buff-fronted Quail-Dove,-84.3172317,10.2057403
Buff-fronted Quail-Dove,-84.16696,10.22171
Buff-fronted Quail-Dove,-84.2359457,10.1837344
Buff-fronted Quail-Dove,-84.4846272,10.2028956
Buff-fronted Quail-Dove,-84.2714839,10.2539452
Buff-fronted Quail-Dove,-84.65053,10.22864
Buff-fronted Quail-Dove,-84.2263106,10.1623704
Buff-fronted Quail-Dove,-84.2225363,10.1535801
Buff-fronted Quail-Dove,-84.2476702,10.1424333
Buff-fronted Quail-Dove,-84.2035009,10.1621082
Buff-fronted Quail-Dove,-84.7835139,10.2986889
Buff-fronted Quail-Dove,-84.195625,10.211371
Buff-fronted Quail-Dove,-84.7673321,10.3419401
Buff-fronted Quail-Dove,-83.6675556,9.5547306
Buff-fronted Quail-Dove,-83.5638,9.83193
Buff-fronted Quail-Dove,-83.7982178,9.7659043
Buff-fronted Quail-Dove,-83.8454247,9.9788256
Buff-fronted Quail-Dove,-83.7239313,9.5582003
Buff-fronted Quail-Dove,-83.7797213,9.8178254
Buff-fronted Quail-Dove,-83.9231646,9.786896
Buff-fronted Quail-Dove,-83.7838937,9.7590273
Buff-fronted Quail-Dove,-83.6217284,9.8837552
Buff-fronted Quail-Dove,-83.886897,9.80108
Buff-fronted Quail-Dove,-84.8194313,10.3356917
Buff-fronted Quail-Dove,-84.7983218,10.3423654
Buff-fronted Quail-Dove,-84.7913551,10.3560101
Buff-fronted Quail-Dove,-84.1618352,10.2038227
Buff-fronted Quail-Dove,-84.1091224,10.1353215
Buff-fronted Quail-Dove,-84.7915363,10.2779731
Buff-fronted Quail-Dove,-84.7921371,10.3027592
Buff-fronted Quail-Dove,-84.6876394,10.2387839
Buff-fronted Quail-Dove,-84.6713306,10.2146176
Buff-fronted Quail-Dove,-84.81654,10.30386
Buff-fronted Quail-Dove,-84.8158586,10.3130879
Buff-fronted Quail-Dove,-84.808585,10.3188427
Buff-fronted Quail-Dove,-84.801718,10.3014671
Buff-fronted Quail-Dove,-83.7513028,9.5677444
Buff-fronted Quail-Dove,-83.8001728,9.5657371
Buff-fronted Quail-Dove,-83.730735,9.494004
Buff-fronted Quail-Dove,-83.71571,9.44726
Buff-fronted Quail-Dove,-83.9833117,10.0623327
Buff-fronted Quail-Dove,-83.8035336,9.5573486
Buff-fronted Quail-Dove,-83.5487938,9.4575283
Buff-fronted Quail-Dove,-83.7670612,9.5522543
Buff-fronted Quail-Dove,-83.8018781,9.5474956
Buff-fronted Quail-Dove,-83.8648471,9.668654
Buff-fronted Quail-Dove,-83.577531,9.4721061
Buff-fronted Quail-Dove,-83.82256,9.60596
Buff-fronted Quail-Dove,-83.83265,9.59685
Buff-fronted Quail-Dove,-84.0666962,9.5813694
Buff-fronted Quail-Dove,-83.9507155,10.0179693
Buff-fronted Quail-Dove,-83.8778,9.667
Buff-fronted Quail-Dove,-83.7993672,9.5879212
Buff-fronted Quail-Dove,-83.6983538,9.471444
Buff-fronted Quail-Dove,-83.8000846,9.5767781
Buff-fronted Quail-Dove,-83.8511324,9.6534271
Buff-fronted Quail-Dove,-83.9158015,9.6452447
Buff-fronted Quail-Dove,-83.6497146,9.3659732
Buff-fronted Quail-Dove,-83.6879253,9.5527283
Buff-fronted Quail-Dove,-83.817314,9.538318
Buff-fronted Quail-Dove,-82.490022,8.8461344
Buff-fronted Quail-Dove,-82.5535211,8.8757758
Buff-fronted Quail-Dove,-82.4407411,8.7808792
Buff-fronted Quail-Dove,-82.4783134,8.8385979
Buff-fronted Quail-Dove,-81.787,8.503
Buff-fronted Quail-Dove,-82.5186539,8.8018727
Buff-fronted Quail-Dove,-82.67613,8.763977
Buff-fronted Quail-Dove,-82.48312,8.8128214
Buff-fronted Quail-Dove,-82.5159931,8.8438562
Buff-fronted Quail-Dove,-82.5326443,8.8436018
Buff-fronted Quail-Dove,-82.4734211,8.828166
Buff-fronted Quail-Dove,-82.3952723,8.8096566
Buff-fronted Quail-Dove,-82.543121,8.849285
Buff-fronted Quail-Dove,-82.5632215,8.8710369
Buff-fronted Quail-Dove,-82.2121253,8.786267
Buff-fronted Quail-Dove,-81.79255,8.51591
Buff-fronted Quail-Dove,-81.7725641,8.4967457
