COMMONNAME,LONGITUDE,LATITUDE
Chiriqui Quail-Dove,-84.4059849,10.0856567
Chiriqui Quail-Dove,-84.44384,10.18659
Chiriqui Quail-Dove,-84.17019,10.25537
Chiriqui Quail-Dove,-84.7567749,10.3588269
Chiriqui Quail-Dove,-84.7864723,10.3169459
Chiriqui Quail-Dove,-84.7107,10.4361
Chiriqui Quail-Dove,-84.7354662,10.478386
Chiriqui Quail-Dove,-84.42453,10.26362
Chiriqui Quail-Dove,-85.0811291,10.7291762
Chiriqui Quail-Dove,-84.6603012,10.4502474
Chiriqui Quail-Dove,-84.6180081,10.3832056
Chiriqui Quail-Dove,-85.0408257,10.7130107
Chiriqui Quail-Dove,-84.6614,10.22432
Chiriqui Quail-Dove,-84.2476702,10.1424333
Chiriqui Quail-Dove,-84.732779,10.462502
Chiriqui Quail-Dove,-84.6772957,10.3559562
Chiriqui Quail-Dove,-84.7835139,10.2986889
Chiriqui Quail-Dove,-84.734283,10.4220092
Chiriqui Quail-Dove,-84.7327209,10.4470359
Chiriqui Quail-Dove,-84.4846272,10.2028956
Chiriqui Quail-Dove,-85.3262603,10.8662233
Chiriqui Quail-Dove,-84.72261,10.4368996
Chiriqui Quail-Dove,-84.6121287,10.4753842
Chiriqui Quail-Dove,-84.3172317,10.2057403
Chiriqui Quail-Dove,-84.7563453,10.4893477
Chiriqui Quail-Dove,-84.65273,10.43187
Chiriqui Quail-Dove,-83.7117004,9.8470978
Chiriqui Quail-Dove,-83.5638,9.83193
Chiriqui Quail-Dove,-83.8267136,9.7456028
Chiriqui Quail-Dove,-83.7838937,9.7590273
Chiriqui Quail-Dove,-83.8900264,9.8393738
Chiriqui Quail-Dove,-83.75147,9.78404
Chiriqui Quail-Dove,-83.77655,9.7493
Chiriqui Quail-Dove,-83.7239313,9.5582003
Chiriqui Quail-Dove,-83.5640073,9.7932459
Chiriqui Quail-Dove,-85.3466302,10.8160659
Chiriqui Quail-Dove,-85.3630185,10.7867682
Chiriqui Quail-Dove,-84.79629,10.3436
Chiriqui Quail-Dove,-85.4464447,10.8731652
Chiriqui Quail-Dove,-85.0351152,10.7056303
Chiriqui Quail-Dove,-84.79014,10.3638
Chiriqui Quail-Dove,-84.80926,10.33591
Chiriqui Quail-Dove,-84.04489,10.28173
Chiriqui Quail-Dove,-84.1615927,10.2689153
Chiriqui Quail-Dove,-84.081502,10.0761076
Chiriqui Quail-Dove,-84.7988529,10.2822791
Chiriqui Quail-Dove,-82.9713249,8.8208719
Chiriqui Quail-Dove,-82.973299,8.7921183
Chiriqui Quail-Dove,-84.7921371,10.3027592
Chiriqui Quail-Dove,-84.8149292,10.3144187
Chiriqui Quail-Dove,-84.8219246,10.3253354
Chiriqui Quail-Dove,-84.7985744,10.3226036
Chiriqui Quail-Dove,-84.81654,10.30386
Chiriqui Quail-Dove,-83.03135,8.7866
Chiriqui Quail-Dove,-82.982745,8.783
Chiriqui Quail-Dove,-82.987488,9.049774
Chiriqui Quail-Dove,-83.069185,9.115747
Chiriqui Quail-Dove,-84.8051376,10.3078434
Chiriqui Quail-Dove,-83.00813,9.02945
Chiriqui Quail-Dove,-82.9608536,8.7858414
Chiriqui Quail-Dove,-83.0657387,9.1273513
Chiriqui Quail-Dove,-84.8008919,10.2981146
Chiriqui Quail-Dove,-82.737114,8.947152
Chiriqui Quail-Dove,-83.017416,9.0378506
Chiriqui Quail-Dove,-82.9081535,8.9965845
Chiriqui Quail-Dove,-82.8760529,8.9544321
Chiriqui Quail-Dove,-82.7819824,8.9312004
Chiriqui Quail-Dove,-82.773487,8.9720383
Chiriqui Quail-Dove,-82.7900194,8.9038472
Chiriqui Quail-Dove,-83.245982,9.262885
Chiriqui Quail-Dove,-82.9919243,8.7866897
Chiriqui Quail-Dove,-84.8241713,10.3109124
Chiriqui Quail-Dove,-83.5981464,9.39123
Chiriqui Quail-Dove,-83.7513028,9.5677444
Chiriqui Quail-Dove,-83.8035336,9.5573486
Chiriqui Quail-Dove,-83.962326,9.6522002
Chiriqui Quail-Dove,-83.8018781,9.5474956
Chiriqui Quail-Dove,-83.577531,9.4721061
Chiriqui Quail-Dove,-84.0666962,9.5813694
Chiriqui Quail-Dove,-83.9381358,10.1620582
Chiriqui Quail-Dove,-83.9070511,9.6603232
Chiriqui Quail-Dove,-83.8000846,9.5767781
Chiriqui Quail-Dove,-80.5926247,8.6680405
Chiriqui Quail-Dove,-82.5159931,8.8438562
Chiriqui Quail-Dove,-82.759692,8.844365
Chiriqui Quail-Dove,-82.5365496,8.7760866
Chiriqui Quail-Dove,-82.5303483,8.8139594
Chiriqui Quail-Dove,-82.20954,8.6565797
Chiriqui Quail-Dove,-82.5326443,8.8436018
Chiriqui Quail-Dove,-82.499,8.7751
Chiriqui Quail-Dove,-82.4557,8.7381
Chiriqui Quail-Dove,-82.2200567,8.6830924
Chiriqui Quail-Dove,-82.573638,8.852224
Chiriqui Quail-Dove,-82.5580931,8.8712913
Chiriqui Quail-Dove,-82.745,8.8630556
Chiriqui Quail-Dove,-82.50675,8.79671
Chiriqui Quail-Dove,-82.4619198,8.8128992
Chiriqui Quail-Dove,-82.3952723,8.8096566
Chiriqui Quail-Dove,-82.48312,8.8128214
Chiriqui Quail-Dove,-82.6140391,8.8334361
Chiriqui Quail-Dove,-82.2287816,8.7465034
Chiriqui Quail-Dove,-82.237421,8.722559
Chiriqui Quail-Dove,-82.4783134,8.8385979
Chiriqui Quail-Dove,-82.684076,8.8833684
Chiriqui Quail-Dove,-82.4047887,8.7829574
Chiriqui Quail-Dove,-82.432,8.775
Chiriqui Quail-Dove,-81.1525726,8.5327583
Chiriqui Quail-Dove,-81.7970324,8.5165995
Chiriqui Quail-Dove,-81.7672,8.442703
