COMMONNAME,LONGITUDE,LATITUDE
Collared Redstart,-84.2445374,10.1784291
Collared Redstart,-84.312923,10.2228105
Collared Redstart,-84.44384,10.18659
Collared Redstart,-84.305,10.2356
Collared Redstart,-84.2138486,10.0164402
Collared Redstart,-84.1692553,10.3124029
Collared Redstart,-84.2083333,10.1833333
Collared Redstart,-84.1950989,10.1446353
Collared Redstart,-84.2136383,10.1723465
Collared Redstart,-84.1794777,10.3092193
Collared Redstart,-84.317518,10.211679
Collared Redstart,-84.3041039,10.0722914
Collared Redstart,-84.2217598,10.156338
Collared Redstart,-84.3413544,10.16525
Collared Redstart,-84.396046,10.22991
Collared Redstart,-84.3616104,10.2346877
Collared Redstart,-84.2486572,10.2041099
Collared Redstart,-84.7540283,10.3074882
Collared Redstart,-84.7296524,10.3888831
Collared Redstart,-84.7864723,10.3169459
Collared Redstart,-84.2362976,10.1993794
Collared Redstart,-84.32112,10.20177
Collared Redstart,-84.33713,10.22127
Collared Redstart,-84.362101,10.245908
Collared Redstart,-84.7650146,10.3419401
Collared Redstart,-84.384054,10.24997
Collared Redstart,-84.322103,10.243454
Collared Redstart,-84.2094854,10.1545897
Collared Redstart,-84.2337,10.1598577
Collared Redstart,-84.7746653,10.3471519
Collared Redstart,-84.2256319,10.1676302
Collared Redstart,-84.3415,10.184259
Collared Redstart,-84.325207,10.17171
Collared Redstart,-84.2309726,10.1783002
Collared Redstart,-84.359531,10.202306
Collared Redstart,-84.350629,10.223761
Collared Redstart,-84.17019,10.25537
Collared Redstart,-84.293496,10.217966
Collared Redstart,-84.1846657,10.2821711
Collared Redstart,-84.374021,10.243488
Collared Redstart,-84.2321777,10.1067821
Collared Redstart,-84.3804932,10.2362926
Collared Redstart,-84.1981888,10.1946488
Collared Redstart,-84.3721461,10.2544252
Collared Redstart,-84.5617676,10.1480149
Collared Redstart,-84.3050008,10.2067624
Collared Redstart,-84.7835139,10.2986889
Collared Redstart,-84.35529,10.2627
Collared Redstart,-84.324321,10.28738
Collared Redstart,-84.6666333,10.2012667
Collared Redstart,-84.6123905,10.2052588
Collared Redstart,-84.31103,10.18343
Collared Redstart,-84.1797,10.2113
Collared Redstart,-84.7756577,10.3130615
Collared Redstart,-84.6530056,10.167531
Collared Redstart,-84.2037488,10.1621043
Collared Redstart,-84.3520547,10.183315
Collared Redstart,-84.16696,10.22171
Collared Redstart,-83.8270569,9.6190292
Collared Redstart,-83.7903214,9.6022732
Collared Redstart,-83.78088,9.6054891
Collared Redstart,-83.9270268,9.7959313
Collared Redstart,-83.6675556,9.5547306
Collared Redstart,-83.6603737,9.8720439
Collared Redstart,-83.8615,9.94519
Collared Redstart,-83.5638,9.83193
Collared Redstart,-83.8998199,9.6884137
Collared Redstart,-83.5724509,9.8251575
Collared Redstart,-83.7389946,9.5706208
Collared Redstart,-83.8454247,9.9788256
Collared Redstart,-83.9702225,9.8180058
Collared Redstart,-83.9132309,9.6884137
Collared Redstart,-83.7953746,9.773866
Collared Redstart,-83.8213184,9.8208981
Collared Redstart,-83.8333333,9.65
Collared Redstart,-83.8453817,9.9584527
Collared Redstart,-83.9231646,9.786896
Collared Redstart,-83.8,9.8
Collared Redstart,-83.86591,9.81734
Collared Redstart,-83.7701567,9.9566122
Collared Redstart,-83.8859972,9.9437028
Collared Redstart,-83.7595638,10.0184759
Collared Redstart,-83.78088,9.75164
Collared Redstart,-83.9139175,9.7191168
Collared Redstart,-83.9762092,9.895881
Collared Redstart,-83.77911,9.73504
Collared Redstart,-83.8081,9.6336
Collared Redstart,-83.831453,9.6335
Collared Redstart,-83.7239313,9.5582003
Collared Redstart,-83.8487111,9.8417667
Collared Redstart,-83.920154,9.702564
Collared Redstart,-83.876388,9.685242
Collared Redstart,-83.888855,9.7043194
Collared Redstart,-83.8900264,9.8393738
Collared Redstart,-83.5640073,9.7932459
Collared Redstart,-83.6550522,9.8901392
Collared Redstart,-83.8919127,9.6806087
Collared Redstart,-83.713578,10.0108828
Collared Redstart,-83.89909,9.94824
Collared Redstart,-83.7494016,9.9606506
Collared Redstart,-83.8283873,9.9664667
Collared Redstart,-83.7941837,9.9835762
Collared Redstart,-83.7842327,9.7605912
Collared Redstart,-83.83392,9.98182
Collared Redstart,-83.8854111,9.957325
Collared Redstart,-83.76348,9.91539
Collared Redstart,-83.7580383,10.0035714
Collared Redstart,-83.83154,9.74224
Collared Redstart,-83.7755585,9.986856
Collared Redstart,-83.770129,9.9972372
Collared Redstart,-84.8078308,10.3728019
Collared Redstart,-84.790634,10.3410134
Collared Redstart,-84.804239,10.362246
Collared Redstart,-84.7923088,10.3505524
Collared Redstart,-84.7903551,10.3637661
Collared Redstart,-84.796257,10.322688
Collared Redstart,-84.8029518,10.3435753
Collared Redstart,-84.1,10.1
Collared Redstart,-84.1018524,10.1289488
Collared Redstart,-84.1567755,10.1961694
Collared Redstart,-84.1618352,10.2038227
Collared Redstart,-84.0789163,9.9809389
Collared Redstart,-84.0855467,10.0811885
Collared Redstart,-84.1554558,10.156239
Collared Redstart,-84.0752792,10.139059
Collared Redstart,-84.0922737,10.1515633
Collared Redstart,-84.1168845,10.191538
Collared Redstart,-84.0892468,10.0422647
Collared Redstart,-84.1552842,10.169981
Collared Redstart,-84.1215057,10.1387441
Collared Redstart,-84.090263,10.071433
Collared Redstart,-84.0957123,10.0626112
Collared Redstart,-84.0673828,10.2176254
Collared Redstart,-84.0962219,10.139228
Collared Redstart,-84.0756226,10.0864595
Collared Redstart,-84.060483,10.091079
Collared Redstart,-84.078641,10.065905
Collared Redstart,-84.0491939,10.0923001
Collared Redstart,-84.06846,10.07764
Collared Redstart,-84.147713,10.1501209
Collared Redstart,-84.1091224,10.1353215
Collared Redstart,-83.4643093,9.5249785
Collared Redstart,-83.9133704,10.1736581
Collared Redstart,-82.9617,9.1116
Collared Redstart,-83.0470276,9.2729115
Collared Redstart,-84.81654,10.30386
Collared Redstart,-84.8203167,10.3318917
Collared Redstart,-84.8333333,10.3166667
Collared Redstart,-84.8241713,10.3109124
Collared Redstart,-84.8419189,10.321928
Collared Redstart,-82.9713249,8.8208719
Collared Redstart,-84.8103333,10.2831669
Collared Redstart,-84.8075652,10.301788
Collared Redstart,-84.8027802,10.310866
Collared Redstart,-83.00813,9.02945
Collared Redstart,-84.8054409,10.3296966
Collared Redstart,-82.9608536,8.7858414
Collared Redstart,-84.7956777,10.3038148
Collared Redstart,-82.977796,9.092198
Collared Redstart,-82.977467,9.075691
Collared Redstart,-83.37293,9.33463
Collared Redstart,-82.7819824,8.9312004
Collared Redstart,-82.9585361,8.8056684
Collared Redstart,-84.8293447,10.32767
Collared Redstart,-84.6735191,10.2113745
Collared Redstart,-82.737114,8.947152
Collared Redstart,-83.0784416,9.2449056
Collared Redstart,-84.808585,10.3188427
Collared Redstart,-82.7900194,8.9038472
Collared Redstart,-83.0744934,9.2121755
Collared Redstart,-84.6719098,10.1654189
Collared Redstart,-82.773487,8.9720383
Collared Redstart,-82.833333,8.945278
Collared Redstart,-83.6624336,9.5638499
Collared Redstart,-83.9473915,10.146832
Collared Redstart,-83.926363,9.6947591
Collared Redstart,-83.7034607,9.4626081
Collared Redstart,-83.9079094,9.5585177
Collared Redstart,-83.8449097,9.5696052
Collared Redstart,-83.7995911,9.5689281
Collared Redstart,-83.7939262,9.5834853
Collared Redstart,-83.6771107,9.5544846
Collared Redstart,-83.8952065,9.6112437
Collared Redstart,-83.7118077,9.4453894
Collared Redstart,-83.79031,9.54905
Collared Redstart,-83.7753,9.55438
Collared Redstart,-83.9777005,9.9654903
Collared Redstart,-83.952713,9.9708794
Collared Redstart,-84.1602,9.89798
Collared Redstart,-83.7115288,9.4764926
Collared Redstart,-83.7513028,9.5677444
Collared Redstart,-83.9615965,9.945497
Collared Redstart,-83.7678299,9.5965791
Collared Redstart,-83.4873304,9.4783551
Collared Redstart,-83.8153472,9.6157111
Collared Redstart,-83.962326,9.6522002
Collared Redstart,-83.6983538,9.471444
Collared Redstart,-83.7068617,9.5563276
Collared Redstart,-83.8648471,9.668654
Collared Redstart,-83.542099,9.4712324
Collared Redstart,-84.0014648,9.947209
Collared Redstart,-83.8375711,9.6256335
Collared Redstart,-83.494525,9.485688
Collared Redstart,-83.730735,9.494004
Collared Redstart,-83.8634795,9.5315465
Collared Redstart,-83.5008813,9.4141988
Collared Redstart,-83.865768,9.6436025
Collared Redstart,-83.8696504,9.658504
Collared Redstart,-83.7965441,9.609932
Collared Redstart,-83.7660741,9.551997
Collared Redstart,-83.8933182,9.5327018
Collared Redstart,-83.8035336,9.5573486
Collared Redstart,-83.8135052,9.5512193
Collared Redstart,-84.0129232,10.0425876
Collared Redstart,-83.8260518,9.5432129
Collared Redstart,-83.8490081,9.6534183
Collared Redstart,-83.6677953,9.4028124
Collared Redstart,-83.5487938,9.4575283
Collared Redstart,-83.704319,9.3735314
Collared Redstart,-83.8352966,9.5912714
Collared Redstart,-83.688612,9.4902918
Collared Redstart,-83.8581276,9.6571925
Collared Redstart,-83.9833117,10.0623327
Collared Redstart,-83.6774635,9.4801023
Collared Redstart,-83.7953186,9.4776167
Collared Redstart,-83.8018781,9.5474956
Collared Redstart,-83.795407,9.533767
Collared Redstart,-83.7983054,9.5932186
Collared Redstart,-83.9158015,9.6452447
Collared Redstart,-83.5754871,9.4642675
Collared Redstart,-83.7097907,9.5092669
Collared Redstart,-83.890934,9.6033023
Collared Redstart,-83.8961077,9.6620154
Collared Redstart,-83.85931,9.54724
Collared Redstart,-83.84923,9.64301
Collared Redstart,-83.8107491,9.601427
Collared Redstart,-83.8778,9.667
Collared Redstart,-83.9280556,10.035
Collared Redstart,-83.817314,9.538318
Collared Redstart,-83.6845699,9.3572239
Collared Redstart,-83.7113571,9.5262687
Collared Redstart,-83.951683,9.7213697
Collared Redstart,-83.9507155,10.0179693
Collared Redstart,-83.7454989,9.489669
Collared Redstart,-83.7560749,9.5545396
Collared Redstart,-83.82256,9.60596
Collared Redstart,-83.6879253,9.5527283
Collared Redstart,-83.8315201,9.5320556
Collared Redstart,-83.866024,9.5541164
Collared Redstart,-83.585207,9.470493
Collared Redstart,-83.9070511,9.6603232
Collared Redstart,-83.801917,9.578132
Collared Redstart,-82.539236,8.866268
Collared Redstart,-82.6920319,8.9669687
Collared Redstart,-82.5653458,8.9159378
Collared Redstart,-82.5498962,8.8343573
Collared Redstart,-82.6050639,8.8387059
Collared Redstart,-82.573638,8.852224
Collared Redstart,-82.5691223,8.8720969
Collared Redstart,-82.4782499,8.8446438
Collared Redstart,-82.5485176,8.8614963
Collared Redstart,-82.5653887,8.8018727
Collared Redstart,-82.5693798,8.862514
Collared Redstart,-82.5601959,8.8674327
Collared Redstart,-82.67613,8.763977
Collared Redstart,-82.76,8.8447222
Collared Redstart,-82.4241382,8.7833815
Collared Redstart,-82.4376297,8.8117965
Collared Redstart,-82.5365496,8.7760866
Collared Redstart,-82.5035906,8.7092379
Collared Redstart,-82.442007,8.792967
Collared Redstart,-82.7292,8.90947
Collared Redstart,-82.5143623,8.7923796
Collared Redstart,-82.6565889,8.7921713
Collared Redstart,-82.5744867,8.8168855
Collared Redstart,-82.6154094,8.8996999
Collared Redstart,-82.5059509,8.847079
Collared Redstart,-82.432,8.775
Collared Redstart,-82.4884549,8.8469253
Collared Redstart,-82.3918,8.8096
Collared Redstart,-82.2381592,8.7279873
Collared Redstart,-82.4566591,8.8184907
Collared Redstart,-82.5746155,8.7914397
Collared Redstart,-82.6122293,8.8742114
Collared Redstart,-82.2087622,8.656282
Collared Redstart,-82.5186539,8.8018727
Collared Redstart,-82.4170303,8.80552
Collared Redstart,-82.5604778,8.8555992
Collared Redstart,-82.5614319,8.8411083
Collared Redstart,-82.5438074,8.7988297
Collared Redstart,-82.415657,8.7511648
Collared Redstart,-82.63103,8.7672855
Collared Redstart,-82.54271,8.808583
Collared Redstart,-82.7461481,8.9060168
Collared Redstart,-82.5,8.785
Collared Redstart,-82.5885201,8.8938908
Collared Redstart,-82.5751305,8.8927884
Collared Redstart,-82.5290394,8.8198852
Collared Redstart,-82.4760818,8.8186879
Collared Redstart,-81.787,8.503
Collared Redstart,-82.5535211,8.8757758
Collared Redstart,-82.6104091,8.8904706
Collared Redstart,-82.5627708,8.8835
Collared Redstart,-82.405924,8.805148
Collared Redstart,-82.5159931,8.8438562
Collared Redstart,-82.576415,8.8043
Collared Redstart,-82.5326443,8.8436018
Collared Redstart,-82.5468171,8.8502459
Collared Redstart,-82.4826908,8.8312007
Collared Redstart,-82.4172878,8.8198541
Collared Redstart,-82.4289018,8.7968895
Collared Redstart,-82.684076,8.8833684
Collared Redstart,-82.4047887,8.7829574
Collared Redstart,-82.4734211,8.828166
Collared Redstart,-82.5156713,8.8268513
Collared Redstart,-82.48312,8.8128214
Collared Redstart,-82.2121253,8.786267
Collared Redstart,-81.7383894,8.5346911
Collared Redstart,-81.7970324,8.5165995
Collared Redstart,-81.8115914,8.5147957
Collared Redstart,-82.1815109,8.7846539
Collared Redstart,-81.769387,8.494411
