COMMONNAME,LONGITUDE,LATITUDE
Coppery-headed Emerald,-84.4166667,10.2666667
Coppery-headed Emerald,-84.4846272,10.2028956
Coppery-headed Emerald,-84.775,10.495
Coppery-headed Emerald,-84.7021437,10.4343841
Coppery-headed Emerald,-84.6414185,10.3419401
Coppery-headed Emerald,-85.0408257,10.7130107
Coppery-headed Emerald,-84.7238159,10.363555
Coppery-headed Emerald,-84.167,10.28
Coppery-headed Emerald,-85.3262603,10.8662233
Coppery-headed Emerald,-84.5322418,10.1480149
Coppery-headed Emerald,-84.6908569,11.0274722
Coppery-headed Emerald,-84.1825676,10.3140748
Coppery-headed Emerald,-84.7512817,10.4148845
Coppery-headed Emerald,-84.2486572,10.2041099
Coppery-headed Emerald,-84.6386719,10.2210041
Coppery-headed Emerald,-84.7251892,10.3990138
Coppery-headed Emerald,-84.7864723,10.3169459
Coppery-headed Emerald,-84.7145462,10.4226507
Coppery-headed Emerald,-84.4905,10.2397
Coppery-headed Emerald,-84.73151,10.44013
Coppery-headed Emerald,-84.5277786,10.2436409
Coppery-headed Emerald,-84.514054,10.195406
Coppery-headed Emerald,-84.5755906,10.1718244
Coppery-headed Emerald,-84.1873741,10.2323227
Coppery-headed Emerald,-84.30387,10.21002
Coppery-headed Emerald,-85.0811291,10.7291762
Coppery-headed Emerald,-84.7806358,10.2985368
Coppery-headed Emerald,-84.2054266,10.2932135
Coppery-headed Emerald,-84.7650146,10.3419401
Coppery-headed Emerald,-84.692271,10.4867189
Coppery-headed Emerald,-84.5373535,10.2137867
Coppery-headed Emerald,-84.1661739,10.251158
Coppery-headed Emerald,-84.2082837,10.2220026
Coppery-headed Emerald,-84.705683,10.5028216
Coppery-headed Emerald,-84.65053,10.22864
Coppery-headed Emerald,-84.34528,10.32306
Coppery-headed Emerald,-84.1724543,10.2434996
Coppery-headed Emerald,-84.6123905,10.2052588
Coppery-headed Emerald,-84.9910896,10.7581649
Coppery-headed Emerald,-84.579706,10.331554
Coppery-headed Emerald,-85.0480628,10.7279437
Coppery-headed Emerald,-84.6669102,10.3501303
Coppery-headed Emerald,-84.1846383,10.2641013
Coppery-headed Emerald,-84.7563453,10.4893477
Coppery-headed Emerald,-84.46539,10.19467
Coppery-headed Emerald,-84.61774,10.38303
Coppery-headed Emerald,-84.1981888,10.1946488
Coppery-headed Emerald,-84.6978951,10.3513968
Coppery-headed Emerald,-84.5076513,10.185557
Coppery-headed Emerald,-84.4754219,10.1900336
Coppery-headed Emerald,-84.3971443,10.2018686
Coppery-headed Emerald,-84.636069,10.32371
Coppery-headed Emerald,-85.0266137,10.7183462
Coppery-headed Emerald,-84.4962358,10.1686293
Coppery-headed Emerald,-84.4914293,10.1516478
Coppery-headed Emerald,-84.6805573,10.331132
Coppery-headed Emerald,-84.4993112,10.1590911
Coppery-headed Emerald,-84.4110918,10.2285868
Coppery-headed Emerald,-84.72261,10.4368996
Coppery-headed Emerald,-84.5178985,10.1823691
Coppery-headed Emerald,-84.7419691,10.3242924
Coppery-headed Emerald,-84.1797,10.2113
Coppery-headed Emerald,-84.65561,10.4167
Coppery-headed Emerald,-84.392977,10.284508
Coppery-headed Emerald,-84.7746277,10.3882077
Coppery-headed Emerald,-84.4743276,10.1617861
Coppery-headed Emerald,-84.5422282,10.2317314
Coppery-headed Emerald,-84.1673222,10.2229138
Coppery-headed Emerald,-84.732779,10.462502
Coppery-headed Emerald,-84.560522,10.147838
Coppery-headed Emerald,-84.2714839,10.2539452
Coppery-headed Emerald,-84.2037488,10.1621043
Coppery-headed Emerald,-84.7622681,10.319817
Coppery-headed Emerald,-84.5219665,10.2009323
Coppery-headed Emerald,-84.18418,10.285552
Coppery-headed Emerald,-84.6703219,10.204759
Coppery-headed Emerald,-84.3172317,10.2057403
Coppery-headed Emerald,-84.73568,10.42423
Coppery-headed Emerald,-84.5336537,10.2259539
Coppery-headed Emerald,-84.59825,10.3875278
Coppery-headed Emerald,-84.174039,10.260479
Coppery-headed Emerald,-84.512277,10.156893
Coppery-headed Emerald,-84.7284937,10.3801029
Coppery-headed Emerald,-84.5546592,10.1704864
Coppery-headed Emerald,-84.6604692,10.2248715
Coppery-headed Emerald,-84.5335615,10.2042789
Coppery-headed Emerald,-84.65273,10.43187
Coppery-headed Emerald,-84.5877899,10.1551948
Coppery-headed Emerald,-84.1876654,10.2997984
Coppery-headed Emerald,-84.5481205,10.1639299
Coppery-headed Emerald,-84.2359457,10.1837344
Coppery-headed Emerald,-84.1692209,10.2045393
Coppery-headed Emerald,-83.7838937,9.7590273
Coppery-headed Emerald,-83.57555,9.81871
Coppery-headed Emerald,-83.5638,9.83193
Coppery-headed Emerald,-83.5640073,9.7932459
Coppery-headed Emerald,-83.6811065,9.8241582
Coppery-headed Emerald,-83.6423492,9.9634403
Coppery-headed Emerald,-83.75147,9.78404
Coppery-headed Emerald,-83.751667,9.793611
Coppery-headed Emerald,-83.86591,9.81734
Coppery-headed Emerald,-83.7584293,9.8479034
Coppery-headed Emerald,-83.8556385,9.768738
Coppery-headed Emerald,-83.9488935,9.8173313
Coppery-headed Emerald,-83.8870466,9.8007122
Coppery-headed Emerald,-83.7815995,9.7489842
Coppery-headed Emerald,-83.90171,9.78131
Coppery-headed Emerald,-83.6882043,9.7827945
Coppery-headed Emerald,-83.8014996,9.7662786
Coppery-headed Emerald,-83.9087677,9.7920829
Coppery-headed Emerald,-83.7953746,9.773866
Coppery-headed Emerald,-85.4259333,10.9815833
Coppery-headed Emerald,-84.790634,10.3410134
Coppery-headed Emerald,-85.42431,10.83115
Coppery-headed Emerald,-84.8086166,10.3383937
Coppery-headed Emerald,-84.8605817,10.5166616
Coppery-headed Emerald,-84.7923088,10.3505524
Coppery-headed Emerald,-84.824156,10.338743
Coppery-headed Emerald,-85.0939608,10.7263089
Coppery-headed Emerald,-84.8014144,10.3486951
Coppery-headed Emerald,-84.796257,10.322688
Coppery-headed Emerald,-84.809052,10.384847
Coppery-headed Emerald,-84.79007,10.363735
Coppery-headed Emerald,-85.404741,10.796523
Coppery-headed Emerald,-84.838465,10.3391866
Coppery-headed Emerald,-85.4592991,10.9313348
Coppery-headed Emerald,-84.1645432,10.2321538
Coppery-headed Emerald,-84.04489,10.28173
Coppery-headed Emerald,-84.152787,10.1841597
Coppery-headed Emerald,-84.1566615,10.2097127
Coppery-headed Emerald,-84.1215057,10.1387441
Coppery-headed Emerald,-84.1566467,10.1637292
Coppery-headed Emerald,-84.03424,10.30258
Coppery-headed Emerald,-84.157454,10.17556
Coppery-headed Emerald,-84.0200204,10.3305726
Coppery-headed Emerald,-84.1584626,10.1989174
Coppery-headed Emerald,-84.1615927,10.2689153
Coppery-headed Emerald,-84.1581759,10.3686515
Coppery-headed Emerald,-83.788167,10.2143479
Coppery-headed Emerald,-83.83838,10.10306
Coppery-headed Emerald,-83.9303324,10.1744332
Coppery-headed Emerald,-84.8419189,10.321928
Coppery-headed Emerald,-84.8103333,10.2831669
Coppery-headed Emerald,-84.817,10.3
Coppery-headed Emerald,-84.8305464,10.2626866
Coppery-headed Emerald,-84.79857,10.2829
Coppery-headed Emerald,-84.8429475,10.2793671
Coppery-headed Emerald,-84.80974,10.30702
Coppery-headed Emerald,-84.822049,10.32007
Coppery-headed Emerald,-84.6876394,10.2387839
Coppery-headed Emerald,-84.8335038,10.3165472
Coppery-headed Emerald,-84.7890472,10.3056726
Coppery-headed Emerald,-84.8373592,10.3047351
Coppery-headed Emerald,-84.808585,10.3188427
Coppery-headed Emerald,-84.8164165,10.3296332
Coppery-headed Emerald,-84.817724,10.311624
Coppery-headed Emerald,-84.8022652,10.2983046
Coppery-headed Emerald,-84.6713306,10.2146176
Coppery-headed Emerald,-84.8254901,10.2749604
Coppery-headed Emerald,-84.817071,10.2679962
Coppery-headed Emerald,-84.8017277,10.3122464
Coppery-headed Emerald,-83.993053,10.129258
Coppery-headed Emerald,-83.9833117,10.0623327
Coppery-headed Emerald,-83.9381358,10.1620582
