species,longitude,latitude
Dusky Nightjar,-84.3112278,10.2094317
Dusky Nightjar,-84.1794777,10.3092193
Dusky Nightjar,-84.342115,10.198391
Dusky Nightjar,-84.3123779,10.1982192
Dusky Nightjar,-84.350629,10.223761
Dusky Nightjar,-84.311757,10.222233
Dusky Nightjar,-84.2359457,10.1837344
Dusky Nightjar,-84.308923,10.237007
Dusky Nightjar,-84.2276244,10.1601302
Dusky Nightjar,-84.327541,10.1692523
Dusky Nightjar,-83.5638,9.83193
Dusky Nightjar,-83.7838937,9.7590273
Dusky Nightjar,-83.7239313,9.5582003
Dusky Nightjar,-83.7389946,9.5706208
Dusky Nightjar,-83.7595638,10.0184759
Dusky Nightjar,-83.9139175,9.7191168
Dusky Nightjar,-83.7089109,9.5657429
Dusky Nightjar,-83.4267426,9.8271396
Dusky Nightjar,-83.8352333,9.9790583
Dusky Nightjar,-83.8454247,9.9788256
Dusky Nightjar,-83.8615,9.94519
Dusky Nightjar,-83.841835,9.959394
Dusky Nightjar,-83.7580383,10.0035714
Dusky Nightjar,-83.7803021,10.0049211
Dusky Nightjar,-83.89909,9.94824
Dusky Nightjar,-83.7815995,9.7489842
Dusky Nightjar,-83.8837065,9.9309654
Dusky Nightjar,-83.888648,9.958387
Dusky Nightjar,-83.8268852,9.9685125
Dusky Nightjar,-83.876388,9.685242
Dusky Nightjar,-84.8078308,10.3728019
Dusky Nightjar,-84.1618352,10.2038227
Dusky Nightjar,-84.1588247,10.1621135
Dusky Nightjar,-82.9617,9.1116
Dusky Nightjar,-82.7819824,8.9312004
Dusky Nightjar,-84.8051376,10.3078434
Dusky Nightjar,-83.0784416,9.2449056
Dusky Nightjar,-83.8035336,9.5573486
Dusky Nightjar,-83.8511324,9.6534271
Dusky Nightjar,-83.8118112,9.5487206
Dusky Nightjar,-83.6771107,9.5544846
Dusky Nightjar,-83.8023376,9.5668968
Dusky Nightjar,-83.7678299,9.5965791
Dusky Nightjar,-83.8648471,9.668654
Dusky Nightjar,-83.6679268,9.5553014
Dusky Nightjar,-84.0014648,9.947209
Dusky Nightjar,-83.7992477,9.5795921
Dusky Nightjar,-83.8018781,9.5474956
Dusky Nightjar,-83.7660741,9.551997
Dusky Nightjar,-83.5487938,9.4575283
Dusky Nightjar,-83.704319,9.3735314
Dusky Nightjar,-83.7985922,9.5912079
Dusky Nightjar,-83.8961077,9.6620154
Dusky Nightjar,-83.7068617,9.5563276
Dusky Nightjar,-83.9507155,10.0179693
Dusky Nightjar,-83.9070511,9.6603232
Dusky Nightjar,-83.9280556,10.035
Dusky Nightjar,-83.9158015,9.6452447
Dusky Nightjar,-83.689606,9.553231
Dusky Nightjar,-83.866024,9.5541164
Dusky Nightjar,-83.85047,9.64419
Dusky Nightjar,-83.817314,9.538318
Dusky Nightjar,-83.4887061,9.484189
Dusky Nightjar,-83.5631213,9.4623898
Dusky Nightjar,-83.5941612,9.4850229
Dusky Nightjar,-83.7503028,9.5671946
Dusky Nightjar,-83.8586111,9.535
Dusky Nightjar,-83.82256,9.60596
Dusky Nightjar,-83.7915551,9.6020954
Dusky Nightjar,-83.8193536,9.6147345
Dusky Nightjar,-84.1647148,9.9113929
Dusky Nightjar,-83.6324543,9.4994662
Dusky Nightjar,-83.8777305,9.664647
Dusky Nightjar,-83.4979336,9.395757
Dusky Nightjar,-83.5846522,9.4693282
Dusky Nightjar,-84.107728,9.8551033
Dusky Nightjar,-83.7560749,9.5545396
Dusky Nightjar,-82.5693798,8.862514
Dusky Nightjar,-81.787,8.503
Dusky Nightjar,-82.5143623,8.7923796
Dusky Nightjar,-82.5941849,8.7648046
Dusky Nightjar,-82.573638,8.852224
Dusky Nightjar,-82.5535211,8.8757758
Dusky Nightjar,-82.5186539,8.8018727
Dusky Nightjar,-82.5159931,8.8438562
Dusky Nightjar,-82.5632215,8.8710369
Dusky Nightjar,-82.5537083,8.8339631
Dusky Nightjar,-82.4047887,8.7829574
Dusky Nightjar,-82.5437068,8.8492593
Dusky Nightjar,-82.5326443,8.8436018
Dusky Nightjar,-82.5013818,8.795735
Dusky Nightjar,-81.769387,8.494411
Dusky Nightjar,-82.2121253,8.786267
Dusky Nightjar,-81.7672,8.48438
