COMMONNAME,LONGITUDE,LATITUDE
Fiery-throated Hummingbird,-84.2302895,10.1993794
Fiery-throated Hummingbird,-84.2083333,10.1833333
Fiery-throated Hummingbird,-84.1950989,10.1446353
Fiery-throated Hummingbird,-84.2488289,10.186663
Fiery-throated Hummingbird,-84.30387,10.21002
Fiery-throated Hummingbird,-84.2586136,10.1422696
Fiery-throated Hummingbird,-84.31103,10.18343
Fiery-throated Hummingbird,-84.3413544,10.16525
Fiery-throated Hummingbird,-84.396046,10.22991
Fiery-throated Hummingbird,-84.2201614,10.1971831
Fiery-throated Hummingbird,-84.7864723,10.3169459
Fiery-throated Hummingbird,-84.1658306,10.2166117
Fiery-throated Hummingbird,-84.6527481,10.2279924
Fiery-throated Hummingbird,-84.359442,10.245641
Fiery-throated Hummingbird,-84.342115,10.198391
Fiery-throated Hummingbird,-84.350629,10.223761
Fiery-throated Hummingbird,-84.2225363,10.1535801
Fiery-throated Hummingbird,-84.2337,10.1598577
Fiery-throated Hummingbird,-84.1895092,10.1558088
Fiery-throated Hummingbird,-84.2289857,10.2095219
Fiery-throated Hummingbird,-84.3415,10.184259
Fiery-throated Hummingbird,-84.3172317,10.2057403
Fiery-throated Hummingbird,-84.2236918,10.1643702
Fiery-throated Hummingbird,-84.359531,10.202306
Fiery-throated Hummingbird,-84.374021,10.243488
Fiery-throated Hummingbird,-84.3804932,10.2362926
Fiery-throated Hummingbird,-84.1981888,10.1946488
Fiery-throated Hummingbird,-84.3383333,10.2186111
Fiery-throated Hummingbird,-84.2402458,10.197352
Fiery-throated Hummingbird,-84.2359457,10.1837344
Fiery-throated Hummingbird,-84.364441,10.186266
Fiery-throated Hummingbird,-84.3905836,10.1830966
Fiery-throated Hummingbird,-84.35529,10.2627
Fiery-throated Hummingbird,-84.3554306,10.2318159
Fiery-throated Hummingbird,-84.367125,10.2555654
Fiery-throated Hummingbird,-84.7835139,10.2986889
Fiery-throated Hummingbird,-84.7419691,10.3242924
Fiery-throated Hummingbird,-84.1797,10.2113
Fiery-throated Hummingbird,-84.166882,10.2276426
Fiery-throated Hummingbird,-84.3803912,10.2149962
Fiery-throated Hummingbird,-84.2037488,10.1621043
Fiery-throated Hummingbird,-84.247033,10.154858
Fiery-throated Hummingbird,-84.32905,10.284363
Fiery-throated Hummingbird,-84.7284937,10.3801029
Fiery-throated Hummingbird,-84.3669748,10.2359857
Fiery-throated Hummingbird,-84.2127276,10.157463
Fiery-throated Hummingbird,-84.2328107,10.1700655
Fiery-throated Hummingbird,-84.4846272,10.2028956
Fiery-throated Hummingbird,-83.9166667,9.7
Fiery-throated Hummingbird,-83.78088,9.6054891
Fiery-throated Hummingbird,-83.6675556,9.5547306
Fiery-throated Hummingbird,-83.8318634,9.9629331
Fiery-throated Hummingbird,-83.8615,9.94519
Fiery-throated Hummingbird,-83.874766,9.967537
Fiery-throated Hummingbird,-83.9264417,9.7996256
Fiery-throated Hummingbird,-83.7389946,9.5706208
Fiery-throated Hummingbird,-83.7608814,9.6015116
Fiery-throated Hummingbird,-83.7321281,9.5601258
Fiery-throated Hummingbird,-83.8333333,9.65
Fiery-throated Hummingbird,-83.75147,9.78404
Fiery-throated Hummingbird,-83.9534898,9.8075298
Fiery-throated Hummingbird,-83.7701567,9.9566122
Fiery-throated Hummingbird,-83.6069441,9.8502578
Fiery-throated Hummingbird,-83.7605772,9.57858
Fiery-throated Hummingbird,-83.8240314,9.9755538
Fiery-throated Hummingbird,-83.7595638,10.0184759
Fiery-throated Hummingbird,-83.7089109,9.5657429
Fiery-throated Hummingbird,-83.5638,9.83193
Fiery-throated Hummingbird,-83.831453,9.6335
Fiery-throated Hummingbird,-83.8487111,9.8417667
Fiery-throated Hummingbird,-83.7838937,9.7590273
Fiery-throated Hummingbird,-83.851819,9.9523025
Fiery-throated Hummingbird,-83.8921165,9.6814773
Fiery-throated Hummingbird,-83.5724509,9.8251575
Fiery-throated Hummingbird,-83.7796569,10.0047759
Fiery-throated Hummingbird,-83.8430214,9.9993346
Fiery-throated Hummingbird,-83.770129,9.9972372
Fiery-throated Hummingbird,-83.7580383,10.0035714
Fiery-throated Hummingbird,-83.894002,9.695086
Fiery-throated Hummingbird,-83.9053851,9.7684747
Fiery-throated Hummingbird,-83.8854111,9.957325
Fiery-throated Hummingbird,-83.8348889,9.9808801
Fiery-throated Hummingbird,-83.8454247,9.9788256
Fiery-throated Hummingbird,-83.7930036,9.9863066
Fiery-throated Hummingbird,-83.719275,10.0008032
Fiery-throated Hummingbird,-83.5640073,9.7932459
Fiery-throated Hummingbird,-83.8094187,9.7734325
Fiery-throated Hummingbird,-83.7828284,9.7442073
Fiery-throated Hummingbird,-83.9508786,9.7953079
Fiery-throated Hummingbird,-83.8418949,9.6392893
Fiery-throated Hummingbird,-83.7306422,9.9824287
Fiery-throated Hummingbird,-83.7936151,10.0052831
Fiery-throated Hummingbird,-83.9441299,9.7124411
Fiery-throated Hummingbird,-83.8437724,9.962278
Fiery-throated Hummingbird,-83.876388,9.685242
Fiery-throated Hummingbird,-84.7903551,10.3637661
Fiery-throated Hummingbird,-84.7987005,10.3425417
Fiery-throated Hummingbird,-85.0351152,10.7056303
Fiery-throated Hummingbird,-85.0123615,10.6696501
Fiery-throated Hummingbird,-84.0789163,9.9809389
Fiery-throated Hummingbird,-84.04489,10.28173
Fiery-throated Hummingbird,-84.0755,10.0998
Fiery-throated Hummingbird,-84.1582131,10.1719241
Fiery-throated Hummingbird,-84.0855467,10.0811885
Fiery-throated Hummingbird,-84.0922737,10.1515633
Fiery-throated Hummingbird,-84.1168845,10.191538
Fiery-throated Hummingbird,-84.1004276,10.1299987
Fiery-throated Hummingbird,-84.0200204,10.3305726
Fiery-throated Hummingbird,-84.0773086,10.086496
Fiery-throated Hummingbird,-84.163599,10.2073
Fiery-throated Hummingbird,-84.1587,10.1992
Fiery-throated Hummingbird,-84.0965059,10.1385986
Fiery-throated Hummingbird,-84.1094291,10.0924223
Fiery-throated Hummingbird,-84.0606236,10.09191
Fiery-throated Hummingbird,-84.0366769,10.0550647
Fiery-throated Hummingbird,-84.1037321,10.0690089
Fiery-throated Hummingbird,-84.1254311,10.1301235
Fiery-throated Hummingbird,-84.0765613,10.0752875
Fiery-throated Hummingbird,-84.0684674,10.0830694
Fiery-throated Hummingbird,-84.1091224,10.1353215
Fiery-throated Hummingbird,-84.1588247,10.1621135
Fiery-throated Hummingbird,-84.1075328,10.0289611
Fiery-throated Hummingbird,-82.9617,9.1116
Fiery-throated Hummingbird,-83.0425644,9.266146
Fiery-throated Hummingbird,-84.8225212,10.2705495
Fiery-throated Hummingbird,-82.977467,9.075691
Fiery-throated Hummingbird,-82.977796,9.092198
Fiery-throated Hummingbird,-84.8051376,10.3078434
Fiery-throated Hummingbird,-83.37293,9.33463
Fiery-throated Hummingbird,-84.8237228,10.3171148
Fiery-throated Hummingbird,-84.808585,10.3188427
Fiery-throated Hummingbird,-83.0784416,9.2449056
Fiery-throated Hummingbird,-84.7961095,10.3024372
Fiery-throated Hummingbird,-84.8403554,10.2733309
Fiery-throated Hummingbird,-83.8001728,9.5657371
Fiery-throated Hummingbird,-83.75,9.5666667
Fiery-throated Hummingbird,-83.7443161,9.5540318
Fiery-throated Hummingbird,-83.8097191,9.6149672
Fiery-throated Hummingbird,-83.8364983,9.6009192
Fiery-throated Hummingbird,-83.6771107,9.5544846
Fiery-throated Hummingbird,-83.9495802,9.7227427
Fiery-throated Hummingbird,-83.8419914,9.6140758
Fiery-throated Hummingbird,-83.7807083,9.5513233
Fiery-throated Hummingbird,-83.7185669,9.5574174
Fiery-throated Hummingbird,-83.7117004,9.5479376
Fiery-throated Hummingbird,-83.6908186,9.5104716
Fiery-throated Hummingbird,-83.8655949,9.6624385
Fiery-throated Hummingbird,-84.0014648,9.947209
Fiery-throated Hummingbird,-83.8035336,9.5573486
Fiery-throated Hummingbird,-83.7997603,9.5766441
Fiery-throated Hummingbird,-83.8375711,9.6256335
Fiery-throated Hummingbird,-83.489742,9.484958
Fiery-throated Hummingbird,-83.8290174,9.5914089
Fiery-throated Hummingbird,-83.7745285,9.5817926
Fiery-throated Hummingbird,-83.9572406,9.9604604
Fiery-throated Hummingbird,-83.8933182,9.5327018
Fiery-throated Hummingbird,-83.7660741,9.551997
Fiery-throated Hummingbird,-83.8881683,9.6691229
Fiery-throated Hummingbird,-83.866882,9.653216
Fiery-throated Hummingbird,-83.7872124,9.5870944
Fiery-throated Hummingbird,-83.8581276,9.6571925
Fiery-throated Hummingbird,-83.577531,9.4721061
Fiery-throated Hummingbird,-83.7087473,9.3703312
Fiery-throated Hummingbird,-83.7952137,9.600812
Fiery-throated Hummingbird,-83.9070511,9.6603232
Fiery-throated Hummingbird,-83.8961077,9.6620154
Fiery-throated Hummingbird,-83.8634795,9.5315465
Fiery-throated Hummingbird,-83.6983538,9.471444
Fiery-throated Hummingbird,-83.8018781,9.5474956
Fiery-throated Hummingbird,-83.8107491,9.601427
Fiery-throated Hummingbird,-83.7018567,9.4623012
Fiery-throated Hummingbird,-84.1408539,9.9205777
Fiery-throated Hummingbird,-83.8896704,9.5238562
Fiery-throated Hummingbird,-83.7113571,9.5262687
Fiery-throated Hummingbird,-83.6677953,9.4028124
Fiery-throated Hummingbird,-83.6603469,9.3605215
Fiery-throated Hummingbird,-84.1487503,9.8775403
Fiery-throated Hummingbird,-83.7068617,9.5563276
Fiery-throated Hummingbird,-83.8132215,9.5465156
Fiery-throated Hummingbird,-83.7652159,9.3205571
Fiery-throated Hummingbird,-83.866024,9.5541164
Fiery-throated Hummingbird,-83.679302,9.476229
Fiery-throated Hummingbird,-83.8526059,9.5670506
Fiery-throated Hummingbird,-83.867475,9.671276
Fiery-throated Hummingbird,-83.5253733,9.4462202
Fiery-throated Hummingbird,-83.9280556,10.035
Fiery-throated Hummingbird,-83.7560749,9.5545396
Fiery-throated Hummingbird,-83.7985922,9.5912079
Fiery-throated Hummingbird,-83.8193536,9.6147345
Fiery-throated Hummingbird,-83.82256,9.60596
Fiery-throated Hummingbird,-83.850237,9.644359
Fiery-throated Hummingbird,-83.6879253,9.5527283
Fiery-throated Hummingbird,-83.860558,9.6097932
Fiery-throated Hummingbird,-83.8529992,9.6698844
Fiery-throated Hummingbird,-83.8490832,9.6535991
Fiery-throated Hummingbird,-83.4977727,9.3960638
Fiery-throated Hummingbird,-83.9120646,9.6413125
Fiery-throated Hummingbird,-83.5487938,9.4575283
Fiery-throated Hummingbird,-83.8776675,9.6670648
Fiery-throated Hummingbird,-83.8514871,9.6354288
Fiery-throated Hummingbird,-82.5693798,8.862514
Fiery-throated Hummingbird,-82.5792384,8.869748
Fiery-throated Hummingbird,-82.5535211,8.8757758
Fiery-throated Hummingbird,-82.5522995,8.8562383
Fiery-throated Hummingbird,-82.573638,8.852224
Fiery-throated Hummingbird,-82.576415,8.8043
Fiery-throated Hummingbird,-82.3901,8.8064
Fiery-throated Hummingbird,-82.5186539,8.8018727
Fiery-throated Hummingbird,-82.2381592,8.7279873
Fiery-throated Hummingbird,-82.7461481,8.9060168
Fiery-throated Hummingbird,-82.5627708,8.8835
Fiery-throated Hummingbird,-82.5326443,8.8436018
Fiery-throated Hummingbird,-82.5156713,8.8268513
Fiery-throated Hummingbird,-82.54773,8.80782
Fiery-throated Hummingbird,-82.544698,8.849896
Fiery-throated Hummingbird,-82.4783134,8.8385979
Fiery-throated Hummingbird,-82.67323,8.83747
Fiery-throated Hummingbird,-82.4884549,8.8469253
Fiery-throated Hummingbird,-82.6104091,8.8904706
Fiery-throated Hummingbird,-82.4839549,8.813147
Fiery-throated Hummingbird,-82.5632215,8.8710369
Fiery-throated Hummingbird,-82.5159931,8.8438562
Fiery-throated Hummingbird,-82.5351143,8.8073988
Fiery-throated Hummingbird,-82.6340103,8.7697288
Fiery-throated Hummingbird,-82.5726465,8.8965301
Fiery-throated Hummingbird,-82.4734211,8.828166
Fiery-throated Hummingbird,-82.683709,8.882855
