COMMONNAME,LONGITUDE,LATITUDE
Flame-throated Warbler,-84.1895092,10.1558088
Flame-throated Warbler,-84.312923,10.2228105
Flame-throated Warbler,-84.2088318,10.2945372
Flame-throated Warbler,-84.219106,10.161649
Flame-throated Warbler,-84.31103,10.18343
Flame-throated Warbler,-84.3610096,10.167531
Flame-throated Warbler,-84.3616104,10.2346877
Flame-throated Warbler,-84.2362976,10.1993794
Flame-throated Warbler,-84.214325,10.1928748
Flame-throated Warbler,-84.322103,10.243454
Flame-throated Warbler,-84.2359457,10.1837344
Flame-throated Warbler,-84.3172317,10.2057403
Flame-throated Warbler,-84.3053913,10.1279906
Flame-throated Warbler,-84.2476702,10.1424333
Flame-throated Warbler,-84.3804932,10.2362926
Flame-throated Warbler,-84.2035009,10.1621082
Flame-throated Warbler,-84.2293024,10.1647585
Flame-throated Warbler,-84.1981888,10.1946488
Flame-throated Warbler,-84.30387,10.21002
Flame-throated Warbler,-84.2714839,10.2539452
Flame-throated Warbler,-84.7383845,10.9799684
Flame-throated Warbler,-84.35529,10.2627
Flame-throated Warbler,-84.324321,10.28738
Flame-throated Warbler,-84.367125,10.2555654
Flame-throated Warbler,-84.36512,10.18146
Flame-throated Warbler,-84.1797,10.2113
Flame-throated Warbler,-84.3803912,10.2149962
Flame-throated Warbler,-84.306888,10.238434
Flame-throated Warbler,-84.3520547,10.183315
Flame-throated Warbler,-83.8270569,9.6190292
Flame-throated Warbler,-83.7903214,9.6022732
Flame-throated Warbler,-83.75147,9.78404
Flame-throated Warbler,-83.5638,9.83193
Flame-throated Warbler,-83.7838937,9.7590273
Flame-throated Warbler,-83.7142324,10.0073962
Flame-throated Warbler,-83.8496935,9.7977795
Flame-throated Warbler,-83.9264417,9.7996256
Flame-throated Warbler,-83.7389946,9.5706208
Flame-throated Warbler,-83.9702225,9.8180058
Flame-throated Warbler,-83.8333333,9.65
Flame-throated Warbler,-83.8453817,9.9584527
Flame-throated Warbler,-83.7797213,9.8178254
Flame-throated Warbler,-83.8454247,9.9788256
Flame-throated Warbler,-83.9534898,9.8075298
Flame-throated Warbler,-83.6069441,9.8502578
Flame-throated Warbler,-83.8859972,9.9437028
Flame-throated Warbler,-83.7595638,10.0184759
Flame-throated Warbler,-83.9139175,9.7191168
Flame-throated Warbler,-83.8081,9.6336
Flame-throated Warbler,-83.7239313,9.5582003
Flame-throated Warbler,-83.7089109,9.5657429
Flame-throated Warbler,-83.7803021,10.0049211
Flame-throated Warbler,-83.8531494,9.947209
Flame-throated Warbler,-83.8757472,9.9237278
Flame-throated Warbler,-83.888855,9.7043194
Flame-throated Warbler,-83.8283873,9.9664667
Flame-throated Warbler,-83.87832,9.93423
Flame-throated Warbler,-83.8495162,9.7864955
Flame-throated Warbler,-83.951726,9.8261053
Flame-throated Warbler,-83.8130188,9.7779425
Flame-throated Warbler,-83.89909,9.94824
Flame-throated Warbler,-83.7941837,9.9835762
Flame-throated Warbler,-83.86262,9.94508
Flame-throated Warbler,-83.7309265,9.9870251
Flame-throated Warbler,-83.8854111,9.957325
Flame-throated Warbler,-83.8430214,9.9993346
Flame-throated Warbler,-83.879548,9.681562
Flame-throated Warbler,-83.7580383,10.0035714
Flame-throated Warbler,-83.83154,9.74224
Flame-throated Warbler,-83.7755585,9.986856
Flame-throated Warbler,-83.8348889,9.9808801
Flame-throated Warbler,-83.770129,9.9972372
Flame-throated Warbler,-84.121346,10.13362
Flame-throated Warbler,-84.1,10.1
Flame-throated Warbler,-84.1018524,10.1289488
Flame-throated Warbler,-84.1588247,10.1621135
Flame-throated Warbler,-84.0789163,9.9809389
Flame-throated Warbler,-84.1554022,10.1814168
Flame-throated Warbler,-84.0755,10.0998
Flame-throated Warbler,-84.1091224,10.1353215
Flame-throated Warbler,-84.0855467,10.0811885
Flame-throated Warbler,-84.1582131,10.1719241
Flame-throated Warbler,-84.1168845,10.191538
Flame-throated Warbler,-84.1618352,10.2038227
Flame-throated Warbler,-84.1264343,9.9888272
Flame-throated Warbler,-84.060483,10.091079
Flame-throated Warbler,-84.0962219,10.139228
Flame-throated Warbler,-84.0756226,10.0864595
Flame-throated Warbler,-84.078641,10.065905
Flame-throated Warbler,-84.06846,10.07764
Flame-throated Warbler,-84.147713,10.1501209
Flame-throated Warbler,-82.9617,9.1116
Flame-throated Warbler,-83.0470276,9.2729115
Flame-throated Warbler,-83.00813,9.02945
Flame-throated Warbler,-82.95936,8.785711
Flame-throated Warbler,-82.987968,9.047242
Flame-throated Warbler,-82.7900194,8.9038472
Flame-throated Warbler,-82.977467,9.075691
Flame-throated Warbler,-83.37293,9.33463
Flame-throated Warbler,-82.973299,8.7921183
Flame-throated Warbler,-82.7819824,8.9312004
Flame-throated Warbler,-82.833333,8.945278
Flame-throated Warbler,-82.9410696,8.6822574
Flame-throated Warbler,-82.737114,8.947152
Flame-throated Warbler,-83.0784416,9.2449056
Flame-throated Warbler,-83.0744934,9.2121755
Flame-throated Warbler,-82.773487,8.9720383
Flame-throated Warbler,-83.6624336,9.5638499
Flame-throated Warbler,-83.8067326,9.5757664
Flame-throated Warbler,-83.926363,9.6947591
Flame-throated Warbler,-83.7034607,9.4626081
Flame-throated Warbler,-83.9079094,9.5585177
Flame-throated Warbler,-83.8001728,9.5657371
Flame-throated Warbler,-84.1433,9.83979
Flame-throated Warbler,-83.7443161,9.5540318
Flame-throated Warbler,-83.8952065,9.6112437
Flame-throated Warbler,-83.8419914,9.6140758
Flame-throated Warbler,-83.7672973,9.5544444
Flame-throated Warbler,-83.952713,9.9708794
Flame-throated Warbler,-83.6677953,9.4028124
Flame-throated Warbler,-83.78575,9.5516667
Flame-throated Warbler,-83.5013294,9.4645554
Flame-throated Warbler,-83.7913303,9.5696233
Flame-throated Warbler,-83.7678299,9.5965791
Flame-throated Warbler,-83.8648471,9.668654
Flame-throated Warbler,-83.577531,9.4721061
Flame-throated Warbler,-83.8035336,9.5573486
Flame-throated Warbler,-83.962326,9.6522002
Flame-throated Warbler,-83.82256,9.60596
Flame-throated Warbler,-83.8300222,9.5416404
Flame-throated Warbler,-84.0014648,9.947209
Flame-throated Warbler,-83.7976801,9.5782528
Flame-throated Warbler,-83.8375711,9.6256335
Flame-throated Warbler,-83.8280642,9.5611562
Flame-throated Warbler,-83.730735,9.494004
Flame-throated Warbler,-83.494525,9.485688
Flame-throated Warbler,-83.7454989,9.489669
Flame-throated Warbler,-83.8000524,9.6130208
Flame-throated Warbler,-83.8696504,9.658504
Flame-throated Warbler,-83.7115288,9.4764926
Flame-throated Warbler,-83.8881683,9.6691229
Flame-throated Warbler,-83.890228,9.54726
Flame-throated Warbler,-83.92765,9.649873
Flame-throated Warbler,-83.8511324,9.6534271
Flame-throated Warbler,-83.81264,9.61612
Flame-throated Warbler,-83.9572406,9.9604604
Flame-throated Warbler,-83.8634795,9.5315465
Flame-throated Warbler,-83.6679268,9.5553014
Flame-throated Warbler,-84.1202974,9.8536939
Flame-throated Warbler,-83.7978959,9.5967935
Flame-throated Warbler,-83.6774635,9.4801023
Flame-throated Warbler,-84.1535997,9.9185485
Flame-throated Warbler,-83.8927603,9.6799783
Flame-throated Warbler,-83.7087473,9.3703312
Flame-throated Warbler,-83.7560749,9.5545396
Flame-throated Warbler,-83.91016,9.67416
Flame-throated Warbler,-83.9070511,9.6603232
Flame-throated Warbler,-83.83265,9.59685
Flame-throated Warbler,-83.890934,9.6033023
Flame-throated Warbler,-83.9280556,10.035
Flame-throated Warbler,-83.8018781,9.5474956
Flame-throated Warbler,-83.7513028,9.5677444
Flame-throated Warbler,-83.8107491,9.601427
Flame-throated Warbler,-83.9703679,9.959244
Flame-throated Warbler,-83.8778,9.667
Flame-throated Warbler,-83.7993672,9.5879212
Flame-throated Warbler,-83.5487938,9.4575283
Flame-throated Warbler,-83.9479065,9.7231006
Flame-throated Warbler,-83.8426781,9.6357843
Flame-throated Warbler,-83.4873304,9.4783551
Flame-throated Warbler,-83.6267281,9.3333038
Flame-throated Warbler,-83.7113571,9.5262687
Flame-throated Warbler,-83.7097907,9.5092669
Flame-throated Warbler,-83.9507155,10.0179693
Flame-throated Warbler,-84.1487503,9.8775403
Flame-throated Warbler,-83.6879253,9.5527283
Flame-throated Warbler,-83.7068617,9.5563276
Flame-throated Warbler,-83.8897777,9.5357754
Flame-throated Warbler,-83.817314,9.538318
Flame-throated Warbler,-84.1289127,9.8766813
Flame-throated Warbler,-83.866024,9.5541164
Flame-throated Warbler,-83.8132215,9.5465156
Flame-throated Warbler,-83.9158015,9.6452447
Flame-throated Warbler,-83.8526059,9.5670506
Flame-throated Warbler,-83.85047,9.64419
Flame-throated Warbler,-82.5313568,8.8972828
Flame-throated Warbler,-82.5653458,8.9159378
Flame-throated Warbler,-82.5577927,8.852846
Flame-throated Warbler,-82.5498962,8.8343573
Flame-throated Warbler,-82.6050639,8.8387059
Flame-throated Warbler,-82.759692,8.844365
Flame-throated Warbler,-82.5485176,8.8614963
Flame-throated Warbler,-82.4782499,8.8446438
Flame-throated Warbler,-82.4922191,8.8493411
Flame-throated Warbler,-82.5693798,8.862514
Flame-throated Warbler,-82.5792384,8.869748
Flame-throated Warbler,-82.4376297,8.8117965
Flame-throated Warbler,-82.5365496,8.7760866
Flame-throated Warbler,-82.5159931,8.8438562
Flame-throated Warbler,-82.5143623,8.7923796
Flame-throated Warbler,-82.5535211,8.8757758
Flame-throated Warbler,-82.6988983,8.8150083
Flame-throated Warbler,-82.5744867,8.8168855
Flame-throated Warbler,-82.6154094,8.8996999
Flame-throated Warbler,-82.5059509,8.847079
Flame-throated Warbler,-82.4261284,8.8066226
Flame-throated Warbler,-82.499,8.7751
Flame-throated Warbler,-82.3998,8.7811
Flame-throated Warbler,-82.4498606,8.8141714
Flame-throated Warbler,-82.5739717,8.8522523
Flame-throated Warbler,-82.5746155,8.7914397
Flame-throated Warbler,-82.6122293,8.8742114
Flame-throated Warbler,-82.2087622,8.656282
Flame-throated Warbler,-82.6268005,8.777506
Flame-throated Warbler,-82.5614319,8.8411083
Flame-throated Warbler,-82.415657,8.7511648
Flame-throated Warbler,-82.4826908,8.8312007
Flame-throated Warbler,-82.5,8.785
Flame-throated Warbler,-82.5885201,8.8938908
Flame-throated Warbler,-82.57067,8.87696
Flame-throated Warbler,-82.540048,8.807003
Flame-throated Warbler,-82.5632215,8.8710369
Flame-throated Warbler,-82.5802803,8.8991822
Flame-throated Warbler,-82.5186539,8.8018727
Flame-throated Warbler,-82.3952723,8.8096566
Flame-throated Warbler,-82.48312,8.8128214
Flame-throated Warbler,-82.632185,8.769893
Flame-throated Warbler,-82.6750374,8.7731799
Flame-throated Warbler,-82.5290394,8.8198852
Flame-throated Warbler,-82.4760818,8.8186879
Flame-throated Warbler,-82.5326443,8.8436018
Flame-throated Warbler,-82.5627708,8.8835
Flame-throated Warbler,-82.4619198,8.8128992
Flame-throated Warbler,-82.405924,8.805148
Flame-throated Warbler,-82.576415,8.8043
Flame-throated Warbler,-82.594727,8.854804
Flame-throated Warbler,-82.6104091,8.8904706
Flame-throated Warbler,-82.4720478,8.8271482
Flame-throated Warbler,-82.5156713,8.8268513
Flame-throated Warbler,-82.67613,8.763977
Flame-throated Warbler,-82.684076,8.8833684
Flame-throated Warbler,-82.415272,8.8051918
Flame-throated Warbler,-82.544698,8.849896
Flame-throated Warbler,-82.432,8.775
Flame-throated Warbler,-81.8115914,8.5147957
