COMMONNAME,LONGITUDE,LATITUDE
Glow-throated Hummingbird,-81.787,8.503
Glow-throated Hummingbird,-82.48312,8.8128214
Glow-throated Hummingbird,-80.662422,7.348341
Glow-throated Hummingbird,-80.67406,7.34367
Glow-throated Hummingbird,-80.75075,7.3298056
Glow-throated Hummingbird,-80.75668,7.33916
Glow-throated Hummingbird,-81.7383894,8.5346911
Glow-throated Hummingbird,-81.7725641,8.4967457
Glow-throated Hummingbird,-81.7672,8.442703
Glow-throated Hummingbird,-81.831665,8.5008956
Glow-throated Hummingbird,-81.7672,8.48438
