COMMONNAME,LONGITUDE,LATITUDE
Golden-browed Chlorophonia,-84.4059849,10.0856567
Golden-browed Chlorophonia,-84.16696,10.22171
Golden-browed Chlorophonia,-84.7680785,10.3037986
Golden-browed Chlorophonia,-84.312923,10.2228105
Golden-browed Chlorophonia,-84.7828674,10.3127237
Golden-browed Chlorophonia,-84.44384,10.18659
Golden-browed Chlorophonia,-84.6414185,10.3419401
Golden-browed Chlorophonia,-84.2302895,10.1993794
Golden-browed Chlorophonia,-84.1692553,10.3124029
Golden-browed Chlorophonia,-84.2651367,10.2716812
Golden-browed Chlorophonia,-84.3882748,10.099179
Golden-browed Chlorophonia,-84.7057797,10.4313938
Golden-browed Chlorophonia,-84.5322418,10.1480149
Golden-browed Chlorophonia,-84.2116223,10.0570407
Golden-browed Chlorophonia,-84.3930244,10.0888679
Golden-browed Chlorophonia,-84.5459747,10.1628844
Golden-browed Chlorophonia,-84.4771385,10.1764016
Golden-browed Chlorophonia,-84.1849709,10.2888252
Golden-browed Chlorophonia,-84.2049,10.1624
Golden-browed Chlorophonia,-84.4846272,10.2028956
Golden-browed Chlorophonia,-84.36936,10.2381
Golden-browed Chlorophonia,-84.396046,10.22991
Golden-browed Chlorophonia,-85.0860214,10.7317904
Golden-browed Chlorophonia,-84.6386719,10.2210041
Golden-browed Chlorophonia,-84.7293091,10.4846048
Golden-browed Chlorophonia,-84.7296524,10.3888831
Golden-browed Chlorophonia,-84.7145462,10.4226507
Golden-browed Chlorophonia,-84.7567749,10.3588269
Golden-browed Chlorophonia,-84.7251892,10.3990138
Golden-browed Chlorophonia,-84.3247032,10.213064
Golden-browed Chlorophonia,-84.17019,10.25537
Golden-browed Chlorophonia,-84.3610096,10.167531
Golden-browed Chlorophonia,-84.411724,10.191696
Golden-browed Chlorophonia,-84.4743276,10.1617861
Golden-browed Chlorophonia,-85.0408257,10.7130107
Golden-browed Chlorophonia,-84.413998,10.182343
Golden-browed Chlorophonia,-84.2410006,10.0125976
Golden-browed Chlorophonia,-84.33713,10.22127
Golden-browed Chlorophonia,-84.4855499,10.0946141
Golden-browed Chlorophonia,-84.362101,10.245908
Golden-browed Chlorophonia,-84.347298,10.185036
Golden-browed Chlorophonia,-84.3324,10.232531
Golden-browed Chlorophonia,-84.322103,10.243454
Golden-browed Chlorophonia,-84.411241,10.170193
Golden-browed Chlorophonia,-84.2292657,10.1643321
Golden-browed Chlorophonia,-84.65053,10.22864
Golden-browed Chlorophonia,-84.2094854,10.1545897
Golden-browed Chlorophonia,-84.30387,10.21002
Golden-browed Chlorophonia,-84.389481,10.176278
Golden-browed Chlorophonia,-84.25903,10.13105
Golden-browed Chlorophonia,-84.3992901,10.1010361
Golden-browed Chlorophonia,-84.212265,10.3378871
Golden-browed Chlorophonia,-84.3172317,10.2057403
Golden-browed Chlorophonia,-84.3053913,10.1279906
Golden-browed Chlorophonia,-84.360403,10.255838
Golden-browed Chlorophonia,-84.3430281,10.347403
Golden-browed Chlorophonia,-84.7622681,10.319817
Golden-browed Chlorophonia,-84.2476702,10.1424333
Golden-browed Chlorophonia,-84.1846383,10.2641013
Golden-browed Chlorophonia,-84.3804932,10.2362926
Golden-browed Chlorophonia,-84.1981888,10.1946488
Golden-browed Chlorophonia,-84.2221355,10.1559566
Golden-browed Chlorophonia,-84.2714839,10.2539452
Golden-browed Chlorophonia,-84.3224909,10.1669354
Golden-browed Chlorophonia,-84.3721461,10.2544252
Golden-browed Chlorophonia,-84.1722954,10.0474078
Golden-browed Chlorophonia,-84.364441,10.186266
Golden-browed Chlorophonia,-84.5799637,10.1574774
Golden-browed Chlorophonia,-84.6709871,10.3496237
Golden-browed Chlorophonia,-84.1971427,9.9796735
Golden-browed Chlorophonia,-84.4089675,10.1599852
Golden-browed Chlorophonia,-84.7673321,10.3419401
Golden-browed Chlorophonia,-84.1930389,10.1508875
Golden-browed Chlorophonia,-84.6122843,10.2051131
Golden-browed Chlorophonia,-84.6647,10.4398863
Golden-browed Chlorophonia,-84.428832,10.224008
Golden-browed Chlorophonia,-84.7746277,10.3882077
Golden-browed Chlorophonia,-84.31103,10.18343
Golden-browed Chlorophonia,-84.3554306,10.2318159
Golden-browed Chlorophonia,-84.2359457,10.1837344
Golden-browed Chlorophonia,-84.2651314,10.0898522
Golden-browed Chlorophonia,-84.6805573,10.331132
Golden-browed Chlorophonia,-84.7331285,10.4606771
Golden-browed Chlorophonia,-84.7835139,10.2986889
Golden-browed Chlorophonia,-84.195625,10.211371
Golden-browed Chlorophonia,-84.72261,10.4368996
Golden-browed Chlorophonia,-84.384754,10.249599
Golden-browed Chlorophonia,-84.6666333,10.2012667
Golden-browed Chlorophonia,-84.52129,10.17141
Golden-browed Chlorophonia,-84.2937881,10.215313
Golden-browed Chlorophonia,-84.5106554,10.1958315
Golden-browed Chlorophonia,-84.430331,10.266939
Golden-browed Chlorophonia,-84.42794,10.29182
Golden-browed Chlorophonia,-84.4721389,10.0153147
Golden-browed Chlorophonia,-84.4571507,10.0473275
Golden-browed Chlorophonia,-84.58263,10.14582
Golden-browed Chlorophonia,-84.49453,10.15468
Golden-browed Chlorophonia,-84.162916,10.102112
Golden-browed Chlorophonia,-84.348858,10.172855
Golden-browed Chlorophonia,-84.5842659,10.1015854
Golden-browed Chlorophonia,-84.1724543,10.2434996
Golden-browed Chlorophonia,-84.3803912,10.2149962
Golden-browed Chlorophonia,-84.452154,10.180784
Golden-browed Chlorophonia,-84.306888,10.238434
Golden-browed Chlorophonia,-84.350629,10.223761
Golden-browed Chlorophonia,-84.5333254,10.2042529
Golden-browed Chlorophonia,-84.5323062,10.1037049
Golden-browed Chlorophonia,-84.1637063,10.1168204
Golden-browed Chlorophonia,-84.7447586,10.3287677
Golden-browed Chlorophonia,-83.8267136,9.7456028
Golden-browed Chlorophonia,-83.684016,9.9010929
Golden-browed Chlorophonia,-83.6675556,9.5547306
Golden-browed Chlorophonia,-83.9166667,9.7
Golden-browed Chlorophonia,-83.7903214,9.6022732
Golden-browed Chlorophonia,-83.9270268,9.7959313
Golden-browed Chlorophonia,-83.7112629,9.9616575
Golden-browed Chlorophonia,-83.713578,10.0108828
Golden-browed Chlorophonia,-83.5724509,9.8251575
Golden-browed Chlorophonia,-83.7389946,9.5706208
Golden-browed Chlorophonia,-83.7755585,9.986856
Golden-browed Chlorophonia,-83.9231646,9.786896
Golden-browed Chlorophonia,-83.6811065,9.8241582
Golden-browed Chlorophonia,-83.6069441,9.8502578
Golden-browed Chlorophonia,-83.5640073,9.7932459
Golden-browed Chlorophonia,-83.7953746,9.773866
Golden-browed Chlorophonia,-83.8547802,9.7574455
Golden-browed Chlorophonia,-83.7803021,10.0049211
Golden-browed Chlorophonia,-83.5516357,9.8113571
Golden-browed Chlorophonia,-83.9819384,9.9401709
Golden-browed Chlorophonia,-83.9635706,9.9408684
Golden-browed Chlorophonia,-83.5638,9.83193
Golden-browed Chlorophonia,-83.8940048,9.6819836
Golden-browed Chlorophonia,-83.8308442,9.782829
Golden-browed Chlorophonia,-83.782654,9.752025
Golden-browed Chlorophonia,-83.87917,9.67896
Golden-browed Chlorophonia,-83.8017797,9.7671731
Golden-browed Chlorophonia,-83.8390759,9.8877119
Golden-browed Chlorophonia,-83.8333654,9.6305379
Golden-browed Chlorophonia,-83.9116859,9.7866472
Golden-browed Chlorophonia,-83.7227726,9.5586023
Golden-browed Chlorophonia,-83.89909,9.94824
Golden-browed Chlorophonia,-83.75147,9.78404
Golden-browed Chlorophonia,-83.8133669,9.7810027
Golden-browed Chlorophonia,-83.7462567,9.8939019
Golden-browed Chlorophonia,-83.8871264,9.7980385
Golden-browed Chlorophonia,-83.7768459,9.7636205
Golden-browed Chlorophonia,-85.3020959,10.7610429
Golden-browed Chlorophonia,-84.7981721,10.3833431
Golden-browed Chlorophonia,-84.7852707,10.3302876
Golden-browed Chlorophonia,-84.8137665,10.3372116
Golden-browed Chlorophonia,-84.8241667,10.3391667
Golden-browed Chlorophonia,-85.3466302,10.8160659
Golden-browed Chlorophonia,-84.790634,10.3410134
Golden-browed Chlorophonia,-84.783082,10.3663412
Golden-browed Chlorophonia,-85.3497716,10.7728835
Golden-browed Chlorophonia,-84.8036158,10.3607835
Golden-browed Chlorophonia,-84.804665,10.335534
Golden-browed Chlorophonia,-84.7926409,10.3600889
Golden-browed Chlorophonia,-84.8014659,10.3502675
Golden-browed Chlorophonia,-84.1532135,10.1824841
Golden-browed Chlorophonia,-84.1588247,10.1621135
Golden-browed Chlorophonia,-84.1582131,10.1719241
Golden-browed Chlorophonia,-84.04489,10.28173
Golden-browed Chlorophonia,-84.1499716,10.0649773
Golden-browed Chlorophonia,-84.0789163,9.9809389
Golden-browed Chlorophonia,-84.0892468,10.0422647
Golden-browed Chlorophonia,-84.0773086,10.086496
Golden-browed Chlorophonia,-84.0606236,10.09191
Golden-browed Chlorophonia,-84.0887332,10.0872778
Golden-browed Chlorophonia,-84.0237701,10.0112776
Golden-browed Chlorophonia,-84.127636,9.977304
Golden-browed Chlorophonia,-84.1091224,10.1353215
Golden-browed Chlorophonia,-84.1469479,10.1533832
Golden-browed Chlorophonia,-84.1618352,10.2038227
Golden-browed Chlorophonia,-84.1615927,10.2689153
Golden-browed Chlorophonia,-84.0831073,10.0321118
Golden-browed Chlorophonia,-84.0936,10.0655
Golden-browed Chlorophonia,-84.1606379,10.1329757
Golden-browed Chlorophonia,-84.14699,10.109424
Golden-browed Chlorophonia,-84.0999663,10.1346021
Golden-browed Chlorophonia,-83.8685131,10.1069652
Golden-browed Chlorophonia,-83.788167,10.2143479
Golden-browed Chlorophonia,-83.83838,10.10306
Golden-browed Chlorophonia,-83.19102,9.92668
Golden-browed Chlorophonia,-83.1788635,9.9333441
Golden-browed Chlorophonia,-83.0470276,9.2729115
Golden-browed Chlorophonia,-83.9133704,10.1736581
Golden-browed Chlorophonia,-82.7900194,8.9038472
Golden-browed Chlorophonia,-84.8419189,10.321928
Golden-browed Chlorophonia,-82.9919243,8.7866897
Golden-browed Chlorophonia,-82.8437805,8.9475645
Golden-browed Chlorophonia,-82.7819824,8.9312004
Golden-browed Chlorophonia,-84.7990036,10.2922876
Golden-browed Chlorophonia,-84.817,10.3
Golden-browed Chlorophonia,-84.80974,10.30702
Golden-browed Chlorophonia,-82.9716033,8.8209223
Golden-browed Chlorophonia,-84.8177147,10.3215058
Golden-browed Chlorophonia,-83.2907867,9.3352518
Golden-browed Chlorophonia,-84.6960068,10.229006
Golden-browed Chlorophonia,-84.7985744,10.3226036
Golden-browed Chlorophonia,-84.8200524,10.3306401
Golden-browed Chlorophonia,-84.7217153,10.2039061
Golden-browed Chlorophonia,-84.6713306,10.2146176
Golden-browed Chlorophonia,-84.6876394,10.2387839
Golden-browed Chlorophonia,-84.7051495,10.2308482
Golden-browed Chlorophonia,-84.8084229,10.275691
Golden-browed Chlorophonia,-82.977467,9.075691
Golden-browed Chlorophonia,-83.37293,9.33463
Golden-browed Chlorophonia,-83.370689,9.320131
Golden-browed Chlorophonia,-84.8220921,10.2721035
Golden-browed Chlorophonia,-82.987488,9.049774
Golden-browed Chlorophonia,-82.9608536,8.7858414
Golden-browed Chlorophonia,-83.33664,8.4037
Golden-browed Chlorophonia,-83.02781,8.78695
Golden-browed Chlorophonia,-83.069185,9.115747
Golden-browed Chlorophonia,-84.8158264,10.2895852
Golden-browed Chlorophonia,-83.01082,9.03138
Golden-browed Chlorophonia,-82.833333,8.945278
Golden-browed Chlorophonia,-82.9539785,8.8275553
Golden-browed Chlorophonia,-82.7418137,8.9454448
Golden-browed Chlorophonia,-83.017416,9.0378506
Golden-browed Chlorophonia,-82.788947,8.939869
Golden-browed Chlorophonia,-82.976631,8.785495
Golden-browed Chlorophonia,-82.9081535,8.9965845
Golden-browed Chlorophonia,-84.7942056,10.30635
Golden-browed Chlorophonia,-84.8047435,10.2993496
Golden-browed Chlorophonia,-83.0784416,9.2449056
Golden-browed Chlorophonia,-83.245982,9.262885
Golden-browed Chlorophonia,-83.0383587,8.785587
Golden-browed Chlorophonia,-84.6792269,10.252256
Golden-browed Chlorophonia,-84.6719098,10.1654189
Golden-browed Chlorophonia,-84.808585,10.3188427
Golden-browed Chlorophonia,-82.773487,8.9720383
Golden-browed Chlorophonia,-84.8198122,10.3126685
Golden-browed Chlorophonia,-84.7988529,10.2822791
Golden-browed Chlorophonia,-83.6983538,9.471444
Golden-browed Chlorophonia,-83.7554741,9.3325416
Golden-browed Chlorophonia,-83.9052486,9.6895136
Golden-browed Chlorophonia,-83.6878824,9.4377164
Golden-browed Chlorophonia,-83.7939262,9.5834853
Golden-browed Chlorophonia,-83.6771107,9.5544846
Golden-browed Chlorophonia,-83.9495802,9.7227427
Golden-browed Chlorophonia,-83.9514256,10.1524927
Golden-browed Chlorophonia,-83.5981464,9.39123
Golden-browed Chlorophonia,-83.7807083,9.5513233
Golden-browed Chlorophonia,-83.952713,9.9708794
Golden-browed Chlorophonia,-83.9280556,10.035
Golden-browed Chlorophonia,-83.798983,9.565983
Golden-browed Chlorophonia,-83.71571,9.44726
Golden-browed Chlorophonia,-84.0497661,9.9370428
Golden-browed Chlorophonia,-83.962326,9.6522002
Golden-browed Chlorophonia,-83.690033,9.502308
Golden-browed Chlorophonia,-83.9695358,9.6792761
Golden-browed Chlorophonia,-83.9833117,10.0623327
Golden-browed Chlorophonia,-83.5487938,9.4575283
Golden-browed Chlorophonia,-84.0014648,9.947209
Golden-browed Chlorophonia,-83.7991344,9.547895
Golden-browed Chlorophonia,-83.8193536,9.6147345
Golden-browed Chlorophonia,-83.7454989,9.489669
Golden-browed Chlorophonia,-83.8000524,9.6130208
Golden-browed Chlorophonia,-83.876522,9.667637
Golden-browed Chlorophonia,-83.8881683,9.6691229
Golden-browed Chlorophonia,-83.7018567,9.4623012
Golden-browed Chlorophonia,-83.8511324,9.6534271
Golden-browed Chlorophonia,-83.8000846,9.5767781
Golden-browed Chlorophonia,-83.9703679,9.959244
Golden-browed Chlorophonia,-83.749515,9.473542
Golden-browed Chlorophonia,-83.9158015,9.6452447
Golden-browed Chlorophonia,-83.7097907,9.5092669
Golden-browed Chlorophonia,-83.9070511,9.6603232
Golden-browed Chlorophonia,-83.890934,9.6033023
Golden-browed Chlorophonia,-83.83265,9.59685
Golden-browed Chlorophonia,-83.8961077,9.6620154
Golden-browed Chlorophonia,-84.0749338,9.7062102
Golden-browed Chlorophonia,-84.0666962,9.5813694
Golden-browed Chlorophonia,-83.7068617,9.5563276
Golden-browed Chlorophonia,-83.577531,9.4721061
Golden-browed Chlorophonia,-83.4873304,9.4783551
Golden-browed Chlorophonia,-83.7513028,9.5677444
Golden-browed Chlorophonia,-83.8035336,9.5573486
Golden-browed Chlorophonia,-83.7985922,9.5912079
Golden-browed Chlorophonia,-84.107058,9.8330328
Golden-browed Chlorophonia,-83.866024,9.5541164
Golden-browed Chlorophonia,-83.82256,9.60596
Golden-browed Chlorophonia,-83.730735,9.494004
Golden-browed Chlorophonia,-83.6677953,9.4028124
Golden-browed Chlorophonia,-83.9507155,10.0179693
Golden-browed Chlorophonia,-83.7560749,9.5545396
Golden-browed Chlorophonia,-83.8132215,9.5465156
Golden-browed Chlorophonia,-83.6879253,9.5527283
Golden-browed Chlorophonia,-83.84443,9.63202
Golden-browed Chlorophonia,-83.8315201,9.5320556
Golden-browed Chlorophonia,-83.9939761,9.9628486
Golden-browed Chlorophonia,-83.817314,9.538318
Golden-browed Chlorophonia,-83.8648471,9.668654
Golden-browed Chlorophonia,-84.1289878,9.889436
Golden-browed Chlorophonia,-83.85047,9.64419
Golden-browed Chlorophonia,-85.9081507,13.000885
Golden-browed Chlorophonia,-80.5926247,8.6680405
Golden-browed Chlorophonia,-82.7571774,8.8513194
Golden-browed Chlorophonia,-82.4290828,8.7838613
Golden-browed Chlorophonia,-82.7521133,8.8589521
Golden-browed Chlorophonia,-82.610364,8.8911773
Golden-browed Chlorophonia,-82.5522995,8.8562383
Golden-browed Chlorophonia,-82.5303483,8.8139594
Golden-browed Chlorophonia,-82.5365496,8.7760866
Golden-browed Chlorophonia,-82.6241398,8.8188363
Golden-browed Chlorophonia,-82.5159931,8.8438562
Golden-browed Chlorophonia,-82.5744867,8.8168855
Golden-browed Chlorophonia,-82.7498142,8.9005323
Golden-browed Chlorophonia,-82.4261284,8.8066226
Golden-browed Chlorophonia,-82.3901,8.8064
Golden-browed Chlorophonia,-82.4106,8.7718
Golden-browed Chlorophonia,-82.4929,8.7627
Golden-browed Chlorophonia,-82.4025,8.7825
Golden-browed Chlorophonia,-82.4008,8.807
Golden-browed Chlorophonia,-82.573638,8.852224
Golden-browed Chlorophonia,-82.2477722,8.7602238
Golden-browed Chlorophonia,-82.576415,8.8043
Golden-browed Chlorophonia,-82.4170303,8.80552
Golden-browed Chlorophonia,-82.4172878,8.8198541
Golden-browed Chlorophonia,-82.5664937,8.8698284
Golden-browed Chlorophonia,-82.4619198,8.8128992
Golden-browed Chlorophonia,-82.4783134,8.8385979
Golden-browed Chlorophonia,-82.5506902,8.8411749
Golden-browed Chlorophonia,-82.6267147,8.6793302
Golden-browed Chlorophonia,-82.5627708,8.8835
Golden-browed Chlorophonia,-82.4760818,8.8186879
Golden-browed Chlorophonia,-82.20068,8.7802
Golden-browed Chlorophonia,-82.51865,8.80187
Golden-browed Chlorophonia,-82.67613,8.763977
Golden-browed Chlorophonia,-82.5535211,8.8757758
Golden-browed Chlorophonia,-82.4134684,8.7855021
Golden-browed Chlorophonia,-81.787,8.503
Golden-browed Chlorophonia,-82.5326443,8.8436018
Golden-browed Chlorophonia,-82.6065874,8.6850998
Golden-browed Chlorophonia,-82.237539,8.747664
Golden-browed Chlorophonia,-82.237421,8.722559
Golden-browed Chlorophonia,-82.2196922,8.6746072
Golden-browed Chlorophonia,-82.4720478,8.8271482
Golden-browed Chlorophonia,-82.683709,8.882855
Golden-browed Chlorophonia,-82.432,8.775
Golden-browed Chlorophonia,-82.5156713,8.8268513
Golden-browed Chlorophonia,-82.54773,8.80782
Golden-browed Chlorophonia,-82.48857,8.84707
Golden-browed Chlorophonia,-82.544698,8.849896
Golden-browed Chlorophonia,-82.526321,8.6651428
Golden-browed Chlorophonia,-82.48312,8.8128214
Golden-browed Chlorophonia,-81.1433029,8.5253425
Golden-browed Chlorophonia,-81.7383894,8.5346911
Golden-browed Chlorophonia,-82.1912017,8.7794902
Golden-browed Chlorophonia,-81.79255,8.51591
Golden-browed Chlorophonia,-81.76743,8.48257
Golden-browed Chlorophonia,-82.20719,8.79421
Golden-browed Chlorophonia,-82.187562,8.7896399
Golden-browed Chlorophonia,-82.212885,8.765218
Golden-browed Chlorophonia,-81.7725641,8.4967457
Golden-browed Chlorophonia,-82.2121253,8.786267
