species,longitude,latitude
Golden-bellied Flycatcher,-84.5858002,10.3375648
Golden-bellied Flycatcher,-84.44384,10.18659
Golden-bellied Flycatcher,-84.7512817,10.4148845
Golden-bellied Flycatcher,-84.6669102,10.3501303
Golden-bellied Flycatcher,-85.0151253,10.7193094
Golden-bellied Flycatcher,-84.396046,10.22991
Golden-bellied Flycatcher,-84.3616104,10.2346877
Golden-bellied Flycatcher,-84.7145462,10.4226507
Golden-bellied Flycatcher,-84.7826099,10.2964256
Golden-bellied Flycatcher,-84.3172317,10.2057403
Golden-bellied Flycatcher,-84.2486572,10.2041099
Golden-bellied Flycatcher,-84.41909,10.18033
Golden-bellied Flycatcher,-84.65053,10.22864
Golden-bellied Flycatcher,-84.7225488,10.4913312
Golden-bellied Flycatcher,-84.275545,10.0123709
Golden-bellied Flycatcher,-84.30387,10.21002
Golden-bellied Flycatcher,-84.1724543,10.2434996
Golden-bellied Flycatcher,-84.1846657,10.2821711
Golden-bellied Flycatcher,-84.360403,10.255838
Golden-bellied Flycatcher,-84.7447586,10.3287677
Golden-bellied Flycatcher,-84.7622681,10.319817
Golden-bellied Flycatcher,-84.3804932,10.2362926
Golden-bellied Flycatcher,-84.1981888,10.1946488
Golden-bellied Flycatcher,-84.7107,10.4361
Golden-bellied Flycatcher,-84.7746277,10.3882077
Golden-bellied Flycatcher,-84.682524,10.502521
Golden-bellied Flycatcher,-84.4286871,10.1702344
Golden-bellied Flycatcher,-84.3910718,10.1850818
Golden-bellied Flycatcher,-84.2806077,10.2343076
Golden-bellied Flycatcher,-84.7941542,10.316017
Golden-bellied Flycatcher,-84.6122843,10.2051131
Golden-bellied Flycatcher,-84.6455158,10.4716242
Golden-bellied Flycatcher,-84.2359457,10.1837344
Golden-bellied Flycatcher,-84.6666333,10.2012667
Golden-bellied Flycatcher,-84.384754,10.249599
Golden-bellied Flycatcher,-85.0408257,10.7130107
Golden-bellied Flycatcher,-84.16696,10.22171
Golden-bellied Flycatcher,-84.2937881,10.215313
Golden-bellied Flycatcher,-84.7673321,10.3419401
Golden-bellied Flycatcher,-84.42453,10.26362
Golden-bellied Flycatcher,-84.732779,10.462502
Golden-bellied Flycatcher,-84.4846272,10.2028956
Golden-bellied Flycatcher,-85.0266137,10.7183462
Golden-bellied Flycatcher,-84.5335668,10.2041891
Golden-bellied Flycatcher,-84.2714839,10.2539452
Golden-bellied Flycatcher,-84.7686951,10.4950606
Golden-bellied Flycatcher,-84.17019,10.25537
Golden-bellied Flycatcher,-84.3730474,10.2541352
Golden-bellied Flycatcher,-84.31103,10.18343
Golden-bellied Flycatcher,-84.7382569,10.4328647
Golden-bellied Flycatcher,-84.5589552,10.0931521
Golden-bellied Flycatcher,-84.4866674,10.0814391
Golden-bellied Flycatcher,-84.7284937,10.3801029
Golden-bellied Flycatcher,-84.6929,10.502795
Golden-bellied Flycatcher,-84.2605667,10.2673167
Golden-bellied Flycatcher,-84.3427277,10.1796963
Golden-bellied Flycatcher,-83.8545227,9.7983841
Golden-bellied Flycatcher,-83.88731,9.9612424
Golden-bellied Flycatcher,-83.9270268,9.7959313
Golden-bellied Flycatcher,-83.8099766,9.7448415
Golden-bellied Flycatcher,-83.8267136,9.7456028
Golden-bellied Flycatcher,-83.836906,9.7955084
Golden-bellied Flycatcher,-83.5638,9.83193
Golden-bellied Flycatcher,-83.7797213,9.8178254
Golden-bellied Flycatcher,-83.796694,9.746406
Golden-bellied Flycatcher,-83.8,9.8
Golden-bellied Flycatcher,-83.8455307,9.9587422
Golden-bellied Flycatcher,-83.9231646,9.786896
Golden-bellied Flycatcher,-83.5878634,9.8043667
Golden-bellied Flycatcher,-83.7595638,10.0184759
Golden-bellied Flycatcher,-83.77911,9.73504
Golden-bellied Flycatcher,-83.9506531,9.8396559
Golden-bellied Flycatcher,-83.7905788,9.7668771
Golden-bellied Flycatcher,-83.5537934,9.8075819
Golden-bellied Flycatcher,-83.86591,9.81734
Golden-bellied Flycatcher,-83.7838937,9.7590273
Golden-bellied Flycatcher,-83.8231087,9.7850483
Golden-bellied Flycatcher,-83.8124603,9.7812353
Golden-bellied Flycatcher,-83.84918,9.97902
Golden-bellied Flycatcher,-83.7430072,9.7853165
Golden-bellied Flycatcher,-83.8438153,9.7786767
Golden-bellied Flycatcher,-83.5737276,9.7577839
Golden-bellied Flycatcher,-83.7815995,9.7489842
Golden-bellied Flycatcher,-83.7936151,10.0052831
Golden-bellied Flycatcher,-83.7580383,10.0035714
Golden-bellied Flycatcher,-83.7980461,9.826463
Golden-bellied Flycatcher,-83.5395689,9.8204849
Golden-bellied Flycatcher,-83.9604636,9.9475442
Golden-bellied Flycatcher,-83.604053,9.8158591
Golden-bellied Flycatcher,-83.5640073,9.7932459
Golden-bellied Flycatcher,-83.8547802,9.7574455
Golden-bellied Flycatcher,-83.7739277,9.779015
Golden-bellied Flycatcher,-83.876388,9.685242
Golden-bellied Flycatcher,-83.8556385,9.768738
Golden-bellied Flycatcher,-85.3497716,10.7728835
Golden-bellied Flycatcher,-84.8178864,10.3554496
Golden-bellied Flycatcher,-84.790634,10.3410134
Golden-bellied Flycatcher,-85.4022646,10.0115802
Golden-bellied Flycatcher,-84.8036158,10.3607835
Golden-bellied Flycatcher,-84.8017502,10.3476395
Golden-bellied Flycatcher,-84.7926409,10.3600889
Golden-bellied Flycatcher,-84.9359035,10.5091635
Golden-bellied Flycatcher,-85.4112468,10.8112436
Golden-bellied Flycatcher,-84.82038,10.33789
Golden-bellied Flycatcher,-84.838465,10.3391866
Golden-bellied Flycatcher,-84.809771,10.33685
Golden-bellied Flycatcher,-84.0128,10.4288
Golden-bellied Flycatcher,-84.1209412,10.4115078
Golden-bellied Flycatcher,-84.0789163,9.9809389
Golden-bellied Flycatcher,-84.04489,10.28173
Golden-bellied Flycatcher,-84.0201706,10.4527677
Golden-bellied Flycatcher,-84.084549,10.4530385
Golden-bellied Flycatcher,-84.0536499,10.4310921
Golden-bellied Flycatcher,-84.0673828,10.2176254
Golden-bellied Flycatcher,-84.0237701,10.0112776
Golden-bellied Flycatcher,-84.0051126,10.4554813
Golden-bellied Flycatcher,-84.0677,10.4502
Golden-bellied Flycatcher,-84.1457462,10.1769507
Golden-bellied Flycatcher,-84.0606236,10.09191
Golden-bellied Flycatcher,-84.1615927,10.2689153
Golden-bellied Flycatcher,-84.1618352,10.2038227
Golden-bellied Flycatcher,-84.154619,10.1870037
Golden-bellied Flycatcher,-83.83838,10.10306
Golden-bellied Flycatcher,-83.9133704,10.1736581
Golden-bellied Flycatcher,-83.9285945,10.1727728
Golden-bellied Flycatcher,-82.833333,8.945278
Golden-bellied Flycatcher,-84.8262978,10.3155104
Golden-bellied Flycatcher,-82.8760529,8.9544321
Golden-bellied Flycatcher,-84.7890472,10.3056726
Golden-bellied Flycatcher,-84.8056917,10.2987806
Golden-bellied Flycatcher,-84.8352644,10.3045345
Golden-bellied Flycatcher,-84.6713306,10.2146176
Golden-bellied Flycatcher,-84.6876394,10.2387839
Golden-bellied Flycatcher,-84.80974,10.30702
Golden-bellied Flycatcher,-82.737114,8.947152
Golden-bellied Flycatcher,-82.788947,8.939869
Golden-bellied Flycatcher,-82.7819824,8.9312004
Golden-bellied Flycatcher,-84.808585,10.3188427
Golden-bellied Flycatcher,-83.0383587,8.785587
Golden-bellied Flycatcher,-82.9919243,8.7866897
Golden-bellied Flycatcher,-82.959255,9.023506
Golden-bellied Flycatcher,-84.7988319,10.3073446
Golden-bellied Flycatcher,-82.9608536,8.7858414
Golden-bellied Flycatcher,-84.8186899,10.2728699
Golden-bellied Flycatcher,-83.0462749,8.7556851
Golden-bellied Flycatcher,-82.9052258,8.8061169
Golden-bellied Flycatcher,-84.8045483,10.2823393
Golden-bellied Flycatcher,-83.7765026,9.3053536
Golden-bellied Flycatcher,-83.9514256,10.1524927
Golden-bellied Flycatcher,-83.993053,10.129258
Golden-bellied Flycatcher,-83.6267281,9.3333038
Golden-bellied Flycatcher,-83.7678299,9.5965791
Golden-bellied Flycatcher,-83.8648471,9.668654
Golden-bellied Flycatcher,-83.690033,9.502308
Golden-bellied Flycatcher,-84.0286732,9.9485828
Golden-bellied Flycatcher,-83.8290174,9.5914089
Golden-bellied Flycatcher,-83.9572406,9.9604604
Golden-bellied Flycatcher,-84.0311784,9.9305488
Golden-bellied Flycatcher,-83.8564956,9.6529492
Golden-bellied Flycatcher,-83.7660741,9.551997
Golden-bellied Flycatcher,-84.0808207,9.9401854
Golden-bellied Flycatcher,-83.81132,9.54681
Golden-bellied Flycatcher,-83.8634795,9.5315465
Golden-bellied Flycatcher,-83.8035336,9.5573486
Golden-bellied Flycatcher,-83.9833117,10.0623327
Golden-bellied Flycatcher,-83.7985922,9.5912079
Golden-bellied Flycatcher,-83.817314,9.538318
Golden-bellied Flycatcher,-83.7087473,9.3703312
Golden-bellied Flycatcher,-83.6677953,9.4028124
Golden-bellied Flycatcher,-83.8018781,9.5474956
Golden-bellied Flycatcher,-83.9158015,9.6452447
Golden-bellied Flycatcher,-84.0666962,9.5813694
Golden-bellied Flycatcher,-83.8000846,9.5767781
Golden-bellied Flycatcher,-83.6878824,9.4377164
Golden-bellied Flycatcher,-83.6603469,9.3605215
Golden-bellied Flycatcher,-83.82256,9.60596
Golden-bellied Flycatcher,-83.7513028,9.5677444
Golden-bellied Flycatcher,-83.9070511,9.6603232
Golden-bellied Flycatcher,-83.730735,9.494004
Golden-bellied Flycatcher,-83.79166,9.33104
Golden-bellied Flycatcher,-83.8315201,9.5320556
Golden-bellied Flycatcher,-84.009726,9.9433624
Golden-bellied Flycatcher,-83.85321,9.56343
Golden-bellied Flycatcher,-83.577531,9.4721061
Golden-bellied Flycatcher,-83.85047,9.64419
Golden-bellied Flycatcher,-83.5835338,9.4525095
Golden-bellied Flycatcher,-83.5487938,9.4575283
Golden-bellied Flycatcher,-83.5941612,9.4850229
Golden-bellied Flycatcher,-83.6983538,9.471444
Golden-bellied Flycatcher,-83.9782345,9.9796666
Golden-bellied Flycatcher,-83.8903141,9.5228009
Golden-bellied Flycatcher,-83.929074,10.0370162
Golden-bellied Flycatcher,-83.8440943,9.5340561
Golden-bellied Flycatcher,-83.9454298,10.0252003
Golden-bellied Flycatcher,-83.749515,9.473542
Golden-bellied Flycatcher,-83.8592434,9.5495768
Golden-bellied Flycatcher,-83.9381358,10.1620582
Golden-bellied Flycatcher,-82.6107717,8.8924224
Golden-bellied Flycatcher,-82.4327374,8.8112876
Golden-bellied Flycatcher,-82.576415,8.8043
Golden-bellied Flycatcher,-82.573638,8.852224
Golden-bellied Flycatcher,-82.7370286,8.8988939
Golden-bellied Flycatcher,-82.5963709,8.6919962
Golden-bellied Flycatcher,-82.2325802,8.7079963
Golden-bellied Flycatcher,-82.5186539,8.8018727
Golden-bellied Flycatcher,-82.5632215,8.8710369
Golden-bellied Flycatcher,-82.432,8.775
Golden-bellied Flycatcher,-82.20068,8.7802
Golden-bellied Flycatcher,-82.5535211,8.8757758
Golden-bellied Flycatcher,-82.5159931,8.8438562
Golden-bellied Flycatcher,-82.5326443,8.8436018
Golden-bellied Flycatcher,-82.5437068,8.8492593
Golden-bellied Flycatcher,-82.3952723,8.8096566
Golden-bellied Flycatcher,-82.237421,8.722559
Golden-bellied Flycatcher,-82.4734211,8.828166
Golden-bellied Flycatcher,-82.683709,8.882855
Golden-bellied Flycatcher,-82.67323,8.83747
Golden-bellied Flycatcher,-82.4889194,8.8474087
Golden-bellied Flycatcher,-82.48312,8.8128214
Golden-bellied Flycatcher,-82.4826908,8.8312007
Golden-bellied Flycatcher,-82.2287816,8.7465034
Golden-bellied Flycatcher,-82.4812314,8.841997
Golden-bellied Flycatcher,-82.4564776,8.8181916
Golden-bellied Flycatcher,-82.2188911,8.6740926
Golden-bellied Flycatcher,-82.5726465,8.8965301
Golden-bellied Flycatcher,-81.1626148,8.5493946
Golden-bellied Flycatcher,-81.8043762,8.5155968
Golden-bellied Flycatcher,-82.1912017,8.7794902
Golden-bellied Flycatcher,-82.2121253,8.786267
Golden-bellied Flycatcher,-82.187562,8.7896399
Golden-bellied Flycatcher,-82.205675,8.7938113
