COMMONNAME,LONGITUDE,LATITUDE
Long-tailed Silky-flycatcher,-84.3154335,10.207151
Long-tailed Silky-flycatcher,-84.1950989,10.1446353
Long-tailed Silky-flycatcher,-84.2136383,10.1723465
Long-tailed Silky-flycatcher,-84.2049,10.1624
Long-tailed Silky-flycatcher,-84.2734194,10.1540979
Long-tailed Silky-flycatcher,-84.3633699,10.2561538
Long-tailed Silky-flycatcher,-84.396046,10.22991
Long-tailed Silky-flycatcher,-84.36936,10.2381
Long-tailed Silky-flycatcher,-84.3610096,10.167531
Long-tailed Silky-flycatcher,-84.390793,10.181553
Long-tailed Silky-flycatcher,-84.420898,10.176595
Long-tailed Silky-flycatcher,-84.3730474,10.2541352
Long-tailed Silky-flycatcher,-84.359442,10.245641
Long-tailed Silky-flycatcher,-84.1895092,10.1558088
Long-tailed Silky-flycatcher,-84.30387,10.21002
Long-tailed Silky-flycatcher,-84.384054,10.24997
Long-tailed Silky-flycatcher,-84.332469,10.22067
Long-tailed Silky-flycatcher,-84.322103,10.243454
Long-tailed Silky-flycatcher,-84.2094854,10.1545897
Long-tailed Silky-flycatcher,-84.2256319,10.1676302
Long-tailed Silky-flycatcher,-84.3053913,10.1279906
Long-tailed Silky-flycatcher,-84.1846657,10.2821711
Long-tailed Silky-flycatcher,-84.3804932,10.2362926
Long-tailed Silky-flycatcher,-84.1846383,10.2641013
Long-tailed Silky-flycatcher,-84.2714839,10.2539452
Long-tailed Silky-flycatcher,-84.1957426,10.1632223
Long-tailed Silky-flycatcher,-84.1673112,10.125667
Long-tailed Silky-flycatcher,-84.35529,10.2627
Long-tailed Silky-flycatcher,-84.18441,10.166948
Long-tailed Silky-flycatcher,-84.2937881,10.215313
Long-tailed Silky-flycatcher,-84.33318,10.27763
Long-tailed Silky-flycatcher,-84.166882,10.2276426
Long-tailed Silky-flycatcher,-84.162916,10.102112
Long-tailed Silky-flycatcher,-84.348858,10.172855
Long-tailed Silky-flycatcher,-84.362527,10.183746
Long-tailed Silky-flycatcher,-84.379136,10.221255
Long-tailed Silky-flycatcher,-84.1637063,10.1168204
Long-tailed Silky-flycatcher,-84.350629,10.223761
Long-tailed Silky-flycatcher,-84.3520547,10.183315
Long-tailed Silky-flycatcher,-84.3236303,10.2017582
Long-tailed Silky-flycatcher,-84.1991597,10.0577163
Long-tailed Silky-flycatcher,-84.247033,10.154858
Long-tailed Silky-flycatcher,-84.2359457,10.1837344
Long-tailed Silky-flycatcher,-84.4246606,10.2746942
Long-tailed Silky-flycatcher,-84.2251021,10.1552068
Long-tailed Silky-flycatcher,-84.37385,10.271354
Long-tailed Silky-flycatcher,-84.237627,10.167108
Long-tailed Silky-flycatcher,-84.276,10.2451667
Long-tailed Silky-flycatcher,-84.3427277,10.1796963
Long-tailed Silky-flycatcher,-84.1745853,10.1577361
Long-tailed Silky-flycatcher,-84.476829,10.501097
Long-tailed Silky-flycatcher,-83.5638,9.83193
Long-tailed Silky-flycatcher,-83.8454247,9.9788256
Long-tailed Silky-flycatcher,-83.6280155,9.8832056
Long-tailed Silky-flycatcher,-83.9283371,9.7922944
Long-tailed Silky-flycatcher,-83.8496935,9.7977795
Long-tailed Silky-flycatcher,-83.5640073,9.7932459
Long-tailed Silky-flycatcher,-83.7389946,9.5706208
Long-tailed Silky-flycatcher,-83.9702225,9.8180058
Long-tailed Silky-flycatcher,-83.7130737,9.9445037
Long-tailed Silky-flycatcher,-83.7112629,9.9616575
Long-tailed Silky-flycatcher,-83.8333333,9.65
Long-tailed Silky-flycatcher,-83.6675556,9.5547306
Long-tailed Silky-flycatcher,-83.7635995,9.6030202
Long-tailed Silky-flycatcher,-83.6069441,9.8502578
Long-tailed Silky-flycatcher,-83.7838937,9.7590273
Long-tailed Silky-flycatcher,-83.7595638,10.0184759
Long-tailed Silky-flycatcher,-83.9139175,9.7191168
Long-tailed Silky-flycatcher,-83.77587,9.74986
Long-tailed Silky-flycatcher,-83.8081,9.6336
Long-tailed Silky-flycatcher,-83.7089109,9.5657429
Long-tailed Silky-flycatcher,-83.9819384,9.9401709
Long-tailed Silky-flycatcher,-83.8757472,9.9237278
Long-tailed Silky-flycatcher,-83.7796569,10.0047759
Long-tailed Silky-flycatcher,-83.920154,9.702564
Long-tailed Silky-flycatcher,-83.851819,9.9523025
Long-tailed Silky-flycatcher,-83.7292314,9.9654692
Long-tailed Silky-flycatcher,-83.9493227,9.916804
Long-tailed Silky-flycatcher,-83.8333654,9.6305379
Long-tailed Silky-flycatcher,-83.9196682,9.930661
Long-tailed Silky-flycatcher,-83.8495162,9.7864955
Long-tailed Silky-flycatcher,-83.713578,10.0108828
Long-tailed Silky-flycatcher,-83.8283873,9.9664667
Long-tailed Silky-flycatcher,-83.89909,9.94824
Long-tailed Silky-flycatcher,-83.951726,9.8261053
Long-tailed Silky-flycatcher,-83.7941837,9.9835762
Long-tailed Silky-flycatcher,-83.83392,9.98182
Long-tailed Silky-flycatcher,-83.8430214,9.9993346
Long-tailed Silky-flycatcher,-83.9635706,9.9408684
Long-tailed Silky-flycatcher,-83.83154,9.74224
Long-tailed Silky-flycatcher,-83.894002,9.695086
Long-tailed Silky-flycatcher,-83.8416481,9.9583991
Long-tailed Silky-flycatcher,-83.8547802,9.7574455
Long-tailed Silky-flycatcher,-83.7580383,10.0035714
Long-tailed Silky-flycatcher,-83.878563,9.9341595
Long-tailed Silky-flycatcher,-83.6442757,9.8769754
Long-tailed Silky-flycatcher,-83.75147,9.78404
Long-tailed Silky-flycatcher,-83.5740495,9.8368229
Long-tailed Silky-flycatcher,-83.5724509,9.8251575
Long-tailed Silky-flycatcher,-83.8903624,9.9266307
Long-tailed Silky-flycatcher,-83.7239313,9.5582003
Long-tailed Silky-flycatcher,-83.9151079,9.8790317
Long-tailed Silky-flycatcher,-83.86262,9.94508
Long-tailed Silky-flycatcher,-83.886691,9.679284
Long-tailed Silky-flycatcher,-83.9599228,9.9495338
Long-tailed Silky-flycatcher,-83.8854111,9.957325
Long-tailed Silky-flycatcher,-83.8861818,9.9442784
Long-tailed Silky-flycatcher,-83.7150693,9.9827986
Long-tailed Silky-flycatcher,-83.876388,9.685242
Long-tailed Silky-flycatcher,-83.7059678,9.9886481
Long-tailed Silky-flycatcher,-83.8487111,9.8417667
Long-tailed Silky-flycatcher,-83.9087677,9.7920829
Long-tailed Silky-flycatcher,-83.7306422,9.9824287
Long-tailed Silky-flycatcher,-83.954827,9.794648
Long-tailed Silky-flycatcher,-83.8556385,9.768738
Long-tailed Silky-flycatcher,-83.7715083,9.8284649
Long-tailed Silky-flycatcher,-83.9133383,9.857029
Long-tailed Silky-flycatcher,-84.1618352,10.2038227
Long-tailed Silky-flycatcher,-84.0855467,10.0811885
Long-tailed Silky-flycatcher,-84.1152782,9.9943039
Long-tailed Silky-flycatcher,-84.0789163,9.9809389
Long-tailed Silky-flycatcher,-84.0892468,10.0422647
Long-tailed Silky-flycatcher,-84.0606236,10.09191
Long-tailed Silky-flycatcher,-84.1448744,10.1770156
Long-tailed Silky-flycatcher,-84.1072083,10.0364714
Long-tailed Silky-flycatcher,-84.0756226,10.0864595
Long-tailed Silky-flycatcher,-84.0380931,10.0308932
Long-tailed Silky-flycatcher,-84.1560459,10.1600119
Long-tailed Silky-flycatcher,-84.0936,10.0655
Long-tailed Silky-flycatcher,-84.159362,10.036567
Long-tailed Silky-flycatcher,-84.14699,10.109424
Long-tailed Silky-flycatcher,-84.0366769,10.0550647
Long-tailed Silky-flycatcher,-84.1037321,10.0690089
Long-tailed Silky-flycatcher,-84.1254311,10.1301235
Long-tailed Silky-flycatcher,-84.147713,10.1501209
Long-tailed Silky-flycatcher,-84.0995264,10.1342853
Long-tailed Silky-flycatcher,-84.0765613,10.0752875
Long-tailed Silky-flycatcher,-84.082194,10.0577479
Long-tailed Silky-flycatcher,-84.1091224,10.1353215
Long-tailed Silky-flycatcher,-84.1537714,10.1823151
Long-tailed Silky-flycatcher,-83.9303324,10.1744332
Long-tailed Silky-flycatcher,-83.6826424,10.0361835
Long-tailed Silky-flycatcher,-83.00813,9.02945
Long-tailed Silky-flycatcher,-84.79857,10.2829
Long-tailed Silky-flycatcher,-82.977796,9.092198
Long-tailed Silky-flycatcher,-83.37293,9.33463
Long-tailed Silky-flycatcher,-82.987488,9.049774
Long-tailed Silky-flycatcher,-84.148407,9.2223987
Long-tailed Silky-flycatcher,-83.0744934,9.2121755
Long-tailed Silky-flycatcher,-82.8324938,8.9447665
Long-tailed Silky-flycatcher,-82.9608536,8.7858414
Long-tailed Silky-flycatcher,-83.726061,8.6314995
Long-tailed Silky-flycatcher,-83.3172655,9.2014098
Long-tailed Silky-flycatcher,-83.9473915,10.146832
Long-tailed Silky-flycatcher,-83.5009003,9.4910537
Long-tailed Silky-flycatcher,-83.926363,9.6947591
Long-tailed Silky-flycatcher,-83.9079094,9.5585177
Long-tailed Silky-flycatcher,-83.8449097,9.5696052
Long-tailed Silky-flycatcher,-83.6771107,9.5544846
Long-tailed Silky-flycatcher,-84.1635132,9.7997374
Long-tailed Silky-flycatcher,-84.1433,9.83979
Long-tailed Silky-flycatcher,-83.9495802,9.7227427
Long-tailed Silky-flycatcher,-83.79031,9.54905
Long-tailed Silky-flycatcher,-84.1365194,9.8900969
Long-tailed Silky-flycatcher,-83.7089539,9.4649787
Long-tailed Silky-flycatcher,-83.8001728,9.5657371
Long-tailed Silky-flycatcher,-83.7807083,9.5513233
Long-tailed Silky-flycatcher,-83.6207199,9.4742914
Long-tailed Silky-flycatcher,-83.7115288,9.4764926
Long-tailed Silky-flycatcher,-83.7913303,9.5696233
Long-tailed Silky-flycatcher,-83.7675535,9.5517377
Long-tailed Silky-flycatcher,-83.82256,9.60596
Long-tailed Silky-flycatcher,-83.7089539,9.4294187
Long-tailed Silky-flycatcher,-83.690033,9.502308
Long-tailed Silky-flycatcher,-83.8982964,9.6841382
Long-tailed Silky-flycatcher,-83.9572406,9.9604604
Long-tailed Silky-flycatcher,-83.8696504,9.658504
Long-tailed Silky-flycatcher,-83.79777,9.59711
Long-tailed Silky-flycatcher,-83.8260518,9.5432129
Long-tailed Silky-flycatcher,-84.0211201,9.6404384
Long-tailed Silky-flycatcher,-83.704319,9.3735314
Long-tailed Silky-flycatcher,-83.5487938,9.4575283
Long-tailed Silky-flycatcher,-83.7953186,9.4776167
Long-tailed Silky-flycatcher,-84.1289127,9.8766813
Long-tailed Silky-flycatcher,-83.8634795,9.5315465
Long-tailed Silky-flycatcher,-83.8562011,9.6409085
Long-tailed Silky-flycatcher,-83.890934,9.6033023
Long-tailed Silky-flycatcher,-83.8018781,9.5474956
Long-tailed Silky-flycatcher,-83.8035336,9.5573486
Long-tailed Silky-flycatcher,-83.9760536,9.9548756
Long-tailed Silky-flycatcher,-83.9070511,9.6603232
Long-tailed Silky-flycatcher,-83.6603469,9.3605215
Long-tailed Silky-flycatcher,-83.817314,9.538318
Long-tailed Silky-flycatcher,-83.7560749,9.5545396
Long-tailed Silky-flycatcher,-83.9507155,10.0179693
Long-tailed Silky-flycatcher,-83.8648471,9.668654
Long-tailed Silky-flycatcher,-83.8132215,9.5465156
Long-tailed Silky-flycatcher,-83.8000846,9.5767781
Long-tailed Silky-flycatcher,-83.8659811,9.5558402
Long-tailed Silky-flycatcher,-83.8897777,9.5357754
Long-tailed Silky-flycatcher,-84.1487503,9.8775403
Long-tailed Silky-flycatcher,-83.9777997,9.689117
Long-tailed Silky-flycatcher,-83.6481643,9.3301857
Long-tailed Silky-flycatcher,-83.85321,9.56343
Long-tailed Silky-flycatcher,-83.730735,9.494004
Long-tailed Silky-flycatcher,-84.032793,9.6961128
Long-tailed Silky-flycatcher,-83.5253733,9.4462202
Long-tailed Silky-flycatcher,-84.0749338,9.7062102
Long-tailed Silky-flycatcher,-83.5631213,9.4623898
Long-tailed Silky-flycatcher,-83.710289,9.531802
Long-tailed Silky-flycatcher,-83.9158015,9.6452447
Long-tailed Silky-flycatcher,-83.8631916,9.5409546
Long-tailed Silky-flycatcher,-83.7993672,9.5879212
Long-tailed Silky-flycatcher,-83.9782345,9.9796666
Long-tailed Silky-flycatcher,-83.8193536,9.6147345
Long-tailed Silky-flycatcher,-84.1608927,9.900964
Long-tailed Silky-flycatcher,-83.7068617,9.5563276
Long-tailed Silky-flycatcher,-83.9611366,9.9908858
Long-tailed Silky-flycatcher,-84.0502167,9.9569046
Long-tailed Silky-flycatcher,-83.8440943,9.5340561
Long-tailed Silky-flycatcher,-83.5054939,9.4564801
Long-tailed Silky-flycatcher,-83.8359,9.5942
Long-tailed Silky-flycatcher,-84.1405531,9.9086882
Long-tailed Silky-flycatcher,-83.8511324,9.6534271
Long-tailed Silky-flycatcher,-83.7406549,9.5615752
Long-tailed Silky-flycatcher,-83.6983538,9.471444
Long-tailed Silky-flycatcher,-83.6327632,9.5011837
Long-tailed Silky-flycatcher,-83.9251133,10.0312611
Long-tailed Silky-flycatcher,-83.88886,9.66111
Long-tailed Silky-flycatcher,-83.6895769,9.5546438
Long-tailed Silky-flycatcher,-83.577531,9.4721061
Long-tailed Silky-flycatcher,-83.860558,9.6097932
Long-tailed Silky-flycatcher,-84.142181,9.8031488
Long-tailed Silky-flycatcher,-83.749515,9.473542
Long-tailed Silky-flycatcher,-84.064934,9.602157
Long-tailed Silky-flycatcher,-84.0015602,9.8701269
Long-tailed Silky-flycatcher,-83.8529992,9.6698844
Long-tailed Silky-flycatcher,-83.4979336,9.395757
Long-tailed Silky-flycatcher,-83.4873304,9.4783551
Long-tailed Silky-flycatcher,-83.8592434,9.5495768
Long-tailed Silky-flycatcher,-83.7940121,9.6085357
Long-tailed Silky-flycatcher,-83.8448651,9.642372
Long-tailed Silky-flycatcher,-83.7513028,9.5677444
Long-tailed Silky-flycatcher,-83.569925,9.433816
Long-tailed Silky-flycatcher,-83.9351402,10.0311488
Long-tailed Silky-flycatcher,-83.8776675,9.6670648
Long-tailed Silky-flycatcher,-82.5653458,8.9159378
Long-tailed Silky-flycatcher,-82.539236,8.866268
Long-tailed Silky-flycatcher,-82.76,8.8447222
Long-tailed Silky-flycatcher,-82.4376297,8.8117965
Long-tailed Silky-flycatcher,-82.5752299,8.8695577
Long-tailed Silky-flycatcher,-82.5143623,8.7923796
Long-tailed Silky-flycatcher,-82.5577927,8.852846
Long-tailed Silky-flycatcher,-82.6304913,8.8189211
Long-tailed Silky-flycatcher,-82.5744867,8.8168855
Long-tailed Silky-flycatcher,-82.6011372,8.7458874
Long-tailed Silky-flycatcher,-82.7498142,8.9005323
Long-tailed Silky-flycatcher,-82.5614319,8.8411083
Long-tailed Silky-flycatcher,-82.5438074,8.7988297
Long-tailed Silky-flycatcher,-82.5,8.785
Long-tailed Silky-flycatcher,-82.6126385,8.8073012
Long-tailed Silky-flycatcher,-82.6565889,8.7921713
Long-tailed Silky-flycatcher,-82.53685,8.8060289
Long-tailed Silky-flycatcher,-82.59182,8.88771
Long-tailed Silky-flycatcher,-82.576415,8.8043
Long-tailed Silky-flycatcher,-82.59663,8.86619
Long-tailed Silky-flycatcher,-82.5290394,8.8198852
Long-tailed Silky-flycatcher,-82.5632215,8.8710369
Long-tailed Silky-flycatcher,-82.6104091,8.8904706
Long-tailed Silky-flycatcher,-82.5506902,8.8411749
Long-tailed Silky-flycatcher,-82.4760818,8.8186879
Long-tailed Silky-flycatcher,-82.5627708,8.8835
Long-tailed Silky-flycatcher,-82.20068,8.7802
Long-tailed Silky-flycatcher,-82.5655094,8.8596359
Long-tailed Silky-flycatcher,-82.4693307,8.7311069
Long-tailed Silky-flycatcher,-82.4826908,8.8312007
Long-tailed Silky-flycatcher,-82.4289018,8.7968895
Long-tailed Silky-flycatcher,-82.238432,8.749822
Long-tailed Silky-flycatcher,-82.5535211,8.8757758
Long-tailed Silky-flycatcher,-82.5156713,8.8268513
Long-tailed Silky-flycatcher,-82.5326443,8.8436018
Long-tailed Silky-flycatcher,-82.544698,8.849896
Long-tailed Silky-flycatcher,-82.4148349,8.7502509
Long-tailed Silky-flycatcher,-82.3997698,8.7575341
Long-tailed Silky-flycatcher,-82.592044,8.858384
Long-tailed Silky-flycatcher,-82.48312,8.8128214
Long-tailed Silky-flycatcher,-82.4619198,8.8128992
Long-tailed Silky-flycatcher,-82.4734211,8.828166
Long-tailed Silky-flycatcher,-82.4814,8.8416
Long-tailed Silky-flycatcher,-82.573638,8.852224
Long-tailed Silky-flycatcher,-82.59686,8.8795914
Long-tailed Silky-flycatcher,-82.4934825,8.8459702
Long-tailed Silky-flycatcher,-82.5013818,8.795735
Long-tailed Silky-flycatcher,-82.6484775,8.8376498
Long-tailed Silky-flycatcher,-82.4047887,8.7829574
Long-tailed Silky-flycatcher,-82.683709,8.882855
Long-tailed Silky-flycatcher,-82.5159931,8.8438562
Long-tailed Silky-flycatcher,-82.5186539,8.8018727
Long-tailed Silky-flycatcher,-82.6340103,8.7697288
Long-tailed Silky-flycatcher,-82.432,8.775
Long-tailed Silky-flycatcher,-82.3952723,8.8096566
Long-tailed Silky-flycatcher,-82.5967598,8.8486267
