species,longitude,latitude
Ochraceous Pewee,-83.7903214,9.6022732
Ochraceous Pewee,-83.7142324,10.0073962
Ochraceous Pewee,-83.7239313,9.5582003
Ochraceous Pewee,-83.887524,9.677661
Ochraceous Pewee,-83.8854111,9.957325
Ochraceous Pewee,-82.9617,9.1116
Ochraceous Pewee,-83.802681,9.569012
Ochraceous Pewee,-83.8018781,9.5474956
Ochraceous Pewee,-83.8511324,9.6534271
Ochraceous Pewee,-83.7660741,9.551997
Ochraceous Pewee,-83.7992477,9.5795921
Ochraceous Pewee,-83.8132215,9.5465156
Ochraceous Pewee,-83.795407,9.533767
Ochraceous Pewee,-83.9070511,9.6603232
Ochraceous Pewee,-83.82256,9.60596
Ochraceous Pewee,-83.7513028,9.5677444
Ochraceous Pewee,-83.8648471,9.668654
Ochraceous Pewee,-83.8035336,9.5573486
Ochraceous Pewee,-83.8526059,9.5670506
Ochraceous Pewee,-83.8631916,9.5409546
Ochraceous Pewee,-83.7068617,9.5563276
Ochraceous Pewee,-83.8193536,9.6147345
Ochraceous Pewee,-83.7985922,9.5912079
Ochraceous Pewee,-83.5487938,9.4575283
Ochraceous Pewee,-83.8448651,9.642372
Ochraceous Pewee,-82.4327374,8.8112876
Ochraceous Pewee,-82.5159931,8.8438562
Ochraceous Pewee,-82.6151728,8.8935469
Ochraceous Pewee,-82.5535211,8.8757758
Ochraceous Pewee,-82.5668049,8.8697436
Ochraceous Pewee,-82.5326443,8.8436018
Ochraceous Pewee,-82.523961,8.848516
Ochraceous Pewee,-82.544698,8.849896
Ochraceous Pewee,-82.4826908,8.8312007
Ochraceous Pewee,-82.570796,8.8837459
