species,longitude,latitude
Scintillant Hummingbird,-84.30387,10.21002
Scintillant Hummingbird,-84.3172317,10.2057403
Scintillant Hummingbird,-84.312923,10.2228105
Scintillant Hummingbird,-84.16696,10.22171
Scintillant Hummingbird,-84.4846272,10.2028956
Scintillant Hummingbird,-84.2359457,10.1837344
Scintillant Hummingbird,-84.391222,10.1844271
Scintillant Hummingbird,-84.3154335,10.207151
Scintillant Hummingbird,-84.2302895,10.1993794
Scintillant Hummingbird,-84.3112278,10.2094317
Scintillant Hummingbird,-84.2049,10.1624
Scintillant Hummingbird,-84.2488289,10.186663
Scintillant Hummingbird,-84.3930244,10.0888679
Scintillant Hummingbird,-84.3224909,10.1669354
Scintillant Hummingbird,-84.3610096,10.167531
Scintillant Hummingbird,-84.3413544,10.16525
Scintillant Hummingbird,-84.3427277,10.1796963
Scintillant Hummingbird,-84.3586493,10.2001397
Scintillant Hummingbird,-84.396046,10.22991
Scintillant Hummingbird,-84.32112,10.20177
Scintillant Hummingbird,-84.3616104,10.2346877
Scintillant Hummingbird,-84.36936,10.2381
Scintillant Hummingbird,-84.350629,10.223761
Scintillant Hummingbird,-84.390036,10.173009
Scintillant Hummingbird,-84.3247032,10.213064
Scintillant Hummingbird,-84.411241,10.170193
Scintillant Hummingbird,-84.384054,10.24997
Scintillant Hummingbird,-84.401797,10.170802
Scintillant Hummingbird,-84.420898,10.176595
Scintillant Hummingbird,-84.389481,10.176278
Scintillant Hummingbird,-84.42074,10.185189
Scintillant Hummingbird,-84.5997208,10.3338012
Scintillant Hummingbird,-84.1873741,10.2323227
Scintillant Hummingbird,-84.3555164,10.1613637
Scintillant Hummingbird,-84.3903637,10.188651
Scintillant Hummingbird,-84.6615451,10.3596936
Scintillant Hummingbird,-84.413998,10.182343
Scintillant Hummingbird,-84.390793,10.181553
Scintillant Hummingbird,-84.2260182,10.1626035
Scintillant Hummingbird,-84.2102253,10.1578116
Scintillant Hummingbird,-84.22963,10.16474
Scintillant Hummingbird,-84.394396,10.173479
Scintillant Hummingbird,-84.1905625,10.1339144
Scintillant Hummingbird,-84.3171662,10.2039979
Scintillant Hummingbird,-84.2289857,10.2095219
Scintillant Hummingbird,-84.24725,10.14202
Scintillant Hummingbird,-84.25903,10.13105
Scintillant Hummingbird,-84.395597,10.180099
Scintillant Hummingbird,-84.17019,10.25537
Scintillant Hummingbird,-84.3053913,10.1279906
Scintillant Hummingbird,-84.39704,10.182511
Scintillant Hummingbird,-84.2257404,10.0305129
Scintillant Hummingbird,-84.2035009,10.1621082
Scintillant Hummingbird,-84.3383333,10.2186111
Scintillant Hummingbird,-84.2040896,10.1606456
Scintillant Hummingbird,-84.2714839,10.2539452
Scintillant Hummingbird,-84.3721461,10.2544252
Scintillant Hummingbird,-84.1698217,10.159705
Scintillant Hummingbird,-84.4161558,10.1657231
Scintillant Hummingbird,-84.411757,10.1944109
Scintillant Hummingbird,-84.3910718,10.1850818
Scintillant Hummingbird,-84.381424,10.184467
Scintillant Hummingbird,-84.198604,10.1610159
Scintillant Hummingbird,-84.3730474,10.2541352
Scintillant Hummingbird,-84.390295,10.178537
Scintillant Hummingbird,-84.367125,10.2555654
Scintillant Hummingbird,-84.390793,10.181553
Scintillant Hummingbird,-84.1957,10.1569
Scintillant Hummingbird,-84.6805573,10.331132
Scintillant Hummingbird,-84.35529,10.2627
Scintillant Hummingbird,-84.3173593,10.2047936
Scintillant Hummingbird,-84.3173218,10.2040677
Scintillant Hummingbird,-84.315514,10.169713
Scintillant Hummingbird,-84.2937881,10.215313
Scintillant Hummingbird,-84.3721032,10.2543252
Scintillant Hummingbird,-84.33318,10.27763
Scintillant Hummingbird,-84.4721389,10.0153147
Scintillant Hummingbird,-84.7419691,10.3242924
Scintillant Hummingbird,-84.1797,10.2113
Scintillant Hummingbird,-84.163959,10.117445
Scintillant Hummingbird,-84.2276244,10.1601302
Scintillant Hummingbird,-84.1637063,10.1168204
Scintillant Hummingbird,-84.1982751,10.1345682
Scintillant Hummingbird,-84.1960886,10.1569758
Scintillant Hummingbird,-84.2112082,10.1228682
Scintillant Hummingbird,-84.2037488,10.1621043
Scintillant Hummingbird,-84.3520547,10.183315
Scintillant Hummingbird,-84.198969,10.160089
Scintillant Hummingbird,-84.3236303,10.2017582
Scintillant Hummingbird,-84.24736,10.14176
Scintillant Hummingbird,-84.388175,10.1856098
Scintillant Hummingbird,-84.1961825,10.1568849
Scintillant Hummingbird,-84.31103,10.18343
Scintillant Hummingbird,-84.196242,10.157052
Scintillant Hummingbird,-84.195952,10.156967
Scintillant Hummingbird,-84.25144,10.1387687
Scintillant Hummingbird,-84.1948092,10.1646691
Scintillant Hummingbird,-84.32905,10.284363
Scintillant Hummingbird,-84.2971408,10.2164889
Scintillant Hummingbird,-84.308923,10.237007
Scintillant Hummingbird,-84.1950479,10.1414948
Scintillant Hummingbird,-84.2251021,10.1552068
Scintillant Hummingbird,-84.226091,10.157912
Scintillant Hummingbird,-84.19622,10.15699
Scintillant Hummingbird,-84.195396,10.141
Scintillant Hummingbird,-84.3825592,10.1536293
Scintillant Hummingbird,-84.36512,10.18146
Scintillant Hummingbird,-84.421503,10.164351
Scintillant Hummingbird,-83.7854746,9.8954227
Scintillant Hummingbird,-83.7239313,9.5582003
Scintillant Hummingbird,-83.8267136,9.7456028
Scintillant Hummingbird,-83.7838937,9.7590273
Scintillant Hummingbird,-83.931427,9.8599516
Scintillant Hummingbird,-83.9103448,9.8544401
Scintillant Hummingbird,-83.9025879,9.8308607
Scintillant Hummingbird,-83.5638,9.83193
Scintillant Hummingbird,-83.8615,9.94519
Scintillant Hummingbird,-83.8280869,9.755077
Scintillant Hummingbird,-83.8454247,9.9788256
Scintillant Hummingbird,-83.7107697,9.9618289
Scintillant Hummingbird,-83.9702225,9.8180058
Scintillant Hummingbird,-83.7608814,9.6015116
Scintillant Hummingbird,-83.75147,9.78404
Scintillant Hummingbird,-83.8359786,9.8131925
Scintillant Hummingbird,-83.8333333,9.65
Scintillant Hummingbird,-83.835597,9.8284505
Scintillant Hummingbird,-83.8455307,9.9587422
Scintillant Hummingbird,-83.6069441,9.8502578
Scintillant Hummingbird,-83.8487111,9.8417667
Scintillant Hummingbird,-83.8321901,9.8233677
Scintillant Hummingbird,-83.8377657,9.8303971
Scintillant Hummingbird,-83.8392939,9.8306568
Scintillant Hummingbird,-83.8327217,9.8284082
Scintillant Hummingbird,-83.8490069,9.8542733
Scintillant Hummingbird,-83.8081,9.6336
Scintillant Hummingbird,-83.9506531,9.8396559
Scintillant Hummingbird,-83.7112629,9.9616575
Scintillant Hummingbird,-83.8547802,9.7574455
Scintillant Hummingbird,-83.8854111,9.957325
Scintillant Hummingbird,-83.8887799,9.8408293
Scintillant Hummingbird,-83.8461971,9.7806221
Scintillant Hummingbird,-83.8483751,9.8420767
Scintillant Hummingbird,-83.8286877,9.828239
Scintillant Hummingbird,-83.9635706,9.9408684
Scintillant Hummingbird,-83.8518834,9.798511
Scintillant Hummingbird,-83.8348675,9.828893
Scintillant Hummingbird,-83.886612,9.67721
Scintillant Hummingbird,-83.9473808,9.8626154
Scintillant Hummingbird,-83.5624248,9.8315426
Scintillant Hummingbird,-83.885355,9.966223
Scintillant Hummingbird,-83.9819384,9.9401709
Scintillant Hummingbird,-83.8793278,9.8324993
Scintillant Hummingbird,-83.8900264,9.8393738
Scintillant Hummingbird,-83.878672,9.834248
Scintillant Hummingbird,-83.8776755,9.8332393
Scintillant Hummingbird,-83.8250184,9.8987822
Scintillant Hummingbird,-83.9435,9.90917
Scintillant Hummingbird,-83.8495162,9.7864955
Scintillant Hummingbird,-83.91508,9.84783
Scintillant Hummingbird,-83.7533,9.96338
Scintillant Hummingbird,-83.92969,9.85874
Scintillant Hummingbird,-83.8778687,9.8333555
Scintillant Hummingbird,-83.98959,9.85859
Scintillant Hummingbird,-83.8653135,9.8623705
Scintillant Hummingbird,-83.8483521,9.8423336
Scintillant Hummingbird,-83.8841,9.85751
Scintillant Hummingbird,-83.89909,9.94824
Scintillant Hummingbird,-83.8304194,9.83153
Scintillant Hummingbird,-83.84918,9.97902
Scintillant Hummingbird,-83.9080381,9.8527637
Scintillant Hummingbird,-83.9053851,9.7684747
Scintillant Hummingbird,-83.9312124,9.8615449
Scintillant Hummingbird,-83.9434436,9.9091272
Scintillant Hummingbird,-83.8348889,9.9808801
Scintillant Hummingbird,-83.7852037,9.9122391
Scintillant Hummingbird,-83.88901,9.8509055
Scintillant Hummingbird,-83.6442757,9.8769754
Scintillant Hummingbird,-83.5625643,9.831421
Scintillant Hummingbird,-83.8115029,9.8855884
Scintillant Hummingbird,-83.96571,9.81978
Scintillant Hummingbird,-83.9599228,9.9495338
Scintillant Hummingbird,-83.7796569,10.0047759
Scintillant Hummingbird,-83.7936151,10.0052831
Scintillant Hummingbird,-83.7856017,9.8954343
Scintillant Hummingbird,-83.7103164,9.9433412
Scintillant Hummingbird,-83.8274197,9.9678461
Scintillant Hummingbird,-83.8869,9.67738
Scintillant Hummingbird,-83.8533941,9.8297611
Scintillant Hummingbird,-83.9666575,9.945856
Scintillant Hummingbird,-83.9692674,9.8581167
Scintillant Hummingbird,-83.9604636,9.9475442
Scintillant Hummingbird,-84.790634,10.3410134
Scintillant Hummingbird,-84.7903551,10.3637661
Scintillant Hummingbird,-84.81015,10.33648
Scintillant Hummingbird,-84.79014,10.3638
Scintillant Hummingbird,-84.7955355,10.3437924
Scintillant Hummingbird,-84.1496086,10.1664327
Scintillant Hummingbird,-84.161905,10.2043944
Scintillant Hummingbird,-84.1199524,9.9947713
Scintillant Hummingbird,-84.1,10.1
Scintillant Hummingbird,-84.1018524,10.1289488
Scintillant Hummingbird,-84.1567755,10.1961694
Scintillant Hummingbird,-84.1588247,10.1621135
Scintillant Hummingbird,-84.1618352,10.2038227
Scintillant Hummingbird,-84.1645646,10.1216324
Scintillant Hummingbird,-84.0128,10.4288
Scintillant Hummingbird,-84.0855467,10.0811885
Scintillant Hummingbird,-84.1004276,10.1299987
Scintillant Hummingbird,-84.0677,10.4502
Scintillant Hummingbird,-84.0789163,9.9809389
Scintillant Hummingbird,-84.0892468,10.0422647
Scintillant Hummingbird,-84.0957123,10.0626112
Scintillant Hummingbird,-84.0887332,10.0872778
Scintillant Hummingbird,-84.0237701,10.0112776
Scintillant Hummingbird,-84.1585994,10.1986403
Scintillant Hummingbird,-84.1072083,10.0364714
Scintillant Hummingbird,-84.0606236,10.09191
Scintillant Hummingbird,-84.082777,10.042545
Scintillant Hummingbird,-84.0966511,10.0809258
Scintillant Hummingbird,-84.088499,10.075224
Scintillant Hummingbird,-84.1091224,10.1353215
Scintillant Hummingbird,-84.0249825,10.0502925
Scintillant Hummingbird,-84.082194,10.0577479
Scintillant Hummingbird,-84.14699,10.109424
Scintillant Hummingbird,-84.0999663,10.1346021
Scintillant Hummingbird,-84.159362,10.036567
Scintillant Hummingbird,-84.0830898,10.0567761
Scintillant Hummingbird,-84.1037321,10.0690089
Scintillant Hummingbird,-84.0713285,10.0865664
Scintillant Hummingbird,-84.071725,10.086406
Scintillant Hummingbird,-84.1505098,10.0824455
Scintillant Hummingbird,-84.1580586,10.1769088
Scintillant Hummingbird,-84.1623974,10.2162544
Scintillant Hummingbird,-84.1584975,10.1619695
Scintillant Hummingbird,-84.0773177,10.0837286
Scintillant Hummingbird,-84.1528809,10.1579315
Scintillant Hummingbird,-84.0038252,10.454389
Scintillant Hummingbird,-83.788167,10.2143479
Scintillant Hummingbird,-83.9133704,10.1736581
Scintillant Hummingbird,-83.9303324,10.1744332
Scintillant Hummingbird,-84.7956777,10.3038148
Scintillant Hummingbird,-84.80974,10.30702
Scintillant Hummingbird,-84.7961095,10.3024372
Scintillant Hummingbird,-84.811053,10.311797
Scintillant Hummingbird,-84.7890472,10.3056726
Scintillant Hummingbird,-84.801718,10.3014671
Scintillant Hummingbird,-82.8437805,8.9475645
Scintillant Hummingbird,-82.833333,8.945278
Scintillant Hummingbird,-84.808585,10.3188427
Scintillant Hummingbird,-83.00813,9.02945
Scintillant Hummingbird,-84.8234332,10.3131354
Scintillant Hummingbird,-82.7642177,8.9076861
Scintillant Hummingbird,-84.79857,10.2829
Scintillant Hummingbird,-84.7988529,10.2822791
Scintillant Hummingbird,-82.987488,9.049774
Scintillant Hummingbird,-83.069185,9.115747
Scintillant Hummingbird,-82.977467,9.075691
Scintillant Hummingbird,-84.8090458,10.3019147
Scintillant Hummingbird,-84.8237228,10.3171148
Scintillant Hummingbird,-82.7819824,8.9312004
Scintillant Hummingbird,-83.37293,9.33463
Scintillant Hummingbird,-83.01082,9.03138
Scintillant Hummingbird,-84.7958654,10.3025533
Scintillant Hummingbird,-83.2846498,9.22631
Scintillant Hummingbird,-82.7418137,8.9454448
Scintillant Hummingbird,-84.8239535,10.3133254
Scintillant Hummingbird,-83.0657387,9.1273513
Scintillant Hummingbird,-82.960229,8.786072
Scintillant Hummingbird,-82.737114,8.947152
Scintillant Hummingbird,-83.017416,9.0378506
Scintillant Hummingbird,-84.80775,10.30616
Scintillant Hummingbird,-84.8047435,10.2993496
Scintillant Hummingbird,-84.8020506,10.3019797
Scintillant Hummingbird,-84.8162478,10.3112897
Scintillant Hummingbird,-84.8051376,10.3078434
Scintillant Hummingbird,-82.959255,9.023506
Scintillant Hummingbird,-84.8080587,10.3063784
Scintillant Hummingbird,-82.773487,8.9720383
Scintillant Hummingbird,-84.8200524,10.3306401
Scintillant Hummingbird,-84.79543,10.30258
Scintillant Hummingbird,-84.8114,10.31301
Scintillant Hummingbird,-82.7766609,8.9186839
Scintillant Hummingbird,-82.9608536,8.7858414
Scintillant Hummingbird,-82.7417882,8.9463652
Scintillant Hummingbird,-82.921078,8.900578
Scintillant Hummingbird,-84.80765,10.306252
Scintillant Hummingbird,-84.804588,10.307314
Scintillant Hummingbird,-84.7925234,10.2813934
Scintillant Hummingbird,-84.8343658,10.3278811
Scintillant Hummingbird,-83.8909149,9.6105667
Scintillant Hummingbird,-83.8075056,9.5505389
Scintillant Hummingbird,-83.8035336,9.5573486
Scintillant Hummingbird,-83.97,9.65
Scintillant Hummingbird,-83.71571,9.44726
Scintillant Hummingbird,-83.8073561,9.5505021
Scintillant Hummingbird,-83.8067326,9.5757664
Scintillant Hummingbird,-83.7499809,9.5663467
Scintillant Hummingbird,-83.7018567,9.4623012
Scintillant Hummingbird,-83.8648471,9.668654
Scintillant Hummingbird,-83.7997627,9.578238
Scintillant Hummingbird,-83.5009003,9.4910537
Scintillant Hummingbird,-83.8060284,9.5547935
Scintillant Hummingbird,-83.730735,9.494004
Scintillant Hummingbird,-83.8000846,9.5767781
Scintillant Hummingbird,-83.6983538,9.471444
Scintillant Hummingbird,-83.9147327,9.6450452
Scintillant Hummingbird,-83.8018781,9.5474956
Scintillant Hummingbird,-83.9079094,9.5585177
Scintillant Hummingbird,-83.7992477,9.5795921
Scintillant Hummingbird,-83.8449097,9.5696052
Scintillant Hummingbird,-83.7993672,9.5879212
Scintillant Hummingbird,-83.7640572,9.5540741
Scintillant Hummingbird,-83.8001728,9.5657371
Scintillant Hummingbird,-83.9158015,9.6452447
Scintillant Hummingbird,-83.7,9.37
Scintillant Hummingbird,-83.82256,9.60596
Scintillant Hummingbird,-84.1433,9.83979
Scintillant Hummingbird,-83.8095474,9.5521697
Scintillant Hummingbird,-83.801136,9.5608029
Scintillant Hummingbird,-83.577531,9.4721061
Scintillant Hummingbird,-83.75,9.5666667
Scintillant Hummingbird,-83.8118112,9.5487206
Scintillant Hummingbird,-83.7880898,9.5883939
Scintillant Hummingbird,-83.7995911,9.5689281
Scintillant Hummingbird,-83.8193536,9.6147345
Scintillant Hummingbird,-84.1433,9.83979
Scintillant Hummingbird,-84.1433,9.83979
Scintillant Hummingbird,-84.1433,9.83979
Scintillant Hummingbird,-83.6771107,9.5544846
Scintillant Hummingbird,-83.8504565,9.6529406
Scintillant Hummingbird,-83.9138559,9.6492713
Scintillant Hummingbird,-83.7984065,9.5652516
Scintillant Hummingbird,-83.7118077,9.4453894
Scintillant Hummingbird,-83.8010427,9.5707922
Scintillant Hummingbird,-83.800047,9.5763313
Scintillant Hummingbird,-83.80753,9.55
Scintillant Hummingbird,-83.7672973,9.5544444
Scintillant Hummingbird,-83.7539291,9.5702823
Scintillant Hummingbird,-83.802681,9.569012
Scintillant Hummingbird,-83.7268066,9.5540318
Scintillant Hummingbird,-83.7513028,9.5677444
Scintillant Hummingbird,-83.798983,9.565983
Scintillant Hummingbird,-83.9159548,9.6481534
Scintillant Hummingbird,-83.7115288,9.4764926
Scintillant Hummingbird,-83.8023806,9.5486782
Scintillant Hummingbird,-83.817314,9.538318
Scintillant Hummingbird,-83.8023376,9.5668968
Scintillant Hummingbird,-83.9862728,9.9688083
Scintillant Hummingbird,-83.6677953,9.4028124
Scintillant Hummingbird,-83.8075056,9.5505389
Scintillant Hummingbird,-83.694852,9.470923
Scintillant Hummingbird,-83.7678299,9.5965791
Scintillant Hummingbird,-83.8075,9.55055
Scintillant Hummingbird,-83.80153,9.56463
Scintillant Hummingbird,-83.79791,9.58339
Scintillant Hummingbird,-83.7675535,9.5517377
Scintillant Hummingbird,-83.84554,9.64319
Scintillant Hummingbird,-83.8655949,9.6624385
Scintillant Hummingbird,-83.962326,9.6522002
Scintillant Hummingbird,-83.8018227,9.5577559
Scintillant Hummingbird,-84.093118,9.8636616
Scintillant Hummingbird,-83.8511324,9.6534271
Scintillant Hummingbird,-83.690033,9.502308
Scintillant Hummingbird,-84.1072083,9.8322138
Scintillant Hummingbird,-83.7560749,9.5545396
Scintillant Hummingbird,-83.806572,9.5499182
Scintillant Hummingbird,-83.8063073,9.5511963
Scintillant Hummingbird,-83.8042259,9.5558939
Scintillant Hummingbird,-83.8083867,9.5486441
Scintillant Hummingbird,-83.7204552,9.4467758
Scintillant Hummingbird,-83.7068617,9.5563276
Scintillant Hummingbird,-83.8300222,9.5416404
Scintillant Hummingbird,-83.7364197,9.5547089
Scintillant Hummingbird,-83.69836,9.471444
Scintillant Hummingbird,-83.7952995,9.5604192
Scintillant Hummingbird,-84.0014648,9.947209
Scintillant Hummingbird,-83.9112568,9.6502314
Scintillant Hummingbird,-83.8911588,9.6057958
Scintillant Hummingbird,-83.8125396,9.5454449
Scintillant Hummingbird,-83.7997603,9.5766441
Scintillant Hummingbird,-83.8718176,9.6652617
Scintillant Hummingbird,-83.8634795,9.5315465
Scintillant Hummingbird,-83.80778,9.550556
Scintillant Hummingbird,-83.8290174,9.5914089
Scintillant Hummingbird,-83.489742,9.484958
Scintillant Hummingbird,-83.9572406,9.9604604
Scintillant Hummingbird,-83.5008813,9.4141988
Scintillant Hummingbird,-84.0283298,9.950506
Scintillant Hummingbird,-83.7999359,9.5729887
Scintillant Hummingbird,-83.9151554,9.6519
Scintillant Hummingbird,-83.9070511,9.6603232
Scintillant Hummingbird,-83.8132215,9.5465156
Scintillant Hummingbird,-83.806865,9.550032
Scintillant Hummingbird,-83.8049126,9.552339
Scintillant Hummingbird,-83.800106,9.5778995
Scintillant Hummingbird,-83.8154685,9.5383323
Scintillant Hummingbird,-83.8881683,9.6691229
Scintillant Hummingbird,-83.7660741,9.551997
Scintillant Hummingbird,-84.0211201,9.6404384
Scintillant Hummingbird,-83.8135052,9.5512193
Scintillant Hummingbird,-83.8045692,9.5557246
Scintillant Hummingbird,-83.7660956,9.5519052
Scintillant Hummingbird,-83.669858,9.4031274
Scintillant Hummingbird,-84.1487503,9.8775403
Scintillant Hummingbird,-84.1202974,9.8536939
Scintillant Hummingbird,-83.7670612,9.5522543
Scintillant Hummingbird,-83.877427,9.666833
Scintillant Hummingbird,-84.008275,10.0471204
Scintillant Hummingbird,-83.9507155,10.0179693
Scintillant Hummingbird,-84.099808,9.8895493
Scintillant Hummingbird,-83.7953186,9.4776167
Scintillant Hummingbird,-84.1289127,9.8766813
Scintillant Hummingbird,-83.9703679,9.959244
Scintillant Hummingbird,-84.0091252,9.9432778
Scintillant Hummingbird,-84.0059388,9.9486039
Scintillant Hummingbird,-83.807494,9.5507152
Scintillant Hummingbird,-83.70877,9.373329
Scintillant Hummingbird,-83.795407,9.533767
Scintillant Hummingbird,-83.808006,9.550168
Scintillant Hummingbird,-83.807823,9.551004
Scintillant Hummingbird,-83.8019943,9.5740063
Scintillant Hummingbird,-83.9133435,9.6444207
Scintillant Hummingbird,-83.8490081,9.6534183
Scintillant Hummingbird,-83.7482965,9.5696341
Scintillant Hummingbird,-83.916074,9.647351
Scintillant Hummingbird,-83.7087473,9.3703312
Scintillant Hummingbird,-83.7097907,9.5092669
Scintillant Hummingbird,-83.8078806,9.5509778
Scintillant Hummingbird,-83.8065541,9.5537778
Scintillant Hummingbird,-83.7952137,9.600812
Scintillant Hummingbird,-83.804698,9.5512192
Scintillant Hummingbird,-83.85931,9.54724
Scintillant Hummingbird,-83.8101938,9.5475216
Scintillant Hummingbird,-83.8054919,9.548911
Scintillant Hummingbird,-83.993053,10.129258
Scintillant Hummingbird,-83.9703679,9.959244
Scintillant Hummingbird,-84.0749338,9.7062102
Scintillant Hummingbird,-84.0666962,9.5813694
Scintillant Hummingbird,-83.997628,9.980684
Scintillant Hummingbird,-83.803003,9.547141
Scintillant Hummingbird,-83.8560677,9.6516473
Scintillant Hummingbird,-83.9939761,9.9628486
Scintillant Hummingbird,-83.8072815,9.5508849
Scintillant Hummingbird,-83.7988615,9.5802125
Scintillant Hummingbird,-84.1289878,9.889436
Scintillant Hummingbird,-84.107058,9.8330328
Scintillant Hummingbird,-83.8086569,9.5476414
Scintillant Hummingbird,-84.1457462,9.838472
Scintillant Hummingbird,-83.8156629,9.5443403
Scintillant Hummingbird,-83.4873304,9.4783551
Scintillant Hummingbird,-83.9775181,9.6065046
Scintillant Hummingbird,-83.7985922,9.5912079
Scintillant Hummingbird,-83.8017368,9.5634041
Scintillant Hummingbird,-83.8493688,9.6527158
Scintillant Hummingbird,-83.9708233,9.6411407
Scintillant Hummingbird,-83.807513,9.5505254
Scintillant Hummingbird,-83.866024,9.5541164
Scintillant Hummingbird,-83.7996769,9.5554481
Scintillant Hummingbird,-83.7995267,9.5817406
Scintillant Hummingbird,-83.807407,9.5506199
Scintillant Hummingbird,-83.8164783,9.5417376
Scintillant Hummingbird,-83.8659811,9.5558402
Scintillant Hummingbird,-83.859375,9.547286
Scintillant Hummingbird,-83.7983873,9.5835784
Scintillant Hummingbird,-83.8493824,9.6526567
Scintillant Hummingbird,-84.009726,9.9433624
Scintillant Hummingbird,-83.9777997,9.689117
Scintillant Hummingbird,-83.80919,9.55333
Scintillant Hummingbird,-83.85026,9.64449
Scintillant Hummingbird,-84.10525,9.74232
Scintillant Hummingbird,-83.79687,9.58361
Scintillant Hummingbird,-83.802579,9.5584794
Scintillant Hummingbird,-83.8526059,9.5670506
Scintillant Hummingbird,-83.5487938,9.4575283
Scintillant Hummingbird,-83.9782266,9.9796344
Scintillant Hummingbird,-83.5631213,9.4623898
Scintillant Hummingbird,-83.9280556,10.035
Scintillant Hummingbird,-83.964331,9.619976
Scintillant Hummingbird,-83.7089244,9.4631426
Scintillant Hummingbird,-83.850262,9.643413
Scintillant Hummingbird,-84.032793,9.6961128
Scintillant Hummingbird,-83.9851463,9.5512386
Scintillant Hummingbird,-83.805904,9.556263
Scintillant Hummingbird,-83.5941612,9.4850229
Scintillant Hummingbird,-83.7971234,9.5823753
Scintillant Hummingbird,-83.8006683,9.589312
Scintillant Hummingbird,-84.10706,9.832896
Scintillant Hummingbird,-83.9782354,9.9796662
Scintillant Hummingbird,-83.9782688,9.9798574
Scintillant Hummingbird,-83.9782345,9.9796666
Scintillant Hummingbird,-83.695428,9.471941
Scintillant Hummingbird,-83.8631916,9.5409546
Scintillant Hummingbird,-83.9726043,9.6670287
Scintillant Hummingbird,-83.8095179,9.5534552
Scintillant Hummingbird,-83.5834828,9.4712939
Scintillant Hummingbird,-83.8440943,9.5340561
Scintillant Hummingbird,-83.799418,9.589099
Scintillant Hummingbird,-83.9780147,9.9796489
Scintillant Hummingbird,-83.6980855,9.4708704
Scintillant Hummingbird,-83.803195,9.558677
Scintillant Hummingbird,-83.807721,9.550741
Scintillant Hummingbird,-84.1608927,9.900964
Scintillant Hummingbird,-83.8602304,9.5368071
Scintillant Hummingbird,-83.859347,9.547252
Scintillant Hummingbird,-83.807487,9.550763
Scintillant Hummingbird,-83.9611366,9.9908858
Scintillant Hummingbird,-84.1280758,9.8677602
Scintillant Hummingbird,-83.8075646,9.5504365
Scintillant Hummingbird,-84.1225612,9.8766813
Scintillant Hummingbird,-83.704319,9.3735314
Scintillant Hummingbird,-83.807487,9.550636
Scintillant Hummingbird,-83.9454298,10.0252003
Scintillant Hummingbird,-84.0286732,9.9485828
Scintillant Hummingbird,-83.9781225,9.9798745
Scintillant Hummingbird,-83.939817,10.0309778
Scintillant Hummingbird,-83.9693534,9.687996
Scintillant Hummingbird,-83.813536,9.544941
Scintillant Hummingbird,-84.0087175,10.0152569
Scintillant Hummingbird,-83.749515,9.473542
Scintillant Hummingbird,-83.9692622,9.6881282
Scintillant Hummingbird,-83.9599054,9.9900919
Scintillant Hummingbird,-83.5848293,9.470143
Scintillant Hummingbird,-83.929074,10.0370162
Scintillant Hummingbird,-83.5845377,9.4703246
Scintillant Hummingbird,-83.8092826,9.55286
Scintillant Hummingbird,-83.8835771,9.6675708
Scintillant Hummingbird,-83.6327632,9.5011837
Scintillant Hummingbird,-83.8069403,9.5514714
Scintillant Hummingbird,-83.849839,9.6524362
Scintillant Hummingbird,-83.6324543,9.4994662
Scintillant Hummingbird,-83.6895769,9.5546438
Scintillant Hummingbird,-84.1421563,9.8031333
Scintillant Hummingbird,-83.799745,9.5665576
Scintillant Hummingbird,-83.5846522,9.4693282
Scintillant Hummingbird,-83.8834949,9.6675235
Scintillant Hummingbird,-84.142181,9.8031488
Scintillant Hummingbird,-82.2287816,8.7465034
Scintillant Hummingbird,-82.579422,8.8504713
Scintillant Hummingbird,-82.5684,8.8744
Scintillant Hummingbird,-82.5535211,8.8757758
Scintillant Hummingbird,-82.5675774,8.8699768
Scintillant Hummingbird,-82.48312,8.8128214
Scintillant Hummingbird,-82.5746155,8.7914397
Scintillant Hummingbird,-82.5186539,8.8018727
Scintillant Hummingbird,-82.432,8.775
Scintillant Hummingbird,-82.5159931,8.8438562
Scintillant Hummingbird,-82.5614319,8.8411083
Scintillant Hummingbird,-82.6031113,8.8460613
Scintillant Hummingbird,-82.6104091,8.8904706
Scintillant Hummingbird,-82.5580931,8.8712913
Scintillant Hummingbird,-82.573638,8.852224
Scintillant Hummingbird,-82.540048,8.807003
Scintillant Hummingbird,-82.4717045,8.8218897
Scintillant Hummingbird,-82.6992552,8.8122645
Scintillant Hummingbird,-82.6165918,8.8205432
Scintillant Hummingbird,-82.5661214,8.8721568
Scintillant Hummingbird,-82.67613,8.763977
Scintillant Hummingbird,-82.6303433,8.7703393
Scintillant Hummingbird,-82.6322316,8.7727144
Scintillant Hummingbird,-82.5701574,8.8725739
Scintillant Hummingbird,-82.4676345,8.8194468
Scintillant Hummingbird,-82.50675,8.79671
Scintillant Hummingbird,-82.5,8.785
Scintillant Hummingbird,-82.5415955,8.8444017
Scintillant Hummingbird,-82.5604778,8.8555992
Scintillant Hummingbird,-82.6154094,8.8996999
Scintillant Hummingbird,-82.6006186,8.8445427
Scintillant Hummingbird,-82.5562441,8.859045
Scintillant Hummingbird,-82.5527251,8.8513699
Scintillant Hummingbird,-82.6050639,8.8387059
Scintillant Hummingbird,-82.2087622,8.656282
Scintillant Hummingbird,-82.5660306,8.8703127
Scintillant Hummingbird,-82.529,8.846
Scintillant Hummingbird,-82.4328596,8.7729533
Scintillant Hummingbird,-82.5665152,8.8698318
Scintillant Hummingbird,-82.6106215,8.8930852
Scintillant Hummingbird,-82.5830269,8.8555598
Scintillant Hummingbird,-82.53849,8.85021
Scintillant Hummingbird,-82.59704,8.84894
Scintillant Hummingbird,-82.57067,8.87696
Scintillant Hummingbird,-82.6569,8.79205
Scintillant Hummingbird,-82.48312,8.81282
Scintillant Hummingbird,-82.67613,8.76398
Scintillant Hummingbird,-82.5632215,8.8710369
Scintillant Hummingbird,-82.5519562,8.8687896
Scintillant Hummingbird,-82.4269116,8.780137
Scintillant Hummingbird,-82.5664937,8.8698284
Scintillant Hummingbird,-82.5601959,8.8674327
Scintillant Hummingbird,-82.5668049,8.8697436
Scintillant Hummingbird,-82.6920319,8.9669687
Scintillant Hummingbird,-82.7267504,8.8959571
Scintillant Hummingbird,-82.6118231,8.8333707
Scintillant Hummingbird,-82.4170303,8.80552
Scintillant Hummingbird,-82.6872571,8.7855674
Scintillant Hummingbird,-82.3952723,8.8096566
Scintillant Hummingbird,-82.4099,8.7842
Scintillant Hummingbird,-82.4837,8.8129
Scintillant Hummingbird,-82.3901,8.8064
Scintillant Hummingbird,-82.3934,8.8077
Scintillant Hummingbird,-82.3934,8.8077
Scintillant Hummingbird,-82.59663,8.86619
Scintillant Hummingbird,-82.54005,8.807
Scintillant Hummingbird,-82.457521,8.819218
Scintillant Hummingbird,-82.5326443,8.8436018
Scintillant Hummingbird,-82.6750374,8.7731799
Scintillant Hummingbird,-82.43591,8.80501
Scintillant Hummingbird,-81.787,8.503
Scintillant Hummingbird,-82.4734211,8.828166
Scintillant Hummingbird,-82.6024461,8.8462211
Scintillant Hummingbird,-82.7571774,8.8513194
Scintillant Hummingbird,-82.2257996,8.6921392
Scintillant Hummingbird,-82.4760818,8.8186879
Scintillant Hummingbird,-82.5143623,8.7923796
Scintillant Hummingbird,-82.4720478,8.8271482
Scintillant Hummingbird,-82.405924,8.805148
Scintillant Hummingbird,-82.5627708,8.8835
Scintillant Hummingbird,-82.4619198,8.8128992
Scintillant Hummingbird,-82.4783134,8.8385979
Scintillant Hummingbird,-82.6340103,8.7697288
Scintillant Hummingbird,-81.79255,8.51591
Scintillant Hummingbird,-82.6988983,8.8150083
Scintillant Hummingbird,-82.6565889,8.7921713
Scintillant Hummingbird,-82.4054313,8.7601246
Scintillant Hummingbird,-82.61845,8.81589
Scintillant Hummingbird,-82.6846933,8.7754391
Scintillant Hummingbird,-82.4153533,8.8051489
Scintillant Hummingbird,-82.576415,8.8043
Scintillant Hummingbird,-82.51865,8.80187
Scintillant Hummingbird,-82.5648308,8.862514
Scintillant Hummingbird,-82.594727,8.854804
Scintillant Hummingbird,-82.4382681,8.7892131
Scintillant Hummingbird,-82.4646395,8.8019045
Scintillant Hummingbird,-82.2121253,8.786267
Scintillant Hummingbird,-82.4346806,8.8029737
Scintillant Hummingbird,-82.4693307,8.7311069
Scintillant Hummingbird,-82.4831914,8.8132617
Scintillant Hummingbird,-82.6133305,8.8337371
Scintillant Hummingbird,-82.5606036,8.8555598
Scintillant Hummingbird,-82.6651239,8.7749414
Scintillant Hummingbird,-82.237421,8.722559
Scintillant Hummingbird,-82.4811244,8.7964866
Scintillant Hummingbird,-82.21394,8.78419
Scintillant Hummingbird,-82.553653,8.870807
Scintillant Hummingbird,-82.5668,8.86974
Scintillant Hummingbird,-82.4791288,8.8393188
Scintillant Hummingbird,-82.4172878,8.8198541
Scintillant Hummingbird,-82.684076,8.8833684
Scintillant Hummingbird,-82.48106,8.8428809
Scintillant Hummingbird,-82.3912382,8.7536018
Scintillant Hummingbird,-82.4047887,8.7829574
Scintillant Hummingbird,-82.683709,8.882855
Scintillant Hummingbird,-82.4229097,8.785799
Scintillant Hummingbird,-82.4816179,8.8187515
Scintillant Hummingbird,-82.4201417,8.8048414
Scintillant Hummingbird,-82.415657,8.7511648
Scintillant Hummingbird,-82.6011372,8.7458874
Scintillant Hummingbird,-82.7370286,8.8988939
Scintillant Hummingbird,-82.7461481,8.9060168
Scintillant Hummingbird,-82.55325,8.84266
Scintillant Hummingbird,-82.48857,8.84707
Scintillant Hummingbird,-82.544698,8.849896
Scintillant Hummingbird,-82.4844136,8.8457037
Scintillant Hummingbird,-82.218907,8.667778
Scintillant Hummingbird,-82.3997698,8.7575341
Scintillant Hummingbird,-82.4833506,8.8128886
Scintillant Hummingbird,-82.5665266,8.8693468
Scintillant Hummingbird,-82.567626,8.869516
Scintillant Hummingbird,-82.4853301,8.8171131
Scintillant Hummingbird,-82.408173,8.7613488
Scintillant Hummingbird,-82.5468171,8.8502459
Scintillant Hummingbird,-82.4046382,8.7340954
Scintillant Hummingbird,-82.4812314,8.841997
Scintillant Hummingbird,-82.4241382,8.7833815
Scintillant Hummingbird,-82.6065445,8.700748
Scintillant Hummingbird,-82.2381592,8.7279873
Scintillant Hummingbird,-82.55352,8.87578
Scintillant Hummingbird,-82.5577927,8.852846
Scintillant Hummingbird,-82.5434308,8.8493622
Scintillant Hummingbird,-82.5726246,8.8357653
Scintillant Hummingbird,-82.5395966,8.8472486
Scintillant Hummingbird,-82.573,8.836
Scintillant Hummingbird,-82.6610664,8.8122534
Scintillant Hummingbird,-82.59686,8.8795914
Scintillant Hummingbird,-82.5945161,8.8548134
Scintillant Hummingbird,-82.69281,8.778466
Scintillant Hummingbird,-82.66264,8.81075
Scintillant Hummingbird,-82.59678,8.84841
Scintillant Hummingbird,-82.414847,8.7509773
Scintillant Hummingbird,-82.6709819,8.777388
Scintillant Hummingbird,-82.481378,8.841809
Scintillant Hummingbird,-82.7025032,8.8548814
Scintillant Hummingbird,-82.574108,8.845798
Scintillant Hummingbird,-82.376883,8.7702915
Scintillant Hummingbird,-82.4884549,8.8469253
Scintillant Hummingbird,-82.4833804,8.8131569
Scintillant Hummingbird,-82.67323,8.83747
Scintillant Hummingbird,-82.47659,8.82158
Scintillant Hummingbird,-82.6130676,8.833457
Scintillant Hummingbird,-82.4810332,8.8419586
Scintillant Hummingbird,-82.4444962,8.7849532
Scintillant Hummingbird,-82.480659,8.8385403
Scintillant Hummingbird,-82.539236,8.866268
Scintillant Hummingbird,-82.4885404,8.8470666
Scintillant Hummingbird,-82.5665259,8.8701782
Scintillant Hummingbird,-82.4564776,8.8181916
Scintillant Hummingbird,-82.6484775,8.8376498
Scintillant Hummingbird,-82.5744867,8.8168855
Scintillant Hummingbird,-82.567779,8.867995
Scintillant Hummingbird,-82.4866927,8.7960201
Scintillant Hummingbird,-82.4190098,8.8052197
Scintillant Hummingbird,-82.5498962,8.8343573
Scintillant Hummingbird,-82.5270653,8.8006004
Scintillant Hummingbird,-82.4805732,8.8302191
Scintillant Hummingbird,-82.5969207,8.8543725
Scintillant Hummingbird,-81.7827415,8.5093305
Scintillant Hummingbird,-81.7725641,8.4967457
Scintillant Hummingbird,-82.6254058,8.7796917
Scintillant Hummingbird,-82.5664763,8.8693146
Scintillant Hummingbird,-82.5351143,8.8073988
Scintillant Hummingbird,-82.4553073,8.810048
Scintillant Hummingbird,-82.4839549,8.813147
Scintillant Hummingbird,-82.596935,8.84842
Scintillant Hummingbird,-82.5437068,8.8492593
Scintillant Hummingbird,-82.6241398,8.8188363
Scintillant Hummingbird,-82.745,8.8630556
Scintillant Hummingbird,-82.6304913,8.8189211
Scintillant Hummingbird,-82.5162506,8.8006004
Scintillant Hummingbird,-82.6105785,8.8899901
Scintillant Hummingbird,-82.3901,8.8064
Scintillant Hummingbird,-82.4261284,8.8066226
Scintillant Hummingbird,-82.61506,8.89364
Scintillant Hummingbird,-82.7292,8.90947
Scintillant Hummingbird,-82.5610542,8.8702312
Scintillant Hummingbird,-82.5554752,8.8710793
Scintillant Hummingbird,-82.4661255,8.8280812
Scintillant Hummingbird,-82.4407411,8.7808792
Scintillant Hummingbird,-82.5693798,8.862514
