COMMONNAME,LONGITUDE,LATITUDE
Silvery-fronted Tapaculo,-84.30387,10.21002
Silvery-fronted Tapaculo,-84.5076513,10.185557
Silvery-fronted Tapaculo,-84.6669102,10.3501303
Silvery-fronted Tapaculo,-84.3413544,10.16525
Silvery-fronted Tapaculo,-84.6386719,10.2210041
Silvery-fronted Tapaculo,-84.7145462,10.4226507
Silvery-fronted Tapaculo,-84.7251892,10.3990138
Silvery-fronted Tapaculo,-84.7296524,10.3888831
Silvery-fronted Tapaculo,-84.7567749,10.3588269
Silvery-fronted Tapaculo,-84.7864723,10.3169459
Silvery-fronted Tapaculo,-84.5755906,10.1718244
Silvery-fronted Tapaculo,-84.33713,10.22127
Silvery-fronted Tapaculo,-84.362101,10.245908
Silvery-fronted Tapaculo,-84.342115,10.198391
Silvery-fronted Tapaculo,-84.347298,10.185036
Silvery-fronted Tapaculo,-84.3324,10.232531
Silvery-fronted Tapaculo,-84.322103,10.243454
Silvery-fronted Tapaculo,-84.6614,10.22432
Silvery-fronted Tapaculo,-84.65053,10.22864
Silvery-fronted Tapaculo,-84.325207,10.17171
Silvery-fronted Tapaculo,-84.6123905,10.2052588
Silvery-fronted Tapaculo,-84.359531,10.202306
Silvery-fronted Tapaculo,-84.1846657,10.2821711
Silvery-fronted Tapaculo,-84.7107,10.4361
Silvery-fronted Tapaculo,-84.360403,10.255838
Silvery-fronted Tapaculo,-84.7622681,10.319817
Silvery-fronted Tapaculo,-84.720211,10.4493246
Silvery-fronted Tapaculo,-85.0408257,10.7130107
Silvery-fronted Tapaculo,-85.0021577,10.7284565
Silvery-fronted Tapaculo,-84.7835139,10.2986889
Silvery-fronted Tapaculo,-84.2276244,10.1601302
Silvery-fronted Tapaculo,-84.3730474,10.2541352
Silvery-fronted Tapaculo,-84.428832,10.224008
Silvery-fronted Tapaculo,-84.4864297,10.2408325
Silvery-fronted Tapaculo,-84.7673321,10.3419401
Silvery-fronted Tapaculo,-84.734283,10.4220092
Silvery-fronted Tapaculo,-84.3172317,10.2057403
Silvery-fronted Tapaculo,-84.6864259,10.4426352
Silvery-fronted Tapaculo,-84.31103,10.18343
Silvery-fronted Tapaculo,-84.3554306,10.2318159
Silvery-fronted Tapaculo,-84.6666333,10.2012667
Silvery-fronted Tapaculo,-84.52129,10.17141
Silvery-fronted Tapaculo,-84.315514,10.169713
Silvery-fronted Tapaculo,-84.350629,10.223761
Silvery-fronted Tapaculo,-84.7756577,10.3130615
Silvery-fronted Tapaculo,-84.4846272,10.2028956
Silvery-fronted Tapaculo,-84.1673756,10.2147534
Silvery-fronted Tapaculo,-84.306888,10.238434
Silvery-fronted Tapaculo,-84.2359457,10.1837344
Silvery-fronted Tapaculo,-84.2714839,10.2539452
Silvery-fronted Tapaculo,-83.9261055,9.7995682
Silvery-fronted Tapaculo,-83.8267136,9.7456028
Silvery-fronted Tapaculo,-83.5690498,9.771487
Silvery-fronted Tapaculo,-83.7953746,9.773866
Silvery-fronted Tapaculo,-83.5638,9.83193
Silvery-fronted Tapaculo,-83.79066,9.60354
Silvery-fronted Tapaculo,-83.8547802,9.7574455
Silvery-fronted Tapaculo,-83.6675556,9.5547306
Silvery-fronted Tapaculo,-83.5640073,9.7932459
Silvery-fronted Tapaculo,-83.75147,9.78404
Silvery-fronted Tapaculo,-83.796694,9.746406
Silvery-fronted Tapaculo,-83.9231646,9.786896
Silvery-fronted Tapaculo,-83.7595638,10.0184759
Silvery-fronted Tapaculo,-83.876388,9.685242
Silvery-fronted Tapaculo,-83.77882,9.74822
Silvery-fronted Tapaculo,-83.78587,9.76106
Silvery-fronted Tapaculo,-83.8483429,9.9758613
Silvery-fronted Tapaculo,-83.8017797,9.7671731
Silvery-fronted Tapaculo,-83.9025879,9.8308607
Silvery-fronted Tapaculo,-83.9116859,9.7866472
Silvery-fronted Tapaculo,-83.8126245,9.781571
Silvery-fronted Tapaculo,-83.8556385,9.768738
Silvery-fronted Tapaculo,-83.5724509,9.8251575
Silvery-fronted Tapaculo,-83.89909,9.94824
Silvery-fronted Tapaculo,-83.7768459,9.7636205
Silvery-fronted Tapaculo,-84.79298,10.35253
Silvery-fronted Tapaculo,-84.7903551,10.3637661
Silvery-fronted Tapaculo,-84.790634,10.3410134
Silvery-fronted Tapaculo,-84.796257,10.322688
Silvery-fronted Tapaculo,-84.8036158,10.3607835
Silvery-fronted Tapaculo,-84.8017502,10.3476395
Silvery-fronted Tapaculo,-84.8093462,10.3374593
Silvery-fronted Tapaculo,-84.8072433,10.3725889
Silvery-fronted Tapaculo,-84.121346,10.13362
Silvery-fronted Tapaculo,-84.1588247,10.1621135
Silvery-fronted Tapaculo,-84.1618352,10.2038227
Silvery-fronted Tapaculo,-84.05396,10.09035
Silvery-fronted Tapaculo,-84.0922737,10.1515633
Silvery-fronted Tapaculo,-84.1056648,10.1299536
Silvery-fronted Tapaculo,-84.0892468,10.0422647
Silvery-fronted Tapaculo,-84.1615927,10.2689153
Silvery-fronted Tapaculo,-84.090263,10.071433
Silvery-fronted Tapaculo,-84.0965059,10.1385986
Silvery-fronted Tapaculo,-84.0756226,10.0864595
Silvery-fronted Tapaculo,-84.147713,10.1501209
Silvery-fronted Tapaculo,-83.8685131,10.1069652
Silvery-fronted Tapaculo,-83.83838,10.10306
Silvery-fronted Tapaculo,-82.9617,9.1116
Silvery-fronted Tapaculo,-83.0425644,9.266146
Silvery-fronted Tapaculo,-84.817,10.3
Silvery-fronted Tapaculo,-83.00813,9.02945
Silvery-fronted Tapaculo,-84.8122215,10.3098526
Silvery-fronted Tapaculo,-84.8090887,10.3187614
Silvery-fronted Tapaculo,-84.6713306,10.2146176
Silvery-fronted Tapaculo,-84.6876394,10.2387839
Silvery-fronted Tapaculo,-83.373268,9.32808
Silvery-fronted Tapaculo,-82.977467,9.075691
Silvery-fronted Tapaculo,-82.7819824,8.9312004
Silvery-fronted Tapaculo,-84.8062992,10.2998669
Silvery-fronted Tapaculo,-84.7941971,10.3009858
Silvery-fronted Tapaculo,-82.7418137,8.9454448
Silvery-fronted Tapaculo,-84.8012781,10.3084593
Silvery-fronted Tapaculo,-83.0784416,9.2449056
Silvery-fronted Tapaculo,-84.6792269,10.252256
Silvery-fronted Tapaculo,-82.959255,9.023506
Silvery-fronted Tapaculo,-83.0383587,8.785587
Silvery-fronted Tapaculo,-82.773487,8.9720383
Silvery-fronted Tapaculo,-82.9573202,8.7849861
Silvery-fronted Tapaculo,-84.7988529,10.2822791
Silvery-fronted Tapaculo,-83.71571,9.44726
Silvery-fronted Tapaculo,-83.5981464,9.39123
Silvery-fronted Tapaculo,-83.6983538,9.471444
Silvery-fronted Tapaculo,-84.1433,9.83979
Silvery-fronted Tapaculo,-83.8648471,9.668654
Silvery-fronted Tapaculo,-83.7995911,9.5689281
Silvery-fronted Tapaculo,-83.6771107,9.5544846
Silvery-fronted Tapaculo,-83.82256,9.60596
Silvery-fronted Tapaculo,-83.730735,9.494004
Silvery-fronted Tapaculo,-83.8035336,9.5573486
Silvery-fronted Tapaculo,-83.8018781,9.5474956
Silvery-fronted Tapaculo,-83.962326,9.6522002
Silvery-fronted Tapaculo,-83.9833117,10.0623327
Silvery-fronted Tapaculo,-84.1487503,9.8775403
Silvery-fronted Tapaculo,-84.1086447,9.938685
Silvery-fronted Tapaculo,-83.9487648,9.7280072
Silvery-fronted Tapaculo,-83.8193536,9.6147345
Silvery-fronted Tapaculo,-83.7992477,9.5795921
Silvery-fronted Tapaculo,-83.7539291,9.5702823
Silvery-fronted Tapaculo,-83.6267281,9.3333038
Silvery-fronted Tapaculo,-83.7916594,9.331043
Silvery-fronted Tapaculo,-83.8511324,9.6534271
Silvery-fronted Tapaculo,-83.9731407,10.1568015
Silvery-fronted Tapaculo,-83.9158015,9.6452447
Silvery-fronted Tapaculo,-83.7097907,9.5092669
Silvery-fronted Tapaculo,-83.83265,9.59685
Silvery-fronted Tapaculo,-84.0749338,9.7062102
Silvery-fronted Tapaculo,-84.0666962,9.5813694
Silvery-fronted Tapaculo,-83.7068617,9.5563276
Silvery-fronted Tapaculo,-83.5487938,9.4575283
Silvery-fronted Tapaculo,-83.7018567,9.4623012
Silvery-fronted Tapaculo,-83.7985922,9.5912079
Silvery-fronted Tapaculo,-84.0673828,9.8068419
Silvery-fronted Tapaculo,-83.817314,9.538318
Silvery-fronted Tapaculo,-83.7454989,9.489669
Silvery-fronted Tapaculo,-83.9507155,10.0179693
Silvery-fronted Tapaculo,-83.749515,9.473542
Silvery-fronted Tapaculo,-83.6879253,9.5527283
Silvery-fronted Tapaculo,-83.577531,9.4721061
Silvery-fronted Tapaculo,-83.8586111,9.535
Silvery-fronted Tapaculo,-83.8315201,9.5320556
Silvery-fronted Tapaculo,-83.866024,9.5541164
Silvery-fronted Tapaculo,-83.8132215,9.5465156
Silvery-fronted Tapaculo,-83.9070511,9.6603232
Silvery-fronted Tapaculo,-83.9280556,10.035
Silvery-fronted Tapaculo,-83.784167,9.5525
Silvery-fronted Tapaculo,-83.85047,9.64419
Silvery-fronted Tapaculo,-82.759692,8.844365
Silvery-fronted Tapaculo,-82.5693798,8.862514
Silvery-fronted Tapaculo,-82.6322316,8.7727144
Silvery-fronted Tapaculo,-82.5604778,8.8555992
Silvery-fronted Tapaculo,-82.579422,8.8504713
Silvery-fronted Tapaculo,-82.5059509,8.847079
Silvery-fronted Tapaculo,-82.3918,8.8096
Silvery-fronted Tapaculo,-82.4008,8.807
Silvery-fronted Tapaculo,-82.4755,8.7516
Silvery-fronted Tapaculo,-82.576415,8.8043
Silvery-fronted Tapaculo,-82.2477722,8.7602238
Silvery-fronted Tapaculo,-82.4566591,8.8184907
Silvery-fronted Tapaculo,-82.5535211,8.8757758
Silvery-fronted Tapaculo,-82.4444962,8.7849532
Silvery-fronted Tapaculo,-82.6115191,8.8927151
Silvery-fronted Tapaculo,-82.4170303,8.80552
Silvery-fronted Tapaculo,-82.5614319,8.8411083
Silvery-fronted Tapaculo,-82.50675,8.79671
Silvery-fronted Tapaculo,-82.5186539,8.8018727
Silvery-fronted Tapaculo,-82.5,8.785
Silvery-fronted Tapaculo,-82.5751305,8.8927884
Silvery-fronted Tapaculo,-82.5632215,8.8710369
Silvery-fronted Tapaculo,-82.5159931,8.8438562
Silvery-fronted Tapaculo,-81.787,8.503
Silvery-fronted Tapaculo,-82.5326443,8.8436018
Silvery-fronted Tapaculo,-82.5506902,8.8411749
Silvery-fronted Tapaculo,-82.2287816,8.7465034
Silvery-fronted Tapaculo,-82.4760818,8.8186879
Silvery-fronted Tapaculo,-82.5744867,8.8168855
Silvery-fronted Tapaculo,-82.48312,8.8128214
Silvery-fronted Tapaculo,-82.232246,8.706026
Silvery-fronted Tapaculo,-82.683709,8.882855
Silvery-fronted Tapaculo,-82.5156713,8.8268513
Silvery-fronted Tapaculo,-82.48857,8.84707
Silvery-fronted Tapaculo,-82.432,8.775
Silvery-fronted Tapaculo,-82.4734211,8.828166
Silvery-fronted Tapaculo,-82.544698,8.849896
Silvery-fronted Tapaculo,-82.4047887,8.7829574
Silvery-fronted Tapaculo,-81.7383894,8.5346911
Silvery-fronted Tapaculo,-82.2121253,8.786267
Silvery-fronted Tapaculo,-82.1912017,8.7794902
Silvery-fronted Tapaculo,-81.76743,8.48257
Silvery-fronted Tapaculo,-81.79255,8.51591
Silvery-fronted Tapaculo,-82.20719,8.79421
Silvery-fronted Tapaculo,-81.7725641,8.4967457
Silvery-fronted Tapaculo,-82.1815109,8.7846539
Silvery-fronted Tapaculo,-83.7239313,9.5582003
Silvery-fronted Tapaculo,-82.540048,8.807003
Silvery-fronted Tapaculo,-82.4783134,8.8385979
Silvery-fronted Tapaculo,-81.8043762,8.5155968
Silvery-fronted Tapaculo,-81.7672,8.442703
