COMMONNAME,LONGITUDE,LATITUDE
Silvery-throated Jay,-83.6675556,9.5547306
Silvery-throated Jay,-83.7239313,9.5582003
Silvery-throated Jay,-83.7389946,9.5706208
Silvery-throated Jay,-83.7595638,10.0184759
Silvery-throated Jay,-83.7089109,9.5657429
Silvery-throated Jay,-83.0744934,9.2121755
Silvery-throated Jay,-83.75,9.5666667
Silvery-throated Jay,-83.8118112,9.5487206
Silvery-throated Jay,-83.79031,9.54905
Silvery-throated Jay,-83.802681,9.569012
Silvery-throated Jay,-83.8193536,9.6147345
Silvery-throated Jay,-83.7678299,9.5965791
Silvery-throated Jay,-83.8035336,9.5573486
Silvery-throated Jay,-83.542099,9.4712324
Silvery-throated Jay,-83.494525,9.485688
Silvery-throated Jay,-83.7560749,9.5545396
Silvery-throated Jay,-83.8018781,9.5474956
Silvery-throated Jay,-83.8718176,9.6652617
Silvery-throated Jay,-83.5008813,9.4141988
Silvery-throated Jay,-83.7971234,9.5823753
Silvery-throated Jay,-83.7660741,9.551997
Silvery-throated Jay,-83.8511324,9.6534271
Silvery-throated Jay,-83.5754871,9.4642675
Silvery-throated Jay,-83.83265,9.59685
Silvery-throated Jay,-83.7068617,9.5563276
Silvery-throated Jay,-83.82256,9.60596
Silvery-throated Jay,-83.5487938,9.4575283
Silvery-throated Jay,-83.9070511,9.6603232
Silvery-throated Jay,-82.490022,8.8461344
Silvery-throated Jay,-82.5653887,8.8018727
Silvery-throated Jay,-82.5159931,8.8438562
Silvery-throated Jay,-82.540048,8.807003
Silvery-throated Jay,-82.5535211,8.8757758
Silvery-throated Jay,-82.5186539,8.8018727
Silvery-throated Jay,-82.5156713,8.8268513
Silvery-throated Jay,-82.4816179,8.8187515
Silvery-throated Jay,-82.5335719,8.8447035
Silvery-throated Jay,-82.544698,8.849896
