COMMONNAME,LONGITUDE,LATITUDE
Slaty Flowerpiercer,-84.2302895,10.1993794
Slaty Flowerpiercer,-84.3154335,10.207151
Slaty Flowerpiercer,-84.1944122,10.1419317
Slaty Flowerpiercer,-84.3413544,10.16525
Slaty Flowerpiercer,-84.396046,10.22991
Slaty Flowerpiercer,-84.6386719,10.2210041
Slaty Flowerpiercer,-84.7864723,10.3169459
Slaty Flowerpiercer,-84.3610096,10.167531
Slaty Flowerpiercer,-84.5755906,10.1718244
Slaty Flowerpiercer,-84.33713,10.22127
Slaty Flowerpiercer,-84.359442,10.245641
Slaty Flowerpiercer,-84.214325,10.1928748
Slaty Flowerpiercer,-84.342115,10.198391
Slaty Flowerpiercer,-84.2609427,10.0432033
Slaty Flowerpiercer,-84.2435762,10.1830586
Slaty Flowerpiercer,-84.2658436,10.3523975
Slaty Flowerpiercer,-84.2225363,10.1535801
Slaty Flowerpiercer,-84.2263106,10.1623704
Slaty Flowerpiercer,-84.30387,10.21002
Slaty Flowerpiercer,-84.389481,10.176278
Slaty Flowerpiercer,-84.2268562,10.1883976
Slaty Flowerpiercer,-84.2402458,10.197352
Slaty Flowerpiercer,-84.3053913,10.1279906
Slaty Flowerpiercer,-84.1846657,10.2821711
Slaty Flowerpiercer,-84.16696,10.22171
Slaty Flowerpiercer,-84.3804932,10.2362926
Slaty Flowerpiercer,-84.1981888,10.1946488
Slaty Flowerpiercer,-84.6867564,10.4417447
Slaty Flowerpiercer,-84.1676331,10.2392488
Slaty Flowerpiercer,-84.431981,10.224742
Slaty Flowerpiercer,-84.3554306,10.2318159
Slaty Flowerpiercer,-84.2094854,10.1545897
Slaty Flowerpiercer,-84.7835139,10.2986889
Slaty Flowerpiercer,-84.324321,10.28738
Slaty Flowerpiercer,-84.4110918,10.2285868
Slaty Flowerpiercer,-84.195625,10.211371
Slaty Flowerpiercer,-84.367125,10.2555654
Slaty Flowerpiercer,-84.2937881,10.215313
Slaty Flowerpiercer,-84.33318,10.27763
Slaty Flowerpiercer,-84.3558598,10.2612931
Slaty Flowerpiercer,-84.350629,10.223761
Slaty Flowerpiercer,-84.2037488,10.1621043
Slaty Flowerpiercer,-84.2112082,10.1228682
Slaty Flowerpiercer,-84.3520547,10.183315
Slaty Flowerpiercer,-84.3236303,10.2017582
Slaty Flowerpiercer,-84.3586493,10.2001397
Slaty Flowerpiercer,-84.3787179,10.2102266
Slaty Flowerpiercer,-84.1936183,10.164912
Slaty Flowerpiercer,-84.6709871,10.3496237
Slaty Flowerpiercer,-84.6614,10.22432
Slaty Flowerpiercer,-84.6703219,10.204759
Slaty Flowerpiercer,-84.732779,10.462502
Slaty Flowerpiercer,-84.7284937,10.3801029
Slaty Flowerpiercer,-84.3669748,10.2359857
Slaty Flowerpiercer,-84.327541,10.1692523
Slaty Flowerpiercer,-84.36512,10.18146
Slaty Flowerpiercer,-84.1895092,10.1558088
Slaty Flowerpiercer,-84.391174,10.279882
Slaty Flowerpiercer,-84.31103,10.18343
Slaty Flowerpiercer,-84.5573473,10.1725154
Slaty Flowerpiercer,-84.3427277,10.1796963
Slaty Flowerpiercer,-84.1745853,10.1577361
Slaty Flowerpiercer,-84.393257,10.192922
Slaty Flowerpiercer,-84.5877899,10.1551948
Slaty Flowerpiercer,-84.2328107,10.1700655
Slaty Flowerpiercer,-84.7107,10.4361
Slaty Flowerpiercer,-83.6675556,9.5547306
Slaty Flowerpiercer,-83.9166667,9.7
Slaty Flowerpiercer,-83.78088,9.6054891
Slaty Flowerpiercer,-83.9685917,9.8904986
Slaty Flowerpiercer,-83.9389801,9.848947
Slaty Flowerpiercer,-83.5690498,9.771487
Slaty Flowerpiercer,-83.7142324,10.0073962
Slaty Flowerpiercer,-83.8267136,9.7456028
Slaty Flowerpiercer,-83.79065,9.60385
Slaty Flowerpiercer,-83.6280155,9.8832056
Slaty Flowerpiercer,-83.9264417,9.7996256
Slaty Flowerpiercer,-83.9875603,9.8870107
Slaty Flowerpiercer,-83.8283873,9.9664667
Slaty Flowerpiercer,-83.7838937,9.7590273
Slaty Flowerpiercer,-83.6069441,9.8502578
Slaty Flowerpiercer,-83.8240314,9.9755538
Slaty Flowerpiercer,-83.8871264,9.7980385
Slaty Flowerpiercer,-83.7595638,10.0184759
Slaty Flowerpiercer,-83.9139175,9.7191168
Slaty Flowerpiercer,-83.8081,9.6336
Slaty Flowerpiercer,-83.77937,9.73486
Slaty Flowerpiercer,-83.7089109,9.5657429
Slaty Flowerpiercer,-83.5638,9.83193
Slaty Flowerpiercer,-83.75147,9.78404
Slaty Flowerpiercer,-83.831453,9.6335
Slaty Flowerpiercer,-83.7239313,9.5582003
Slaty Flowerpiercer,-83.7608814,9.5803313
Slaty Flowerpiercer,-83.7107697,9.9618289
Slaty Flowerpiercer,-83.851819,9.9523025
Slaty Flowerpiercer,-83.5640073,9.7932459
Slaty Flowerpiercer,-83.8126245,9.781571
Slaty Flowerpiercer,-83.8495162,9.7864955
Slaty Flowerpiercer,-83.951726,9.8261053
Slaty Flowerpiercer,-83.7494016,9.9606506
Slaty Flowerpiercer,-83.7941837,9.9835762
Slaty Flowerpiercer,-83.8454247,9.9788256
Slaty Flowerpiercer,-83.8430214,9.9993346
Slaty Flowerpiercer,-83.770129,9.9972372
Slaty Flowerpiercer,-83.5724509,9.8251575
Slaty Flowerpiercer,-83.7803021,10.0049211
Slaty Flowerpiercer,-83.8348889,9.9808801
Slaty Flowerpiercer,-83.7580383,10.0035714
Slaty Flowerpiercer,-83.89909,9.94824
Slaty Flowerpiercer,-83.8390759,9.8877119
Slaty Flowerpiercer,-83.5737276,9.7577839
Slaty Flowerpiercer,-83.7333375,9.9664589
Slaty Flowerpiercer,-83.9151079,9.8790317
Slaty Flowerpiercer,-83.8418949,9.6392893
Slaty Flowerpiercer,-83.9635706,9.9408684
Slaty Flowerpiercer,-83.8250184,9.8987822
Slaty Flowerpiercer,-83.7306422,9.9824287
Slaty Flowerpiercer,-83.8837065,9.9309654
Slaty Flowerpiercer,-83.9599228,9.9495338
Slaty Flowerpiercer,-83.9002275,9.6875987
Slaty Flowerpiercer,-83.7936151,10.0052831
Slaty Flowerpiercer,-83.8854111,9.957325
Slaty Flowerpiercer,-83.8875401,9.9418229
Slaty Flowerpiercer,-83.937475,9.7165217
Slaty Flowerpiercer,-83.876388,9.685242
Slaty Flowerpiercer,-83.8437724,9.962278
Slaty Flowerpiercer,-83.86262,9.94508
Slaty Flowerpiercer,-83.7025917,9.9919067
Slaty Flowerpiercer,-85.3466302,10.8160659
Slaty Flowerpiercer,-84.8078308,10.3728019
Slaty Flowerpiercer,-84.790634,10.3410134
Slaty Flowerpiercer,-84.7985744,10.3196059
Slaty Flowerpiercer,-84.8029518,10.3435753
Slaty Flowerpiercer,-84.0754107,10.0731234
Slaty Flowerpiercer,-84.1054916,10.1415036
Slaty Flowerpiercer,-84.05396,10.09035
Slaty Flowerpiercer,-84.1004276,10.1299987
Slaty Flowerpiercer,-84.1571968,10.1702568
Slaty Flowerpiercer,-84.0673828,10.2176254
Slaty Flowerpiercer,-84.0965059,10.1385986
Slaty Flowerpiercer,-84.1620541,10.1603809
Slaty Flowerpiercer,-84.1618352,10.2038227
Slaty Flowerpiercer,-84.1457462,10.1769507
Slaty Flowerpiercer,-84.0966511,10.0809258
Slaty Flowerpiercer,-84.088499,10.075224
Slaty Flowerpiercer,-84.0249825,10.0502925
Slaty Flowerpiercer,-84.11383,10.13454
Slaty Flowerpiercer,-84.082194,10.0577479
Slaty Flowerpiercer,-84.147713,10.1501209
Slaty Flowerpiercer,-84.0789163,9.9809389
Slaty Flowerpiercer,-84.0713285,10.0865664
Slaty Flowerpiercer,-84.153935,10.18239
Slaty Flowerpiercer,-84.1254311,10.1301235
Slaty Flowerpiercer,-84.1528809,10.1579315
Slaty Flowerpiercer,-83.788167,10.2143479
Slaty Flowerpiercer,-82.9617,9.1116
Slaty Flowerpiercer,-83.9303324,10.1744332
Slaty Flowerpiercer,-84.8225212,10.2705495
Slaty Flowerpiercer,-82.7642177,8.9076861
Slaty Flowerpiercer,-84.6713306,10.2146176
Slaty Flowerpiercer,-84.8228213,10.3182599
Slaty Flowerpiercer,-84.80974,10.30702
Slaty Flowerpiercer,-83.37293,9.33463
Slaty Flowerpiercer,-82.977467,9.075691
Slaty Flowerpiercer,-83.066065,9.121719
Slaty Flowerpiercer,-83.33664,8.4037
Slaty Flowerpiercer,-82.7819824,8.9312004
Slaty Flowerpiercer,-82.987488,9.049774
Slaty Flowerpiercer,-83.01082,9.03138
Slaty Flowerpiercer,-84.808585,10.3188427
Slaty Flowerpiercer,-82.9608536,8.7858414
Slaty Flowerpiercer,-82.788947,8.939869
Slaty Flowerpiercer,-82.959255,9.023506
Slaty Flowerpiercer,-84.7946531,10.3047226
Slaty Flowerpiercer,-82.773487,8.9720383
Slaty Flowerpiercer,-84.686826,10.184552
Slaty Flowerpiercer,-82.7410841,8.9470345
Slaty Flowerpiercer,-84.0893555,9.8930986
Slaty Flowerpiercer,-83.5009003,9.4910537
Slaty Flowerpiercer,-83.5981464,9.39123
Slaty Flowerpiercer,-83.8391312,9.6274337
Slaty Flowerpiercer,-83.6771107,9.5544846
Slaty Flowerpiercer,-84.1433,9.83979
Slaty Flowerpiercer,-84.1374207,9.9303005
Slaty Flowerpiercer,-83.8952065,9.6112437
Slaty Flowerpiercer,-83.7807083,9.5513233
Slaty Flowerpiercer,-84.1602,9.89798
Slaty Flowerpiercer,-83.6677953,9.4028124
Slaty Flowerpiercer,-83.7678299,9.5965791
Slaty Flowerpiercer,-83.8107491,9.5983803
Slaty Flowerpiercer,-83.7675535,9.5517377
Slaty Flowerpiercer,-83.9572406,9.9604604
Slaty Flowerpiercer,-84.093118,9.8636616
Slaty Flowerpiercer,-83.8555527,9.6721689
Slaty Flowerpiercer,-83.8300222,9.5416404
Slaty Flowerpiercer,-83.542099,9.4712324
Slaty Flowerpiercer,-83.6983538,9.471444
Slaty Flowerpiercer,-83.7068617,9.5563276
Slaty Flowerpiercer,-83.82256,9.60596
Slaty Flowerpiercer,-83.730735,9.494004
Slaty Flowerpiercer,-83.5008813,9.4141988
Slaty Flowerpiercer,-83.7745285,9.5817926
Slaty Flowerpiercer,-83.7018567,9.4623012
Slaty Flowerpiercer,-83.8933182,9.5327018
Slaty Flowerpiercer,-83.890228,9.54726
Slaty Flowerpiercer,-83.7115288,9.4764926
Slaty Flowerpiercer,-83.577531,9.4721061
Slaty Flowerpiercer,-83.866882,9.653216
Slaty Flowerpiercer,-84.0729618,9.9147438
Slaty Flowerpiercer,-83.9506531,9.7362207
Slaty Flowerpiercer,-84.0211201,9.6404384
Slaty Flowerpiercer,-83.74327,9.57128
Slaty Flowerpiercer,-83.8352966,9.5912714
Slaty Flowerpiercer,-84.1202974,9.8536939
Slaty Flowerpiercer,-84.008275,10.0471204
Slaty Flowerpiercer,-83.9845484,10.04713
Slaty Flowerpiercer,-83.795407,9.533767
Slaty Flowerpiercer,-83.9833117,10.0623327
Slaty Flowerpiercer,-83.9070511,9.6603232
Slaty Flowerpiercer,-83.9147,9.68428
Slaty Flowerpiercer,-83.8961077,9.6620154
Slaty Flowerpiercer,-83.8634795,9.5315465
Slaty Flowerpiercer,-83.9703679,9.959244
Slaty Flowerpiercer,-83.9939761,9.9628486
Slaty Flowerpiercer,-83.8511324,9.6534271
Slaty Flowerpiercer,-83.8778,9.667
Slaty Flowerpiercer,-83.8497222,9.6444444
Slaty Flowerpiercer,-83.951683,9.7213697
Slaty Flowerpiercer,-84.107058,9.8330328
Slaty Flowerpiercer,-83.8132215,9.5465156
Slaty Flowerpiercer,-83.9158015,9.6452447
Slaty Flowerpiercer,-83.710213,9.516754
Slaty Flowerpiercer,-83.7454989,9.489669
Slaty Flowerpiercer,-83.8648471,9.668654
Slaty Flowerpiercer,-83.8035336,9.5573486
Slaty Flowerpiercer,-84.1487503,9.8775403
Slaty Flowerpiercer,-83.866024,9.5541164
Slaty Flowerpiercer,-83.817314,9.538318
Slaty Flowerpiercer,-83.5487938,9.4575283
Slaty Flowerpiercer,-84.125576,9.8072648
Slaty Flowerpiercer,-83.5294333,9.4412538
Slaty Flowerpiercer,-83.75508,9.564323
Slaty Flowerpiercer,-83.5941612,9.4850229
Slaty Flowerpiercer,-83.993053,10.129258
Slaty Flowerpiercer,-83.8193536,9.6147345
Slaty Flowerpiercer,-83.9381358,10.1620582
Slaty Flowerpiercer,-83.7560749,9.5545396
Slaty Flowerpiercer,-83.859347,9.547252
Slaty Flowerpiercer,-83.704319,9.3735314
Slaty Flowerpiercer,-83.5054939,9.4564801
Slaty Flowerpiercer,-83.7993672,9.5879212
Slaty Flowerpiercer,-83.749515,9.473542
Slaty Flowerpiercer,-83.9781225,9.9798745
Slaty Flowerpiercer,-83.9454298,10.0252003
Slaty Flowerpiercer,-83.7406549,9.5615752
Slaty Flowerpiercer,-83.8490295,9.6650418
Slaty Flowerpiercer,-83.89082,9.67725
Slaty Flowerpiercer,-83.9251133,10.0312611
Slaty Flowerpiercer,-83.860558,9.6097932
Slaty Flowerpiercer,-83.953064,10.011193
Slaty Flowerpiercer,-84.0102924,10.0292649
Slaty Flowerpiercer,-83.6909187,9.5537221
Slaty Flowerpiercer,-84.1289127,9.8766813
Slaty Flowerpiercer,-83.8863833,9.6613642
Slaty Flowerpiercer,-83.4979336,9.395757
Slaty Flowerpiercer,-84.1910556,9.9377273
Slaty Flowerpiercer,-83.4873304,9.4783551
Slaty Flowerpiercer,-83.801318,9.578007
Slaty Flowerpiercer,-83.8042849,9.5689704
Slaty Flowerpiercer,-83.9351402,10.0311488
Slaty Flowerpiercer,-83.8514871,9.6354288
Slaty Flowerpiercer,-83.8018781,9.5474956
Slaty Flowerpiercer,-82.6920319,8.9669687
Slaty Flowerpiercer,-82.5653458,8.9159378
Slaty Flowerpiercer,-82.539236,8.866268
Slaty Flowerpiercer,-82.5562441,8.859045
Slaty Flowerpiercer,-82.7292,8.90947
Slaty Flowerpiercer,-82.5143623,8.7923796
Slaty Flowerpiercer,-82.5580502,8.8771283
Slaty Flowerpiercer,-82.5744867,8.8168855
Slaty Flowerpiercer,-82.6011372,8.7458874
Slaty Flowerpiercer,-82.5725555,8.8738778
Slaty Flowerpiercer,-82.43591,8.80501
Slaty Flowerpiercer,-82.4261284,8.8066226
Slaty Flowerpiercer,-82.3901,8.8064
Slaty Flowerpiercer,-82.576415,8.8043
Slaty Flowerpiercer,-82.4661255,8.8280812
Slaty Flowerpiercer,-82.2287816,8.7465034
Slaty Flowerpiercer,-82.5746155,8.7914397
Slaty Flowerpiercer,-82.2087622,8.656282
Slaty Flowerpiercer,-82.4444962,8.7849532
Slaty Flowerpiercer,-82.5519562,8.8687896
Slaty Flowerpiercer,-82.4170303,8.80552
Slaty Flowerpiercer,-82.432,8.775
Slaty Flowerpiercer,-82.5614319,8.8411083
Slaty Flowerpiercer,-82.6165918,8.8205432
Slaty Flowerpiercer,-82.2285442,8.7156594
Slaty Flowerpiercer,-82.6565889,8.7921713
Slaty Flowerpiercer,-82.5830269,8.8555598
Slaty Flowerpiercer,-82.5751305,8.8927884
Slaty Flowerpiercer,-82.6872571,8.7855674
Slaty Flowerpiercer,-82.51865,8.80187
Slaty Flowerpiercer,-82.5290394,8.8198852
Slaty Flowerpiercer,-82.6024461,8.8462211
Slaty Flowerpiercer,-81.787,8.503
Slaty Flowerpiercer,-82.405924,8.805148
Slaty Flowerpiercer,-82.4760818,8.8186879
Slaty Flowerpiercer,-82.20068,8.7802
Slaty Flowerpiercer,-82.48312,8.8128214
Slaty Flowerpiercer,-82.5648308,8.862514
Slaty Flowerpiercer,-82.5159931,8.8438562
Slaty Flowerpiercer,-82.4826908,8.8312007
Slaty Flowerpiercer,-82.4619198,8.8128992
Slaty Flowerpiercer,-82.6133305,8.8337371
Slaty Flowerpiercer,-82.684076,8.8833684
Slaty Flowerpiercer,-82.48857,8.84707
Slaty Flowerpiercer,-82.544698,8.849896
Slaty Flowerpiercer,-82.4047887,8.7829574
Slaty Flowerpiercer,-82.5335719,8.8447035
Slaty Flowerpiercer,-82.64533,8.64355
Slaty Flowerpiercer,-82.48911,8.79673
Slaty Flowerpiercer,-82.574345,8.83676
Slaty Flowerpiercer,-82.570796,8.8837459
Slaty Flowerpiercer,-82.5950217,8.8544476
Slaty Flowerpiercer,-82.59686,8.8795914
Slaty Flowerpiercer,-82.4810332,8.8419586
Slaty Flowerpiercer,-82.237421,8.722559
Slaty Flowerpiercer,-82.573638,8.852224
Slaty Flowerpiercer,-82.540048,8.807003
Slaty Flowerpiercer,-82.4148349,8.7502509
Slaty Flowerpiercer,-82.7571774,8.8513194
Slaty Flowerpiercer,-82.6104091,8.8904706
Slaty Flowerpiercer,-82.6340103,8.7697288
Slaty Flowerpiercer,-81.7383894,8.5346911
Slaty Flowerpiercer,-81.7970324,8.5165995
Slaty Flowerpiercer,-81.7725641,8.4967457
