COMMONNAME,LONGITUDE,LATITUDE
Sooty-capped Chlorospingus,-84.2483139,10.0231963
Sooty-capped Chlorospingus,-84.1692553,10.3124029
Sooty-capped Chlorospingus,-84.2302895,10.1993794
Sooty-capped Chlorospingus,-84.1668777,10.2146326
Sooty-capped Chlorospingus,-84.1810226,10.07484
Sooty-capped Chlorospingus,-84.1950989,10.1446353
Sooty-capped Chlorospingus,-84.3112278,10.2094317
Sooty-capped Chlorospingus,-84.2129517,10.2057994
Sooty-capped Chlorospingus,-84.5809937,10.2743838
Sooty-capped Chlorospingus,-84.2586136,10.1422696
Sooty-capped Chlorospingus,-84.3413544,10.16525
Sooty-capped Chlorospingus,-84.396046,10.22991
Sooty-capped Chlorospingus,-84.347298,10.185036
Sooty-capped Chlorospingus,-84.7864723,10.3169459
Sooty-capped Chlorospingus,-84.2555237,10.190594
Sooty-capped Chlorospingus,-84.33713,10.22127
Sooty-capped Chlorospingus,-84.362101,10.245908
Sooty-capped Chlorospingus,-84.342115,10.198391
Sooty-capped Chlorospingus,-84.214325,10.1928748
Sooty-capped Chlorospingus,-84.2435762,10.1830586
Sooty-capped Chlorospingus,-84.2349838,10.1893265
Sooty-capped Chlorospingus,-84.2225363,10.1535801
Sooty-capped Chlorospingus,-84.2337,10.1598577
Sooty-capped Chlorospingus,-84.2256319,10.1676302
Sooty-capped Chlorospingus,-84.2309726,10.1783002
Sooty-capped Chlorospingus,-84.359531,10.202306
Sooty-capped Chlorospingus,-84.34975,10.21894
Sooty-capped Chlorospingus,-84.374021,10.243488
Sooty-capped Chlorospingus,-84.3804932,10.2362926
Sooty-capped Chlorospingus,-84.2035009,10.1621082
Sooty-capped Chlorospingus,-84.1981888,10.1946488
Sooty-capped Chlorospingus,-84.6978951,10.3513968
Sooty-capped Chlorospingus,-84.2714839,10.2539452
Sooty-capped Chlorospingus,-84.2402458,10.197352
Sooty-capped Chlorospingus,-84.1676331,10.2392488
Sooty-capped Chlorospingus,-84.35529,10.2627
Sooty-capped Chlorospingus,-84.3554306,10.2318159
Sooty-capped Chlorospingus,-84.324321,10.28738
Sooty-capped Chlorospingus,-84.195625,10.211371
Sooty-capped Chlorospingus,-84.52129,10.17141
Sooty-capped Chlorospingus,-84.3721461,10.2544252
Sooty-capped Chlorospingus,-84.42794,10.29182
Sooty-capped Chlorospingus,-84.33318,10.27763
Sooty-capped Chlorospingus,-84.75267,10.33424
Sooty-capped Chlorospingus,-84.1797,10.2113
Sooty-capped Chlorospingus,-84.166882,10.2276426
Sooty-capped Chlorospingus,-84.53297,10.20437
Sooty-capped Chlorospingus,-84.3803912,10.2149962
Sooty-capped Chlorospingus,-84.1637063,10.1168204
Sooty-capped Chlorospingus,-84.3236303,10.2017582
Sooty-capped Chlorospingus,-84.560522,10.147838
Sooty-capped Chlorospingus,-84.4789003,10.0329667
Sooty-capped Chlorospingus,-84.247033,10.154858
Sooty-capped Chlorospingus,-84.286809,10.216907
Sooty-capped Chlorospingus,-84.3669748,10.2359857
Sooty-capped Chlorospingus,-84.327541,10.1692523
Sooty-capped Chlorospingus,-84.5546592,10.1704864
Sooty-capped Chlorospingus,-84.1957,10.1569
Sooty-capped Chlorospingus,-84.2127276,10.157463
Sooty-capped Chlorospingus,-84.3097378,10.1779174
Sooty-capped Chlorospingus,-84.3124513,10.1909775
Sooty-capped Chlorospingus,-84.247237,10.142026
Sooty-capped Chlorospingus,-84.2057204,10.1296805
Sooty-capped Chlorospingus,-83.8545227,9.7983841
Sooty-capped Chlorospingus,-83.9170074,9.6840141
Sooty-capped Chlorospingus,-83.713578,10.0108828
Sooty-capped Chlorospingus,-83.586731,9.8443917
Sooty-capped Chlorospingus,-83.6934523,9.9731031
Sooty-capped Chlorospingus,-83.6280155,9.8832056
Sooty-capped Chlorospingus,-83.79066,9.60354
Sooty-capped Chlorospingus,-83.8466424,9.9552969
Sooty-capped Chlorospingus,-83.9264417,9.7996256
Sooty-capped Chlorospingus,-83.7389946,9.5706208
Sooty-capped Chlorospingus,-83.9702225,9.8180058
Sooty-capped Chlorospingus,-83.899008,9.953927
Sooty-capped Chlorospingus,-83.9231646,9.786896
Sooty-capped Chlorospingus,-83.7635995,9.6030202
Sooty-capped Chlorospingus,-83.6069441,9.8502578
Sooty-capped Chlorospingus,-83.8859972,9.9437028
Sooty-capped Chlorospingus,-83.7595638,10.0184759
Sooty-capped Chlorospingus,-83.79087,9.77134
Sooty-capped Chlorospingus,-83.8081,9.6336
Sooty-capped Chlorospingus,-83.7089109,9.5657429
Sooty-capped Chlorospingus,-83.831453,9.6335
Sooty-capped Chlorospingus,-83.5739073,9.8368282
Sooty-capped Chlorospingus,-83.8487111,9.8417667
Sooty-capped Chlorospingus,-83.920154,9.702564
Sooty-capped Chlorospingus,-83.72631,9.55964
Sooty-capped Chlorospingus,-83.7796569,10.0047759
Sooty-capped Chlorospingus,-83.888855,9.7043194
Sooty-capped Chlorospingus,-83.8345242,9.962144
Sooty-capped Chlorospingus,-83.8495162,9.7864955
Sooty-capped Chlorospingus,-83.951726,9.8261053
Sooty-capped Chlorospingus,-83.83392,9.98182
Sooty-capped Chlorospingus,-83.7306422,9.9824287
Sooty-capped Chlorospingus,-83.5638,9.83193
Sooty-capped Chlorospingus,-83.8231087,9.7850483
Sooty-capped Chlorospingus,-83.8430214,9.9993346
Sooty-capped Chlorospingus,-83.8854111,9.957325
Sooty-capped Chlorospingus,-83.7462567,9.8939019
Sooty-capped Chlorospingus,-83.7838937,9.7590273
Sooty-capped Chlorospingus,-83.770129,9.9972372
Sooty-capped Chlorospingus,-83.894002,9.695086
Sooty-capped Chlorospingus,-83.5724509,9.8251575
Sooty-capped Chlorospingus,-83.7930036,9.9863066
Sooty-capped Chlorospingus,-83.9676476,9.7473793
Sooty-capped Chlorospingus,-83.719275,10.0008032
Sooty-capped Chlorospingus,-83.75147,9.78404
Sooty-capped Chlorospingus,-83.6675556,9.5547306
Sooty-capped Chlorospingus,-83.8615,9.94519
Sooty-capped Chlorospingus,-83.8527203,9.9747257
Sooty-capped Chlorospingus,-83.9508786,9.7953079
Sooty-capped Chlorospingus,-83.8418949,9.6392893
Sooty-capped Chlorospingus,-83.7828284,9.7442073
Sooty-capped Chlorospingus,-83.886745,9.679374
Sooty-capped Chlorospingus,-83.7936151,10.0052831
Sooty-capped Chlorospingus,-83.7580383,10.0035714
Sooty-capped Chlorospingus,-83.8274197,9.9678461
Sooty-capped Chlorospingus,-83.7592,9.57652
Sooty-capped Chlorospingus,-83.937475,9.7165217
Sooty-capped Chlorospingus,-83.876388,9.685242
Sooty-capped Chlorospingus,-84.8137665,10.3372116
Sooty-capped Chlorospingus,-84.828186,10.334003
Sooty-capped Chlorospingus,-84.8014144,10.3486951
Sooty-capped Chlorospingus,-84.790634,10.3410134
Sooty-capped Chlorospingus,-84.7903551,10.3637661
Sooty-capped Chlorospingus,-84.0789163,9.9809389
Sooty-capped Chlorospingus,-84.1554022,10.1814168
Sooty-capped Chlorospingus,-84.0755,10.0998
Sooty-capped Chlorospingus,-84.1582131,10.1719241
Sooty-capped Chlorospingus,-84.1004276,10.1299987
Sooty-capped Chlorospingus,-84.0752792,10.139059
Sooty-capped Chlorospingus,-84.04489,10.28173
Sooty-capped Chlorospingus,-84.0922737,10.1515633
Sooty-capped Chlorospingus,-84.1168845,10.191538
Sooty-capped Chlorospingus,-84.0905249,9.9858628
Sooty-capped Chlorospingus,-84.090263,10.071433
Sooty-capped Chlorospingus,-84.1618352,10.2038227
Sooty-capped Chlorospingus,-84.0965059,10.1385986
Sooty-capped Chlorospingus,-84.1457462,10.1769507
Sooty-capped Chlorospingus,-84.078641,10.065905
Sooty-capped Chlorospingus,-84.1588247,10.1621135
Sooty-capped Chlorospingus,-84.0491939,10.0923001
Sooty-capped Chlorospingus,-84.147713,10.1501209
Sooty-capped Chlorospingus,-84.06846,10.07764
Sooty-capped Chlorospingus,-84.0366769,10.0550647
Sooty-capped Chlorospingus,-84.060483,10.091079
Sooty-capped Chlorospingus,-84.071725,10.086406
Sooty-capped Chlorospingus,-84.1254311,10.1301235
Sooty-capped Chlorospingus,-84.1091224,10.1353215
Sooty-capped Chlorospingus,-84.0806651,10.07934
Sooty-capped Chlorospingus,-84.1075328,10.0289611
Sooty-capped Chlorospingus,-82.9617,9.1116
Sooty-capped Chlorospingus,-83.0470276,9.2729115
Sooty-capped Chlorospingus,-83.494137,9.493671
Sooty-capped Chlorospingus,-83.9303324,10.1744332
Sooty-capped Chlorospingus,-84.808585,10.3188427
Sooty-capped Chlorospingus,-84.8054409,10.3296966
Sooty-capped Chlorospingus,-84.7890472,10.3056726
Sooty-capped Chlorospingus,-82.977796,9.092198
Sooty-capped Chlorospingus,-83.37293,9.33463
Sooty-capped Chlorospingus,-84.8235083,10.3216325
Sooty-capped Chlorospingus,-84.8012118,10.30117
Sooty-capped Chlorospingus,-83.0784416,9.2449056
Sooty-capped Chlorospingus,-82.773487,8.9720383
Sooty-capped Chlorospingus,-84.81654,10.30386
Sooty-capped Chlorospingus,-83.7515259,9.5652041
Sooty-capped Chlorospingus,-83.9079094,9.5585177
Sooty-capped Chlorospingus,-83.6771107,9.5544846
Sooty-capped Chlorospingus,-83.8952065,9.6112437
Sooty-capped Chlorospingus,-83.8419914,9.6140758
Sooty-capped Chlorospingus,-83.711955,9.500745
Sooty-capped Chlorospingus,-83.79031,9.54905
Sooty-capped Chlorospingus,-83.7672973,9.5544444
Sooty-capped Chlorospingus,-83.7807083,9.5513233
Sooty-capped Chlorospingus,-83.730735,9.494004
Sooty-capped Chlorospingus,-83.8001728,9.5657371
Sooty-capped Chlorospingus,-83.8035336,9.5573486
Sooty-capped Chlorospingus,-83.7117004,9.5479376
Sooty-capped Chlorospingus,-83.7115288,9.4764926
Sooty-capped Chlorospingus,-83.7913303,9.5696233
Sooty-capped Chlorospingus,-83.66405,9.41523
Sooty-capped Chlorospingus,-83.7089539,9.4294187
Sooty-capped Chlorospingus,-83.8018781,9.5474956
Sooty-capped Chlorospingus,-84.0014648,9.947209
Sooty-capped Chlorospingus,-83.81264,9.61612
Sooty-capped Chlorospingus,-83.8375711,9.6256335
Sooty-capped Chlorospingus,-83.8634795,9.5315465
Sooty-capped Chlorospingus,-83.8280642,9.5611562
Sooty-capped Chlorospingus,-83.865768,9.6436025
Sooty-capped Chlorospingus,-83.8696504,9.658504
Sooty-capped Chlorospingus,-83.8768601,9.6648923
Sooty-capped Chlorospingus,-83.9070511,9.6603232
Sooty-capped Chlorospingus,-83.92765,9.649873
Sooty-capped Chlorospingus,-83.8881683,9.6691229
Sooty-capped Chlorospingus,-83.7018567,9.4623012
Sooty-capped Chlorospingus,-83.7068617,9.5563276
Sooty-capped Chlorospingus,-83.7978959,9.5967935
Sooty-capped Chlorospingus,-83.8581276,9.6571925
Sooty-capped Chlorospingus,-83.6774635,9.4801023
Sooty-capped Chlorospingus,-83.7953186,9.4776167
Sooty-capped Chlorospingus,-83.8288965,9.5398571
Sooty-capped Chlorospingus,-83.890934,9.6033023
Sooty-capped Chlorospingus,-83.8961077,9.6620154
Sooty-capped Chlorospingus,-83.83265,9.59685
Sooty-capped Chlorospingus,-83.8107491,9.601427
Sooty-capped Chlorospingus,-83.817314,9.538318
Sooty-capped Chlorospingus,-83.7146187,9.3570175
Sooty-capped Chlorospingus,-83.9280556,10.035
Sooty-capped Chlorospingus,-83.7993672,9.5879212
Sooty-capped Chlorospingus,-83.8497222,9.6444444
Sooty-capped Chlorospingus,-83.9158015,9.6452447
Sooty-capped Chlorospingus,-83.710213,9.516754
Sooty-capped Chlorospingus,-83.8648471,9.668654
Sooty-capped Chlorospingus,-83.716188,9.5565681
Sooty-capped Chlorospingus,-83.577531,9.4721061
Sooty-capped Chlorospingus,-83.8132215,9.5465156
Sooty-capped Chlorospingus,-83.8268423,9.6188176
Sooty-capped Chlorospingus,-83.8897777,9.5357754
Sooty-capped Chlorospingus,-83.866024,9.5541164
Sooty-capped Chlorospingus,-84.1917622,9.9153357
Sooty-capped Chlorospingus,-83.8526059,9.5670506
Sooty-capped Chlorospingus,-83.5835338,9.4525095
Sooty-capped Chlorospingus,-83.82256,9.60596
Sooty-capped Chlorospingus,-83.5294333,9.4412538
Sooty-capped Chlorospingus,-83.60249,9.45994
Sooty-capped Chlorospingus,-83.4873304,9.4783551
Sooty-capped Chlorospingus,-83.5631213,9.4623898
Sooty-capped Chlorospingus,-84.1072083,9.8322138
Sooty-capped Chlorospingus,-83.8631916,9.5409546
Sooty-capped Chlorospingus,-83.9611366,9.9908858
Sooty-capped Chlorospingus,-83.704319,9.3735314
Sooty-capped Chlorospingus,-83.949885,9.723105
Sooty-capped Chlorospingus,-83.5054939,9.4564801
Sooty-capped Chlorospingus,-83.9454298,10.0252003
Sooty-capped Chlorospingus,-83.6983538,9.471444
Sooty-capped Chlorospingus,-83.7663219,9.5874158
Sooty-capped Chlorospingus,-83.7406549,9.5615752
Sooty-capped Chlorospingus,-83.6327632,9.5011837
Sooty-capped Chlorospingus,-83.8490295,9.6650418
Sooty-capped Chlorospingus,-83.993053,10.129258
Sooty-capped Chlorospingus,-83.860558,9.6097932
Sooty-capped Chlorospingus,-83.9533621,10.0105941
Sooty-capped Chlorospingus,-83.5487938,9.4575283
Sooty-capped Chlorospingus,-83.8490832,9.6535991
Sooty-capped Chlorospingus,-83.4977727,9.3960638
Sooty-capped Chlorospingus,-83.69693,9.5522
Sooty-capped Chlorospingus,-83.7560749,9.5545396
Sooty-capped Chlorospingus,-83.8514871,9.6354288
Sooty-capped Chlorospingus,-83.8014364,9.5788304
Sooty-capped Chlorospingus,-82.5313568,8.8972828
Sooty-capped Chlorospingus,-82.5653458,8.9159378
Sooty-capped Chlorospingus,-82.539236,8.866268
Sooty-capped Chlorospingus,-82.5693798,8.862514
Sooty-capped Chlorospingus,-82.5653887,8.8018727
Sooty-capped Chlorospingus,-82.4376297,8.8117965
Sooty-capped Chlorospingus,-82.5143623,8.7923796
Sooty-capped Chlorospingus,-82.6988983,8.8150083
Sooty-capped Chlorospingus,-82.5604778,8.8555992
Sooty-capped Chlorospingus,-82.6154094,8.8996999
Sooty-capped Chlorospingus,-82.6011372,8.7458874
Sooty-capped Chlorospingus,-82.5744867,8.8168855
Sooty-capped Chlorospingus,-82.3918,8.8096
Sooty-capped Chlorospingus,-82.573638,8.852224
Sooty-capped Chlorospingus,-82.48312,8.8128214
Sooty-capped Chlorospingus,-82.5726465,8.8965301
Sooty-capped Chlorospingus,-82.6122293,8.8742114
Sooty-capped Chlorospingus,-82.5614319,8.8411083
Sooty-capped Chlorospingus,-82.5438074,8.7988297
Sooty-capped Chlorospingus,-82.5885201,8.8938908
Sooty-capped Chlorospingus,-82.6303433,8.7703393
Sooty-capped Chlorospingus,-82.5159931,8.8438562
Sooty-capped Chlorospingus,-82.481169,8.839281
Sooty-capped Chlorospingus,-82.7461481,8.9060168
Sooty-capped Chlorospingus,-82.576415,8.8043
Sooty-capped Chlorospingus,-82.4269116,8.780137
Sooty-capped Chlorospingus,-82.2287816,8.7465034
Sooty-capped Chlorospingus,-82.5290394,8.8198852
Sooty-capped Chlorospingus,-82.5632215,8.8710369
Sooty-capped Chlorospingus,-82.5506902,8.8411749
Sooty-capped Chlorospingus,-82.5627708,8.8835
Sooty-capped Chlorospingus,-82.6032749,8.8464819
Sooty-capped Chlorospingus,-82.5535211,8.8757758
Sooty-capped Chlorospingus,-82.5326443,8.8436018
Sooty-capped Chlorospingus,-82.4720478,8.8271482
Sooty-capped Chlorospingus,-82.683709,8.882855
Sooty-capped Chlorospingus,-82.5156713,8.8268513
Sooty-capped Chlorospingus,-82.48857,8.84707
Sooty-capped Chlorospingus,-82.544698,8.849896
Sooty-capped Chlorospingus,-82.5945161,8.8548134
Sooty-capped Chlorospingus,-82.4619198,8.8128992
Sooty-capped Chlorospingus,-82.574345,8.83676
Sooty-capped Chlorospingus,-82.237421,8.722559
Sooty-capped Chlorospingus,-82.5186539,8.8018727
Sooty-capped Chlorospingus,-81.787,8.503
Sooty-capped Chlorospingus,-82.2188911,8.6740926
Sooty-capped Chlorospingus,-82.5351143,8.8073988
Sooty-capped Chlorospingus,-82.6104091,8.8904706
Sooty-capped Chlorospingus,-81.7970324,8.5165995
Sooty-capped Chlorospingus,-81.769387,8.494411
Sooty-capped Chlorospingus,-82.213765,8.783466
