COMMONNAME,LONGITUDE,LATITUDE
Sooty Thrush,-84.2146683,10.1975998
Sooty Thrush,-84.1692553,10.3124029
Sooty Thrush,-84.2302895,10.1993794
Sooty Thrush,-84.2083333,10.1833333
Sooty Thrush,-84.1950989,10.1446353
Sooty Thrush,-84.2524338,10.1953246
Sooty Thrush,-84.2227469,10.1887412
Sooty Thrush,-84.3247032,10.213064
Sooty Thrush,-84.342115,10.198391
Sooty Thrush,-84.2435762,10.1830586
Sooty Thrush,-84.2102253,10.1578116
Sooty Thrush,-84.1895092,10.1558088
Sooty Thrush,-84.2325211,10.1878907
Sooty Thrush,-84.2714839,10.2539452
Sooty Thrush,-84.3171662,10.2039979
Sooty Thrush,-84.219106,10.161649
Sooty Thrush,-84.2402458,10.197352
Sooty Thrush,-84.30387,10.21002
Sooty Thrush,-84.3558598,10.2612931
Sooty Thrush,-84.1797,10.2113
Sooty Thrush,-84.166882,10.2276426
Sooty Thrush,-84.31103,10.18343
Sooty Thrush,-84.2295,10.165016
Sooty Thrush,-83.9166667,9.7
Sooty Thrush,-83.88731,9.9612424
Sooty Thrush,-83.9170074,9.6840141
Sooty Thrush,-83.7389946,9.5706208
Sooty Thrush,-83.8454247,9.9788256
Sooty Thrush,-83.899008,9.953927
Sooty Thrush,-83.7605772,9.57858
Sooty Thrush,-83.8240314,9.9755538
Sooty Thrush,-83.7595638,10.0184759
Sooty Thrush,-83.760538,9.609297
Sooty Thrush,-83.9139175,9.7191168
Sooty Thrush,-83.7089109,9.5657429
Sooty Thrush,-83.8757472,9.9237278
Sooty Thrush,-83.72631,9.55964
Sooty Thrush,-83.851819,9.9523025
Sooty Thrush,-83.8615,9.94519
Sooty Thrush,-83.7941837,9.9835762
Sooty Thrush,-83.83392,9.98182
Sooty Thrush,-83.8430214,9.9993346
Sooty Thrush,-83.7580383,10.0035714
Sooty Thrush,-83.770129,9.9972372
Sooty Thrush,-83.8418949,9.6392893
Sooty Thrush,-83.713578,10.0108828
Sooty Thrush,-83.7796569,10.0047759
Sooty Thrush,-83.7936151,10.0052831
Sooty Thrush,-83.8283873,9.9664667
Sooty Thrush,-83.8875401,9.9418229
Sooty Thrush,-83.937475,9.7165217
Sooty Thrush,-83.8437724,9.962278
Sooty Thrush,-83.8795776,9.9530363
Sooty Thrush,-83.876388,9.685242
Sooty Thrush,-84.04489,10.28173
Sooty Thrush,-84.05396,10.09035
Sooty Thrush,-84.0752792,10.139059
Sooty Thrush,-84.088493,10.075529
Sooty Thrush,-84.1588247,10.1621135
Sooty Thrush,-84.1618352,10.2038227
Sooty Thrush,-84.1091224,10.1353215
Sooty Thrush,-83.4643737,9.4400349
Sooty Thrush,-83.4643093,9.5249785
Sooty Thrush,-83.0425644,9.266146
Sooty Thrush,-84.148407,9.2223987
Sooty Thrush,-83.8235074,9.6164293
Sooty Thrush,-83.9052486,9.6895136
Sooty Thrush,-83.8364983,9.6009192
Sooty Thrush,-83.6771107,9.5544846
Sooty Thrush,-83.839674,9.6256298
Sooty Thrush,-83.8952065,9.6112437
Sooty Thrush,-83.8419914,9.6140758
Sooty Thrush,-83.711955,9.500745
Sooty Thrush,-83.7539291,9.5702823
Sooty Thrush,-83.730735,9.494004
Sooty Thrush,-83.8023376,9.5668968
Sooty Thrush,-83.7678299,9.5965791
Sooty Thrush,-83.8107491,9.5983803
Sooty Thrush,-83.7675535,9.5517377
Sooty Thrush,-83.8035336,9.5573486
Sooty Thrush,-83.8555527,9.6721689
Sooty Thrush,-83.8648471,9.668654
Sooty Thrush,-83.542099,9.4712324
Sooty Thrush,-83.7903339,9.5647621
Sooty Thrush,-83.81264,9.61612
Sooty Thrush,-83.8280642,9.5611562
Sooty Thrush,-83.8634795,9.5315465
Sooty Thrush,-83.8290174,9.5914089
Sooty Thrush,-83.5008813,9.4141988
Sooty Thrush,-83.865768,9.6436025
Sooty Thrush,-83.890228,9.54726
Sooty Thrush,-83.876522,9.667637
Sooty Thrush,-83.8132215,9.5465156
Sooty Thrush,-83.8881683,9.6691229
Sooty Thrush,-83.8511324,9.6534271
Sooty Thrush,-83.5487938,9.4575283
Sooty Thrush,-83.6679268,9.5553014
Sooty Thrush,-83.495891,9.490049
Sooty Thrush,-83.795407,9.533767
Sooty Thrush,-83.8957778,9.6795
Sooty Thrush,-83.91016,9.67416
Sooty Thrush,-83.890934,9.6033023
Sooty Thrush,-83.993053,10.129258
Sooty Thrush,-83.8974871,9.5551605
Sooty Thrush,-83.8961077,9.6620154
Sooty Thrush,-83.7957716,9.6094666
Sooty Thrush,-83.951683,9.7213697
Sooty Thrush,-83.7826824,9.6056584
Sooty Thrush,-83.7113571,9.5262687
Sooty Thrush,-83.716188,9.5565681
Sooty Thrush,-83.7068617,9.5563276
Sooty Thrush,-83.8897777,9.5357754
Sooty Thrush,-83.8000846,9.5767781
Sooty Thrush,-83.9702225,10.1579235
Sooty Thrush,-83.5253733,9.4462202
Sooty Thrush,-83.8018781,9.5474956
Sooty Thrush,-83.7560749,9.5545396
Sooty Thrush,-83.7993672,9.5879212
Sooty Thrush,-83.784167,9.5525
Sooty Thrush,-83.9280556,10.035
Sooty Thrush,-83.891405,9.582186
Sooty Thrush,-83.866024,9.5541164
Sooty Thrush,-83.9611366,9.9908858
Sooty Thrush,-83.5054939,9.4564801
Sooty Thrush,-83.6879253,9.5527283
Sooty Thrush,-83.7406549,9.5615752
Sooty Thrush,-83.860558,9.6097932
Sooty Thrush,-83.817314,9.538318
Sooty Thrush,-83.4977727,9.3960638
Sooty Thrush,-83.9120646,9.6413125
Sooty Thrush,-83.4873304,9.4783551
Sooty Thrush,-83.797302,9.5982
Sooty Thrush,-83.9070511,9.6603232
Sooty Thrush,-83.82256,9.60596
Sooty Thrush,-83.8502892,9.6443387
Sooty Thrush,-82.5653887,8.8018727
Sooty Thrush,-82.5159931,8.8438562
Sooty Thrush,-82.5059509,8.847079
Sooty Thrush,-82.579422,8.8504713
Sooty Thrush,-82.5530134,8.8039837
Sooty Thrush,-82.5744867,8.8168855
Sooty Thrush,-82.48312,8.8128214
Sooty Thrush,-82.50675,8.79671
Sooty Thrush,-82.54271,8.808583
Sooty Thrush,-82.7461481,8.9060168
Sooty Thrush,-82.5668049,8.8697436
Sooty Thrush,-82.5335719,8.8447035
Sooty Thrush,-82.5535211,8.8757758
Sooty Thrush,-82.5186539,8.8018727
Sooty Thrush,-82.683709,8.882855
Sooty Thrush,-82.6740289,8.7727939
Sooty Thrush,-82.4619198,8.8128992
Sooty Thrush,-82.534,8.8131
