COMMONNAME,LONGITUDE,LATITUDE
Sooty-faced Finch,-84.1661739,10.251158
Sooty-faced Finch,-84.30387,10.21002
Sooty-faced Finch,-84.1767097,10.2798043
Sooty-faced Finch,-84.2359457,10.1837344
Sooty-faced Finch,-84.44384,10.18659
Sooty-faced Finch,-84.2302895,10.1993794
Sooty-faced Finch,-84.7296524,10.3888831
Sooty-faced Finch,-84.7251892,10.3990138
Sooty-faced Finch,-84.5755906,10.1718244
Sooty-faced Finch,-84.3172317,10.2057403
Sooty-faced Finch,-84.4846272,10.2028956
Sooty-faced Finch,-84.7107,10.4361
Sooty-faced Finch,-84.65053,10.22864
Sooty-faced Finch,-84.7835139,10.2986889
Sooty-faced Finch,-84.7746277,10.3882077
Sooty-faced Finch,-84.6772957,10.3559562
Sooty-faced Finch,-84.6867564,10.4417447
Sooty-faced Finch,-84.7622681,10.319817
Sooty-faced Finch,-84.2441082,10.321168
Sooty-faced Finch,-84.5422282,10.2317314
Sooty-faced Finch,-84.5452881,10.2163836
Sooty-faced Finch,-84.16696,10.22171
Sooty-faced Finch,-84.2714839,10.2539452
Sooty-faced Finch,-84.7673321,10.3419401
Sooty-faced Finch,-84.719696,10.3365361
Sooty-faced Finch,-84.7083664,10.3334963
Sooty-faced Finch,-84.6666333,10.2012667
Sooty-faced Finch,-84.6123905,10.2052588
Sooty-faced Finch,-84.180336,10.2640802
Sooty-faced Finch,-84.1797,10.2113
Sooty-faced Finch,-84.73278,10.4625
Sooty-faced Finch,-84.1724543,10.2434996
Sooty-faced Finch,-84.306888,10.238434
Sooty-faced Finch,-84.192048,10.709305
Sooty-faced Finch,-83.7838937,9.7590273
Sooty-faced Finch,-83.6869383,9.7832442
Sooty-faced Finch,-83.5638,9.83193
Sooty-faced Finch,-83.7953746,9.773866
Sooty-faced Finch,-83.9264417,9.7996256
Sooty-faced Finch,-83.898468,9.7862046
Sooty-faced Finch,-83.5640073,9.7932459
Sooty-faced Finch,-83.7797213,9.8178254
Sooty-faced Finch,-83.9231646,9.786896
Sooty-faced Finch,-83.796694,9.746406
Sooty-faced Finch,-83.8267136,9.7456028
Sooty-faced Finch,-83.5547161,9.8018518
Sooty-faced Finch,-83.9025879,9.8308607
Sooty-faced Finch,-83.9116859,9.7866472
Sooty-faced Finch,-83.7112629,9.9616575
Sooty-faced Finch,-83.8126245,9.781571
Sooty-faced Finch,-83.6519086,9.8718537
Sooty-faced Finch,-83.75147,9.78404
Sooty-faced Finch,-83.8231087,9.7850483
Sooty-faced Finch,-84.7981721,10.3833431
Sooty-faced Finch,-84.7955355,10.3437924
Sooty-faced Finch,-84.9743811,10.4783675
Sooty-faced Finch,-84.7903551,10.3637661
Sooty-faced Finch,-84.8028386,10.3617326
Sooty-faced Finch,-84.8094385,10.3374283
Sooty-faced Finch,-84.1567755,10.1961694
Sooty-faced Finch,-84.1615927,10.2689153
Sooty-faced Finch,-84.1612172,10.1602232
Sooty-faced Finch,-84.1618352,10.2038227
Sooty-faced Finch,-83.9133704,10.1736581
Sooty-faced Finch,-83.8685131,10.1069652
Sooty-faced Finch,-83.83838,10.10306
Sooty-faced Finch,-84.8092175,10.304617
Sooty-faced Finch,-84.6552801,10.1572239
Sooty-faced Finch,-84.6713306,10.2146176
Sooty-faced Finch,-84.6876394,10.2387839
Sooty-faced Finch,-84.6960068,10.229006
Sooty-faced Finch,-84.808585,10.3188427
Sooty-faced Finch,-84.6792269,10.252256
Sooty-faced Finch,-84.7942056,10.30635
Sooty-faced Finch,-83.9833117,10.0623327
Sooty-faced Finch,-83.6878824,9.4377164
Sooty-faced Finch,-83.9381358,10.1620582
Sooty-faced Finch,-83.577531,9.4721061
Sooty-faced Finch,-83.9280556,10.035
Sooty-faced Finch,-83.7046623,9.4706341
Sooty-faced Finch,-83.8586111,9.535
Sooty-faced Finch,-80.5926247,8.6680405
Sooty-faced Finch,-82.243567,8.73435
Sooty-faced Finch,-82.5159931,8.8438562
Sooty-faced Finch,-82.2329044,8.7064201
Sooty-faced Finch,-82.5186539,8.8018727
Sooty-faced Finch,-82.2121253,8.786267
