COMMONNAME,LONGITUDE,LATITUDE
Spangle-cheeked Tanager,-84.5617676,10.1770774
Spangle-cheeked Tanager,-84.3172317,10.2057403
Spangle-cheeked Tanager,-84.6551514,10.4729577
Spangle-cheeked Tanager,-84.6669102,10.3501303
Spangle-cheeked Tanager,-84.31103,10.18343
Spangle-cheeked Tanager,-84.3413544,10.16525
Spangle-cheeked Tanager,-84.396046,10.22991
Spangle-cheeked Tanager,-84.6386719,10.2210041
Spangle-cheeked Tanager,-84.7864723,10.3169459
Spangle-cheeked Tanager,-84.3247032,10.213064
Spangle-cheeked Tanager,-84.2714839,10.2539452
Spangle-cheeked Tanager,-84.2362976,10.1993794
Spangle-cheeked Tanager,-84.5755906,10.1718244
Spangle-cheeked Tanager,-84.350629,10.223761
Spangle-cheeked Tanager,-84.6455158,10.4716242
Spangle-cheeked Tanager,-84.214325,10.1928748
Spangle-cheeked Tanager,-84.332469,10.22067
Spangle-cheeked Tanager,-84.322103,10.243454
Spangle-cheeked Tanager,-84.65053,10.22864
Spangle-cheeked Tanager,-84.2094854,10.1545897
Spangle-cheeked Tanager,-84.367826,10.242279
Spangle-cheeked Tanager,-84.30387,10.21002
Spangle-cheeked Tanager,-84.2268562,10.1883976
Spangle-cheeked Tanager,-84.2359457,10.1837344
Spangle-cheeked Tanager,-84.3053913,10.1279906
Spangle-cheeked Tanager,-84.16696,10.22171
Spangle-cheeked Tanager,-84.3804932,10.2362926
Spangle-cheeked Tanager,-84.1846383,10.2641013
Spangle-cheeked Tanager,-84.7835139,10.2986889
Spangle-cheeked Tanager,-84.7622681,10.319817
Spangle-cheeked Tanager,-84.7673321,10.3419401
Spangle-cheeked Tanager,-84.35529,10.2627
Spangle-cheeked Tanager,-84.3554306,10.2318159
Spangle-cheeked Tanager,-84.65561,10.4167
Spangle-cheeked Tanager,-84.199219,10.058159
Spangle-cheeked Tanager,-84.7107,10.4361
Spangle-cheeked Tanager,-84.4846272,10.2028956
Spangle-cheeked Tanager,-84.6123905,10.2052588
Spangle-cheeked Tanager,-84.75267,10.33424
Spangle-cheeked Tanager,-84.734283,10.4220092
Spangle-cheeked Tanager,-84.3803912,10.2149962
Spangle-cheeked Tanager,-84.732779,10.462502
Spangle-cheeked Tanager,-84.7746277,10.3882077
Spangle-cheeked Tanager,-84.2496872,10.1818083
Spangle-cheeked Tanager,-84.3520547,10.183315
Spangle-cheeked Tanager,-84.2088318,10.2945372
Spangle-cheeked Tanager,-84.169354,10.243486
Spangle-cheeked Tanager,-84.6614,10.22432
Spangle-cheeked Tanager,-84.6703219,10.204759
Spangle-cheeked Tanager,-84.308923,10.237007
Spangle-cheeked Tanager,-84.247033,10.154858
Spangle-cheeked Tanager,-84.32905,10.284363
Spangle-cheeked Tanager,-84.7284937,10.3801029
Spangle-cheeked Tanager,-84.3730474,10.2541352
Spangle-cheeked Tanager,-84.61609,10.48187
Spangle-cheeked Tanager,-84.2037488,10.1621043
Spangle-cheeked Tanager,-84.236083,10.1736982
Spangle-cheeked Tanager,-84.17019,10.25537
Spangle-cheeked Tanager,-84.2276244,10.1601302
Spangle-cheeked Tanager,-84.36512,10.18146
Spangle-cheeked Tanager,-84.5546592,10.1704864
Spangle-cheeked Tanager,-84.2605667,10.2673167
Spangle-cheeked Tanager,-84.3427277,10.1796963
Spangle-cheeked Tanager,-84.1692209,10.2045393
Spangle-cheeked Tanager,-84.5877899,10.1551948
Spangle-cheeked Tanager,-84.7796215,10.3369568
Spangle-cheeked Tanager,-83.8545227,9.7983841
Spangle-cheeked Tanager,-83.5724509,9.8251575
Spangle-cheeked Tanager,-83.793,9.731
Spangle-cheeked Tanager,-83.8999043,9.7984264
Spangle-cheeked Tanager,-83.9270268,9.7959313
Spangle-cheeked Tanager,-83.5690498,9.771487
Spangle-cheeked Tanager,-83.5638,9.83193
Spangle-cheeked Tanager,-83.8099766,9.7448415
Spangle-cheeked Tanager,-83.586731,9.8443917
Spangle-cheeked Tanager,-83.7306422,9.9824287
Spangle-cheeked Tanager,-83.8547802,9.7574455
Spangle-cheeked Tanager,-83.836906,9.7955084
Spangle-cheeked Tanager,-83.876388,9.685242
Spangle-cheeked Tanager,-83.9439356,9.7967073
Spangle-cheeked Tanager,-83.796694,9.746406
Spangle-cheeked Tanager,-83.8,9.8
Spangle-cheeked Tanager,-83.9231646,9.786896
Spangle-cheeked Tanager,-83.7701567,9.9566122
Spangle-cheeked Tanager,-83.5640073,9.7932459
Spangle-cheeked Tanager,-83.6069441,9.8502578
Spangle-cheeked Tanager,-83.7595638,10.0184759
Spangle-cheeked Tanager,-83.7975311,9.7740246
Spangle-cheeked Tanager,-83.75147,9.78404
Spangle-cheeked Tanager,-83.6882043,9.7827945
Spangle-cheeked Tanager,-83.9025879,9.8308607
Spangle-cheeked Tanager,-83.6903286,9.9720523
Spangle-cheeked Tanager,-83.8495162,9.7864955
Spangle-cheeked Tanager,-83.951726,9.8261053
Spangle-cheeked Tanager,-83.7796569,10.0047759
Spangle-cheeked Tanager,-83.83154,9.74224
Spangle-cheeked Tanager,-83.9053851,9.7684747
Spangle-cheeked Tanager,-83.7580383,10.0035714
Spangle-cheeked Tanager,-83.5737276,9.7577839
Spangle-cheeked Tanager,-83.838657,9.776918
Spangle-cheeked Tanager,-83.8070673,9.7885578
Spangle-cheeked Tanager,-83.8094187,9.7734325
Spangle-cheeked Tanager,-83.7815995,9.7489842
Spangle-cheeked Tanager,-83.826582,9.7865072
Spangle-cheeked Tanager,-83.8146338,9.7811231
Spangle-cheeked Tanager,-83.886729,9.679132
Spangle-cheeked Tanager,-83.77897,9.73564
Spangle-cheeked Tanager,-83.6691713,9.7402735
Spangle-cheeked Tanager,-83.7911153,9.7657774
Spangle-cheeked Tanager,-83.7980461,9.826463
Spangle-cheeked Tanager,-83.604053,9.8158591
Spangle-cheeked Tanager,-83.7059678,9.9886481
Spangle-cheeked Tanager,-83.9087677,9.7920829
Spangle-cheeked Tanager,-83.7739277,9.779015
Spangle-cheeked Tanager,-83.8607153,9.768091
Spangle-cheeked Tanager,-83.84686,9.76855
Spangle-cheeked Tanager,-83.7838937,9.7590273
Spangle-cheeked Tanager,-84.804239,10.362246
Spangle-cheeked Tanager,-84.7923088,10.3505524
Spangle-cheeked Tanager,-84.783082,10.3663412
Spangle-cheeked Tanager,-84.8020935,10.3424467
Spangle-cheeked Tanager,-84.81015,10.33648
Spangle-cheeked Tanager,-84.7926409,10.3600889
Spangle-cheeked Tanager,-84.82038,10.33789
Spangle-cheeked Tanager,-84.790634,10.3410134
Spangle-cheeked Tanager,-84.816643,10.355388
Spangle-cheeked Tanager,-84.8077154,10.3750795
Spangle-cheeked Tanager,-84.0789163,9.9809389
Spangle-cheeked Tanager,-84.0755,10.0998
Spangle-cheeked Tanager,-84.04489,10.28173
Spangle-cheeked Tanager,-84.159248,10.2005378
Spangle-cheeked Tanager,-84.1168845,10.191538
Spangle-cheeked Tanager,-84.0806651,10.07934
Spangle-cheeked Tanager,-84.090263,10.071433
Spangle-cheeked Tanager,-84.0606236,10.09191
Spangle-cheeked Tanager,-84.15365,10.19131
Spangle-cheeked Tanager,-84.1457462,10.1769507
Spangle-cheeked Tanager,-84.1588247,10.1621135
Spangle-cheeked Tanager,-84.078641,10.065905
Spangle-cheeked Tanager,-84.0491939,10.0923001
Spangle-cheeked Tanager,-84.0200204,10.3305726
Spangle-cheeked Tanager,-84.06846,10.07764
Spangle-cheeked Tanager,-84.153828,10.182116
Spangle-cheeked Tanager,-84.0249825,10.0502925
Spangle-cheeked Tanager,-84.1615927,10.2689153
Spangle-cheeked Tanager,-84.1329914,9.9975323
Spangle-cheeked Tanager,-84.1075328,10.0289611
Spangle-cheeked Tanager,-83.83838,10.10306
Spangle-cheeked Tanager,-83.788167,10.2143479
Spangle-cheeked Tanager,-83.6683066,10.0558676
Spangle-cheeked Tanager,-83.0470276,9.2729115
Spangle-cheeked Tanager,-83.4641451,9.528406
Spangle-cheeked Tanager,-83.494137,9.493671
Spangle-cheeked Tanager,-83.6826424,10.0361835
Spangle-cheeked Tanager,-83.814008,10.1177731
Spangle-cheeked Tanager,-83.9133704,10.1736581
Spangle-cheeked Tanager,-83.9303324,10.1744332
Spangle-cheeked Tanager,-84.8250103,10.3141593
Spangle-cheeked Tanager,-84.8419189,10.321928
Spangle-cheeked Tanager,-84.8103333,10.2831669
Spangle-cheeked Tanager,-82.9608536,8.7858414
Spangle-cheeked Tanager,-84.7984028,10.3152571
Spangle-cheeked Tanager,-83.00813,9.02945
Spangle-cheeked Tanager,-82.9704666,8.8195997
Spangle-cheeked Tanager,-84.8360825,10.3347629
Spangle-cheeked Tanager,-84.8254395,10.3237013
Spangle-cheeked Tanager,-84.6960068,10.229006
Spangle-cheeked Tanager,-84.6713306,10.2146176
Spangle-cheeked Tanager,-84.6876394,10.2387839
Spangle-cheeked Tanager,-82.7819824,8.9312004
Spangle-cheeked Tanager,-84.7988529,10.2822791
Spangle-cheeked Tanager,-82.788947,8.939869
Spangle-cheeked Tanager,-84.6719098,10.1654189
Spangle-cheeked Tanager,-82.773487,8.9720383
Spangle-cheeked Tanager,-84.81654,10.30386
Spangle-cheeked Tanager,-84.8051376,10.3078434
Spangle-cheeked Tanager,-83.2846498,9.22631
Spangle-cheeked Tanager,-84.8158586,10.3130879
Spangle-cheeked Tanager,-84.808585,10.3188427
Spangle-cheeked Tanager,-84.8015303,10.2948115
Spangle-cheeked Tanager,-84.8186899,10.2728699
Spangle-cheeked Tanager,-84.7956777,10.3038148
Spangle-cheeked Tanager,-84.6765,10.1562
Spangle-cheeked Tanager,-84.686826,10.184552
Spangle-cheeked Tanager,-82.7410841,8.9470345
Spangle-cheeked Tanager,-83.7997627,9.578238
Spangle-cheeked Tanager,-83.9079094,9.5585177
Spangle-cheeked Tanager,-83.8449097,9.5696052
Spangle-cheeked Tanager,-83.993053,10.129258
Spangle-cheeked Tanager,-83.8394165,9.6237681
Spangle-cheeked Tanager,-83.9495802,9.7227427
Spangle-cheeked Tanager,-83.9514256,10.1524927
Spangle-cheeked Tanager,-83.6677953,9.4028124
Spangle-cheeked Tanager,-83.952713,9.9708794
Spangle-cheeked Tanager,-83.6267281,9.3333038
Spangle-cheeked Tanager,-83.9280556,10.035
Spangle-cheeked Tanager,-83.7513028,9.5677444
Spangle-cheeked Tanager,-83.7068617,9.5563276
Spangle-cheeked Tanager,-83.8300222,9.5416404
Spangle-cheeked Tanager,-83.7454989,9.489669
Spangle-cheeked Tanager,-83.730735,9.494004
Spangle-cheeked Tanager,-83.8634795,9.5315465
Spangle-cheeked Tanager,-83.8290174,9.5914089
Spangle-cheeked Tanager,-83.8881683,9.6691229
Spangle-cheeked Tanager,-83.8035336,9.5573486
Spangle-cheeked Tanager,-83.7670612,9.5522543
Spangle-cheeked Tanager,-84.010182,10.0294459
Spangle-cheeked Tanager,-83.8581276,9.6571925
Spangle-cheeked Tanager,-83.9833117,10.0623327
Spangle-cheeked Tanager,-83.6774635,9.4801023
Spangle-cheeked Tanager,-83.7953186,9.4776167
Spangle-cheeked Tanager,-83.795407,9.533767
Spangle-cheeked Tanager,-83.7560749,9.5545396
Spangle-cheeked Tanager,-83.7087473,9.3703312
Spangle-cheeked Tanager,-83.7097907,9.5092669
Spangle-cheeked Tanager,-83.5754871,9.4642675
Spangle-cheeked Tanager,-83.9158015,9.6452447
Spangle-cheeked Tanager,-83.84923,9.64301
Spangle-cheeked Tanager,-83.8018781,9.5474956
Spangle-cheeked Tanager,-83.8778,9.667
Spangle-cheeked Tanager,-83.8426781,9.6357843
Spangle-cheeked Tanager,-83.9070511,9.6603232
Spangle-cheeked Tanager,-83.749515,9.473542
Spangle-cheeked Tanager,-84.00404,10.04289
Spangle-cheeked Tanager,-83.8315201,9.5320556
Spangle-cheeked Tanager,-83.7017829,9.4405403
Spangle-cheeked Tanager,-83.5294333,9.4412538
Spangle-cheeked Tanager,-84.0666962,9.5813694
Spangle-cheeked Tanager,-83.5631213,9.4623898
Spangle-cheeked Tanager,-83.710289,9.531802
Spangle-cheeked Tanager,-83.9421988,10.0265828
Spangle-cheeked Tanager,-83.8903141,9.5228009
Spangle-cheeked Tanager,-83.8648471,9.668654
Spangle-cheeked Tanager,-83.859347,9.547252
Spangle-cheeked Tanager,-83.9611366,9.9908858
Spangle-cheeked Tanager,-83.4873304,9.4783551
Spangle-cheeked Tanager,-83.8132215,9.5465156
Spangle-cheeked Tanager,-83.6327632,9.5011837
Spangle-cheeked Tanager,-84.064932,9.602295
Spangle-cheeked Tanager,-83.953064,10.011193
Spangle-cheeked Tanager,-83.6983538,9.471444
Spangle-cheeked Tanager,-83.935134,9.647112
Spangle-cheeked Tanager,-83.7985396,9.5672565
Spangle-cheeked Tanager,-83.9381358,10.1620582
Spangle-cheeked Tanager,-83.82256,9.60596
Spangle-cheeked Tanager,-83.8490832,9.6535991
Spangle-cheeked Tanager,-83.5487938,9.4575283
Spangle-cheeked Tanager,-83.4979336,9.395757
Spangle-cheeked Tanager,-83.5846522,9.4693282
Spangle-cheeked Tanager,-83.6831349,9.4692118
Spangle-cheeked Tanager,-83.7985922,9.5912079
Spangle-cheeked Tanager,-83.817314,9.538318
Spangle-cheeked Tanager,-83.8471949,9.5351565
Spangle-cheeked Tanager,-82.5313568,8.8972828
Spangle-cheeked Tanager,-82.6340103,8.7697288
Spangle-cheeked Tanager,-82.5693798,8.862514
Spangle-cheeked Tanager,-82.5527251,8.8513699
Spangle-cheeked Tanager,-82.5143623,8.7923796
Spangle-cheeked Tanager,-82.3901,8.8064
Spangle-cheeked Tanager,-82.4008,8.807
Spangle-cheeked Tanager,-82.2395325,8.7140738
Spangle-cheeked Tanager,-82.576415,8.8043
Spangle-cheeked Tanager,-82.615,8.8938889
Spangle-cheeked Tanager,-82.5739717,8.8522523
Spangle-cheeked Tanager,-82.4172878,8.8198541
Spangle-cheeked Tanager,-82.4676345,8.8194468
Spangle-cheeked Tanager,-82.432,8.775
Spangle-cheeked Tanager,-82.67613,8.763977
Spangle-cheeked Tanager,-82.5751305,8.8927884
Spangle-cheeked Tanager,-82.5632215,8.8710369
Spangle-cheeked Tanager,-82.2287816,8.7465034
Spangle-cheeked Tanager,-82.5326443,8.8436018
Spangle-cheeked Tanager,-81.787,8.503
Spangle-cheeked Tanager,-82.5535211,8.8757758
Spangle-cheeked Tanager,-82.4884549,8.8469253
Spangle-cheeked Tanager,-82.4734211,8.828166
Spangle-cheeked Tanager,-82.4289018,8.7968895
Spangle-cheeked Tanager,-82.5186539,8.8018727
Spangle-cheeked Tanager,-82.5159931,8.8438562
Spangle-cheeked Tanager,-82.4783134,8.8385979
Spangle-cheeked Tanager,-82.4047887,8.7829574
Spangle-cheeked Tanager,-82.4564776,8.8181916
Spangle-cheeked Tanager,-82.218907,8.667778
Spangle-cheeked Tanager,-82.683709,8.882855
Spangle-cheeked Tanager,-82.6484775,8.8376498
Spangle-cheeked Tanager,-82.5967598,8.8486267
Spangle-cheeked Tanager,-81.7383894,8.5346911
Spangle-cheeked Tanager,-81.7970324,8.5165995
Spangle-cheeked Tanager,-81.8115914,8.5147957
Spangle-cheeked Tanager,-82.1912017,8.7794902
Spangle-cheeked Tanager,-82.20719,8.79421
Spangle-cheeked Tanager,-82.187562,8.7896399
Spangle-cheeked Tanager,-81.7725641,8.4967457
Spangle-cheeked Tanager,-82.213161,8.7782921
