COMMONNAME,LONGITUDE,LATITUDE
Streak-breasted Treehunter,-84.7828674,10.3127237
Streak-breasted Treehunter,-84.44384,10.18659
Streak-breasted Treehunter,-84.396046,10.22991
Streak-breasted Treehunter,-84.350629,10.223761
Streak-breasted Treehunter,-84.7289658,10.3041103
Streak-breasted Treehunter,-84.7567749,10.3588269
Streak-breasted Treehunter,-84.3247032,10.213064
Streak-breasted Treehunter,-84.3172317,10.2057403
Streak-breasted Treehunter,-84.30387,10.21002
Streak-breasted Treehunter,-84.3804932,10.2362926
Streak-breasted Treehunter,-84.7835139,10.2986889
Streak-breasted Treehunter,-84.3730474,10.2541352
Streak-breasted Treehunter,-84.2359457,10.1837344
Streak-breasted Treehunter,-84.3803912,10.2149962
Streak-breasted Treehunter,-84.2714839,10.2539452
Streak-breasted Treehunter,-84.198604,10.1610159
Streak-breasted Treehunter,-84.2276244,10.1601302
Streak-breasted Treehunter,-84.6614,10.22432
Streak-breasted Treehunter,-84.32905,10.284363
Streak-breasted Treehunter,-84.7673321,10.3419401
Streak-breasted Treehunter,-84.31103,10.18343
Streak-breasted Treehunter,-84.7284937,10.3801029
Streak-breasted Treehunter,-84.3254652,10.2003155
Streak-breasted Treehunter,-84.244493,10.154874
Streak-breasted Treehunter,-84.247237,10.142026
Streak-breasted Treehunter,-83.876388,9.685242
Streak-breasted Treehunter,-83.9231646,9.786896
Streak-breasted Treehunter,-83.5878634,9.8043667
Streak-breasted Treehunter,-83.79028,9.77129
Streak-breasted Treehunter,-83.6587343,9.8988652
Streak-breasted Treehunter,-83.75147,9.78404
Streak-breasted Treehunter,-83.6675556,9.5547306
Streak-breasted Treehunter,-83.5640073,9.7932459
Streak-breasted Treehunter,-83.8094187,9.7734325
Streak-breasted Treehunter,-83.7815995,9.7489842
Streak-breasted Treehunter,-83.8547802,9.7574455
Streak-breasted Treehunter,-83.9599228,9.9495338
Streak-breasted Treehunter,-83.7733359,9.828041
Streak-breasted Treehunter,-83.6453665,9.8624468
Streak-breasted Treehunter,-83.7838937,9.7590273
Streak-breasted Treehunter,-83.937475,9.7165217
Streak-breasted Treehunter,-83.8607153,9.768091
Streak-breasted Treehunter,-84.790634,10.3410134
Streak-breasted Treehunter,-84.801321,10.3430377
Streak-breasted Treehunter,-84.79007,10.363735
Streak-breasted Treehunter,-84.8098639,10.3375441
Streak-breasted Treehunter,-84.822607,10.3354159
Streak-breasted Treehunter,-84.0789163,9.9809389
Streak-breasted Treehunter,-84.0855467,10.0811885
Streak-breasted Treehunter,-84.1168845,10.191538
Streak-breasted Treehunter,-83.92875,10.68094
Streak-breasted Treehunter,-84.0673828,10.2176254
Streak-breasted Treehunter,-84.0965059,10.1385986
Streak-breasted Treehunter,-84.147713,10.1501209
Streak-breasted Treehunter,-84.0366769,10.0550647
Streak-breasted Treehunter,-84.1091224,10.1353215
Streak-breasted Treehunter,-84.0957123,10.0626112
Streak-breasted Treehunter,-84.1618352,10.2038227
Streak-breasted Treehunter,-84.1588247,10.1621135
Streak-breasted Treehunter,-83.9133704,10.1736581
Streak-breasted Treehunter,-84.8189163,10.3135682
Streak-breasted Treehunter,-84.80974,10.30702
Streak-breasted Treehunter,-84.8090887,10.3187614
Streak-breasted Treehunter,-84.7985744,10.3226036
Streak-breasted Treehunter,-84.79857,10.2829
Streak-breasted Treehunter,-84.6713306,10.2146176
Streak-breasted Treehunter,-82.977796,9.092198
Streak-breasted Treehunter,-83.01082,9.03138
Streak-breasted Treehunter,-83.069185,9.115747
Streak-breasted Treehunter,-84.7929525,10.3077204
Streak-breasted Treehunter,-82.9608536,8.7858414
Streak-breasted Treehunter,-83.0784416,9.2449056
Streak-breasted Treehunter,-83.1702805,9.1353285
Streak-breasted Treehunter,-84.8017824,10.2998616
Streak-breasted Treehunter,-82.773487,8.9720383
Streak-breasted Treehunter,-82.9601596,8.8111544
Streak-breasted Treehunter,-82.9083252,8.8077253
Streak-breasted Treehunter,-83.730735,9.494004
Streak-breasted Treehunter,-83.8153472,9.6157111
Streak-breasted Treehunter,-83.962326,9.6522002
Streak-breasted Treehunter,-83.8648471,9.668654
Streak-breasted Treehunter,-83.6983538,9.471444
Streak-breasted Treehunter,-83.8504565,9.6529406
Streak-breasted Treehunter,-83.8290174,9.5914089
Streak-breasted Treehunter,-83.8771176,9.6673037
Streak-breasted Treehunter,-83.5487938,9.4575283
Streak-breasted Treehunter,-83.8035336,9.5573486
Streak-breasted Treehunter,-83.8634795,9.5315465
Streak-breasted Treehunter,-84.008275,10.0471204
Streak-breasted Treehunter,-83.749515,9.473542
Streak-breasted Treehunter,-83.5754871,9.4642675
Streak-breasted Treehunter,-83.9158015,9.6452447
Streak-breasted Treehunter,-83.9703679,9.959244
Streak-breasted Treehunter,-83.7513028,9.5677444
Streak-breasted Treehunter,-83.704319,9.3735314
Streak-breasted Treehunter,-83.7995267,9.5817406
Streak-breasted Treehunter,-83.7454989,9.489669
Streak-breasted Treehunter,-83.8315201,9.5320556
Streak-breasted Treehunter,-83.9070511,9.6603232
Streak-breasted Treehunter,-84.0749338,9.7062102
Streak-breasted Treehunter,-83.8631916,9.5409546
Streak-breasted Treehunter,-83.8018781,9.5474956
Streak-breasted Treehunter,-83.8132215,9.5465156
Streak-breasted Treehunter,-83.7985922,9.5912079
Streak-breasted Treehunter,-83.9381358,10.1620582
Streak-breasted Treehunter,-83.9611366,9.9908858
Streak-breasted Treehunter,-83.9454298,10.0252003
Streak-breasted Treehunter,-83.817314,9.538318
Streak-breasted Treehunter,-83.6327632,9.5011837
Streak-breasted Treehunter,-83.9280556,10.035
Streak-breasted Treehunter,-83.953064,10.011193
Streak-breasted Treehunter,-83.9781225,9.9798745
Streak-breasted Treehunter,-83.5846522,9.4693282
Streak-breasted Treehunter,-83.82256,9.60596
Streak-breasted Treehunter,-80.5926247,8.6680405
Streak-breasted Treehunter,-82.5522995,8.8562383
Streak-breasted Treehunter,-82.67613,8.763977
Streak-breasted Treehunter,-82.573638,8.852224
Streak-breasted Treehunter,-82.5580502,8.8771283
Streak-breasted Treehunter,-82.5967598,8.8486267
Streak-breasted Treehunter,-82.576415,8.8043
Streak-breasted Treehunter,-82.5614319,8.8411083
Streak-breasted Treehunter,-82.432,8.775
Streak-breasted Treehunter,-82.5898933,8.8767611
Streak-breasted Treehunter,-82.5159931,8.8438562
Streak-breasted Treehunter,-82.5946033,8.6919087
Streak-breasted Treehunter,-82.5290394,8.8198852
Streak-breasted Treehunter,-81.787,8.503
Streak-breasted Treehunter,-82.5326443,8.8436018
Streak-breasted Treehunter,-82.4720478,8.8271482
Streak-breasted Treehunter,-82.5668,8.86974
Streak-breasted Treehunter,-82.684076,8.8833684
Streak-breasted Treehunter,-82.5156713,8.8268513
Streak-breasted Treehunter,-82.3952723,8.8096566
Streak-breasted Treehunter,-82.4816179,8.8187515
Streak-breasted Treehunter,-82.5186539,8.8018727
Streak-breasted Treehunter,-82.4810332,8.8419586
Streak-breasted Treehunter,-82.4619198,8.8128992
Streak-breasted Treehunter,-82.4826908,8.8312007
Streak-breasted Treehunter,-82.6104091,8.8904706
Streak-breasted Treehunter,-82.4134684,8.7855021
Streak-breasted Treehunter,-81.7725641,8.4967457
Streak-breasted Treehunter,-82.1815109,8.7846539
Streak-breasted Treehunter,-82.2121253,8.786267
