COMMONNAME,LONGITUDE,LATITUDE
Sulphur-winged Parakeet,-84.2061639,10.6863639
Sulphur-winged Parakeet,-84.3804395,9.9860953
Sulphur-winged Parakeet,-84.7887039,10.8848938
Sulphur-winged Parakeet,-83.9166667,9.7
Sulphur-winged Parakeet,-83.6603737,9.8720439
Sulphur-winged Parakeet,-83.6675556,9.5547306
Sulphur-winged Parakeet,-83.5142899,9.8088717
Sulphur-winged Parakeet,-83.8496935,9.7977795
Sulphur-winged Parakeet,-83.7239313,9.5582003
Sulphur-winged Parakeet,-83.5739556,9.836846
Sulphur-winged Parakeet,-83.564166,9.792916
Sulphur-winged Parakeet,-83.5601951,9.8011526
Sulphur-winged Parakeet,-83.802,9.76629
Sulphur-winged Parakeet,-83.6069441,9.8502578
Sulphur-winged Parakeet,-83.5638,9.83193
Sulphur-winged Parakeet,-83.5878634,9.8043667
Sulphur-winged Parakeet,-83.5013068,9.7817544
Sulphur-winged Parakeet,-83.7595638,10.0184759
Sulphur-winged Parakeet,-83.8081,9.6336
Sulphur-winged Parakeet,-83.849771,9.786887
Sulphur-winged Parakeet,-83.879548,9.681562
Sulphur-winged Parakeet,-83.83154,9.74224
Sulphur-winged Parakeet,-83.9739347,9.8574253
Sulphur-winged Parakeet,-83.9053851,9.7684747
Sulphur-winged Parakeet,-83.5737276,9.7577839
Sulphur-winged Parakeet,-83.8196533,9.7801559
Sulphur-winged Parakeet,-83.5516357,9.8113571
Sulphur-winged Parakeet,-83.604053,9.8158591
Sulphur-winged Parakeet,-83.6882043,9.7827945
Sulphur-winged Parakeet,-83.57555,9.81871
Sulphur-winged Parakeet,-83.5395689,9.8204849
Sulphur-winged Parakeet,-83.8928461,9.8377557
Sulphur-winged Parakeet,-83.7838937,9.7590273
Sulphur-winged Parakeet,-83.84686,9.76855
Sulphur-winged Parakeet,-84.0788861,9.9802861
Sulphur-winged Parakeet,-84.1072083,10.0364714
Sulphur-winged Parakeet,-84.11042,10.000501
Sulphur-winged Parakeet,-82.9617,9.1116
Sulphur-winged Parakeet,-83.494137,9.493671
Sulphur-winged Parakeet,-83.9133704,10.1736581
Sulphur-winged Parakeet,-84.811053,10.311797
Sulphur-winged Parakeet,-82.8437805,8.9475645
Sulphur-winged Parakeet,-83.2602224,9.2502935
Sulphur-winged Parakeet,-82.9138184,8.9718973
Sulphur-winged Parakeet,-83.2846498,9.22631
Sulphur-winged Parakeet,-82.7819824,8.9312004
Sulphur-winged Parakeet,-84.8429106,10.2109351
Sulphur-winged Parakeet,-82.977467,9.075691
Sulphur-winged Parakeet,-83.069185,9.115747
Sulphur-winged Parakeet,-82.987968,9.047242
Sulphur-winged Parakeet,-83.37293,9.33463
Sulphur-winged Parakeet,-82.973299,8.7921183
Sulphur-winged Parakeet,-82.8440583,8.9109648
Sulphur-winged Parakeet,-82.96072,8.78416
Sulphur-winged Parakeet,-82.8345108,8.9388314
Sulphur-winged Parakeet,-83.2426357,9.2624695
Sulphur-winged Parakeet,-83.017416,9.0378506
Sulphur-winged Parakeet,-83.00813,9.02945
Sulphur-winged Parakeet,-82.737114,8.947152
Sulphur-winged Parakeet,-82.788947,8.939869
Sulphur-winged Parakeet,-82.8760529,8.9544321
Sulphur-winged Parakeet,-82.9081535,8.9965845
Sulphur-winged Parakeet,-82.9716033,8.8209223
Sulphur-winged Parakeet,-83.0744934,9.2121755
Sulphur-winged Parakeet,-83.1702805,9.1353285
Sulphur-winged Parakeet,-83.0657387,9.1273513
Sulphur-winged Parakeet,-82.959255,9.023506
Sulphur-winged Parakeet,-82.773487,8.9720383
Sulphur-winged Parakeet,-82.89763,8.82597
Sulphur-winged Parakeet,-83.0473902,9.0468991
Sulphur-winged Parakeet,-82.7900194,8.9038472
Sulphur-winged Parakeet,-83.8035336,9.5573486
Sulphur-winged Parakeet,-84.0912652,9.9288209
Sulphur-winged Parakeet,-83.6878824,9.4377164
Sulphur-winged Parakeet,-83.75,9.5666667
Sulphur-winged Parakeet,-83.8952065,9.6112437
Sulphur-winged Parakeet,-83.9777005,9.9654903
Sulphur-winged Parakeet,-83.6154842,9.3338967
Sulphur-winged Parakeet,-83.7089539,9.4649787
Sulphur-winged Parakeet,-83.5981464,9.39123
Sulphur-winged Parakeet,-83.730735,9.494004
Sulphur-winged Parakeet,-83.7115288,9.4764926
Sulphur-winged Parakeet,-83.8000846,9.5767781
Sulphur-winged Parakeet,-83.9158015,9.6452447
Sulphur-winged Parakeet,-83.7101083,9.3607861
Sulphur-winged Parakeet,-83.962326,9.6522002
Sulphur-winged Parakeet,-83.8648471,9.668654
Sulphur-winged Parakeet,-83.6245072,9.4377587
Sulphur-winged Parakeet,-83.6855852,9.3955635
Sulphur-winged Parakeet,-83.69836,9.471444
Sulphur-winged Parakeet,-84.3,9.8
Sulphur-winged Parakeet,-83.6677953,9.4028124
Sulphur-winged Parakeet,-83.6539535,9.4450656
Sulphur-winged Parakeet,-83.8634795,9.5315465
Sulphur-winged Parakeet,-83.5487938,9.4575283
Sulphur-winged Parakeet,-83.865768,9.6436025
Sulphur-winged Parakeet,-83.602792,9.4620578
Sulphur-winged Parakeet,-83.7660741,9.551997
Sulphur-winged Parakeet,-83.8260518,9.5432129
Sulphur-winged Parakeet,-84.0211201,9.6404384
Sulphur-winged Parakeet,-83.6774635,9.4801023
Sulphur-winged Parakeet,-83.7953186,9.4776167
Sulphur-winged Parakeet,-83.577531,9.4721061
Sulphur-winged Parakeet,-83.795407,9.533767
Sulphur-winged Parakeet,-83.70877,9.373329
Sulphur-winged Parakeet,-83.8018781,9.5474956
Sulphur-winged Parakeet,-83.7097907,9.5092669
Sulphur-winged Parakeet,-83.749515,9.473542
Sulphur-winged Parakeet,-83.8961077,9.6620154
Sulphur-winged Parakeet,-83.83265,9.59685
Sulphur-winged Parakeet,-83.85931,9.54724
Sulphur-winged Parakeet,-84.0749338,9.7062102
Sulphur-winged Parakeet,-84.0666962,9.5813694
Sulphur-winged Parakeet,-83.8778,9.667
Sulphur-winged Parakeet,-84.047317,9.9723331
Sulphur-winged Parakeet,-83.4873304,9.4783551
Sulphur-winged Parakeet,-84.1844559,9.8434615
Sulphur-winged Parakeet,-84.1457462,9.838472
Sulphur-winged Parakeet,-83.9280556,10.035
Sulphur-winged Parakeet,-83.8132215,9.5465156
Sulphur-winged Parakeet,-83.9775181,9.6065046
Sulphur-winged Parakeet,-84.107058,9.8330328
Sulphur-winged Parakeet,-83.7985922,9.5912079
Sulphur-winged Parakeet,-83.7454989,9.489669
Sulphur-winged Parakeet,-83.7587357,9.4882029
Sulphur-winged Parakeet,-84.1487503,9.8775403
Sulphur-winged Parakeet,-83.6603469,9.3605215
Sulphur-winged Parakeet,-83.8315201,9.5320556
Sulphur-winged Parakeet,-83.9070511,9.6603232
Sulphur-winged Parakeet,-84.10525,9.74232
Sulphur-winged Parakeet,-83.85047,9.64419
Sulphur-winged Parakeet,-83.8526059,9.5670506
Sulphur-winged Parakeet,-83.7017829,9.4405403
Sulphur-winged Parakeet,-84.032793,9.6961128
Sulphur-winged Parakeet,-83.5294333,9.4412538
Sulphur-winged Parakeet,-83.964331,9.619976
Sulphur-winged Parakeet,-83.5631213,9.4623898
Sulphur-winged Parakeet,-83.5941612,9.4850229
Sulphur-winged Parakeet,-83.9851463,9.5512386
Sulphur-winged Parakeet,-83.84443,9.63202
Sulphur-winged Parakeet,-83.710289,9.531802
Sulphur-winged Parakeet,-83.8440943,9.5340561
Sulphur-winged Parakeet,-83.8193536,9.6147345
Sulphur-winged Parakeet,-83.7068617,9.5563276
Sulphur-winged Parakeet,-83.8903141,9.5228009
Sulphur-winged Parakeet,-83.784167,9.5525
Sulphur-winged Parakeet,-83.891405,9.582186
Sulphur-winged Parakeet,-83.866024,9.5541164
Sulphur-winged Parakeet,-83.5054939,9.4564801
Sulphur-winged Parakeet,-83.885443,9.445713
Sulphur-winged Parakeet,-83.8466,9.578
Sulphur-winged Parakeet,-83.5944477,9.4667513
Sulphur-winged Parakeet,-84.1916559,9.7230219
Sulphur-winged Parakeet,-83.7406549,9.5615752
Sulphur-winged Parakeet,-83.648361,9.3311857
Sulphur-winged Parakeet,-83.6324543,9.4994662
Sulphur-winged Parakeet,-84.1421563,9.8031333
Sulphur-winged Parakeet,-83.6067724,9.4532951
Sulphur-winged Parakeet,-83.7376669,9.3905565
Sulphur-winged Parakeet,-83.6069682,9.3790206
Sulphur-winged Parakeet,-83.7160691,9.4436184
Sulphur-winged Parakeet,-84.2210781,9.9306735
Sulphur-winged Parakeet,-83.7306315,9.4367533
Sulphur-winged Parakeet,-83.7562037,9.4166642
Sulphur-winged Parakeet,-83.7985396,9.5672565
Sulphur-winged Parakeet,-83.8511324,9.6534271
Sulphur-winged Parakeet,-83.4979336,9.395757
Sulphur-winged Parakeet,-84.1784332,9.9350535
Sulphur-winged Parakeet,-83.6267281,9.3333038
Sulphur-winged Parakeet,-83.817314,9.538318
Sulphur-winged Parakeet,-83.8536215,9.5350874
Sulphur-winged Parakeet,-83.7560749,9.5545396
Sulphur-winged Parakeet,-83.5848856,9.4625545
Sulphur-winged Parakeet,-83.82256,9.60596
Sulphur-winged Parakeet,-83.6832516,9.4691274
Sulphur-winged Parakeet,-82.6990271,8.9326729
Sulphur-winged Parakeet,-82.7099276,8.92165
Sulphur-winged Parakeet,-82.5693798,8.862514
Sulphur-winged Parakeet,-82.5653887,8.8018727
Sulphur-winged Parakeet,-82.573638,8.852224
Sulphur-winged Parakeet,-82.5577927,8.852846
Sulphur-winged Parakeet,-82.7571774,8.8513194
Sulphur-winged Parakeet,-82.5723839,8.8723513
Sulphur-winged Parakeet,-82.4237466,8.7912277
Sulphur-winged Parakeet,-82.7292,8.90947
Sulphur-winged Parakeet,-82.5143623,8.7923796
Sulphur-winged Parakeet,-82.6322316,8.7727144
Sulphur-winged Parakeet,-82.636886,8.632572
Sulphur-winged Parakeet,-82.7011299,8.8177337
Sulphur-winged Parakeet,-82.2287816,8.7465034
Sulphur-winged Parakeet,-82.5059509,8.847079
Sulphur-winged Parakeet,-82.6011372,8.7458874
Sulphur-winged Parakeet,-82.43591,8.80501
Sulphur-winged Parakeet,-82.5744867,8.8168855
Sulphur-winged Parakeet,-82.7498142,8.9005323
Sulphur-winged Parakeet,-82.4261284,8.8066226
Sulphur-winged Parakeet,-82.499,8.7751
Sulphur-winged Parakeet,-82.4929,8.7627
Sulphur-winged Parakeet,-82.4577,8.7387
Sulphur-winged Parakeet,-82.4661255,8.8280812
Sulphur-winged Parakeet,-82.745,8.8630556
Sulphur-winged Parakeet,-82.576415,8.8043
Sulphur-winged Parakeet,-82.4444962,8.7849532
Sulphur-winged Parakeet,-82.4170303,8.80552
Sulphur-winged Parakeet,-82.5614319,8.8411083
Sulphur-winged Parakeet,-82.415657,8.7511648
Sulphur-winged Parakeet,-82.7370286,8.8988939
Sulphur-winged Parakeet,-82.6126385,8.8073012
Sulphur-winged Parakeet,-82.6565889,8.7921713
Sulphur-winged Parakeet,-82.5632215,8.8710369
Sulphur-winged Parakeet,-82.5751305,8.8927884
Sulphur-winged Parakeet,-82.2257996,8.6921392
Sulphur-winged Parakeet,-82.405924,8.805148
Sulphur-winged Parakeet,-82.4760818,8.8186879
Sulphur-winged Parakeet,-82.237421,8.722559
Sulphur-winged Parakeet,-82.218907,8.667778
Sulphur-winged Parakeet,-82.5326443,8.8436018
Sulphur-winged Parakeet,-82.5159931,8.8438562
Sulphur-winged Parakeet,-82.683709,8.882855
Sulphur-winged Parakeet,-82.4047887,8.7829574
Sulphur-winged Parakeet,-82.4500365,8.7981654
Sulphur-winged Parakeet,-82.4826908,8.8312007
Sulphur-winged Parakeet,-82.5156713,8.8268513
Sulphur-winged Parakeet,-82.432,8.775
Sulphur-winged Parakeet,-82.3997698,8.7575341
Sulphur-winged Parakeet,-82.224484,8.679615
Sulphur-winged Parakeet,-82.408173,8.7613488
Sulphur-winged Parakeet,-82.4619198,8.8128992
Sulphur-winged Parakeet,-82.59498,8.85475
Sulphur-winged Parakeet,-82.7025032,8.8548814
Sulphur-winged Parakeet,-82.376883,8.7702915
Sulphur-winged Parakeet,-82.540048,8.807003
Sulphur-winged Parakeet,-82.2488619,8.744369
Sulphur-winged Parakeet,-82.5468707,8.7172552
Sulphur-winged Parakeet,-82.4884549,8.8469253
Sulphur-winged Parakeet,-82.2087622,8.656282
Sulphur-winged Parakeet,-82.5013818,8.795735
Sulphur-winged Parakeet,-82.6484775,8.8376498
Sulphur-winged Parakeet,-82.7123737,8.8113724
Sulphur-winged Parakeet,-82.5468171,8.8502459
Sulphur-winged Parakeet,-82.5946033,8.6919087
Sulphur-winged Parakeet,-82.3952723,8.8096566
Sulphur-winged Parakeet,-82.5252579,8.8077613
Sulphur-winged Parakeet,-82.5535211,8.8757758
Sulphur-winged Parakeet,-82.6254058,8.7796917
Sulphur-winged Parakeet,-82.4853301,8.8171131
Sulphur-winged Parakeet,-82.6835132,8.8241513
Sulphur-winged Parakeet,-82.6104091,8.8904706
Sulphur-winged Parakeet,-81.116483,8.5099568
Sulphur-winged Parakeet,-81.1628864,8.5477129
Sulphur-winged Parakeet,-81.1100006,8.4826839
Sulphur-winged Parakeet,-81.137,8.52968
Sulphur-winged Parakeet,-82.1863537,8.805865
Sulphur-winged Parakeet,-82.1912017,8.7794902
Sulphur-winged Parakeet,-81.7672,8.442703
Sulphur-winged Parakeet,-82.17967,8.81399
Sulphur-winged Parakeet,-82.208789,8.777415
Sulphur-winged Parakeet,-82.2121253,8.786267
Sulphur-winged Parakeet,-82.187562,8.7896399
