COMMONNAME,LONGITUDE,LATITUDE
Tawny-capped Euphonia,-84.375,10.3833333
Tawny-capped Euphonia,-84.1695213,10.2414449
Tawny-capped Euphonia,-84.4166667,10.2666667
Tawny-capped Euphonia,-84.2359457,10.1837344
Tawny-capped Euphonia,-84.775,10.495
Tawny-capped Euphonia,-84.5617676,10.1770774
Tawny-capped Euphonia,-84.7293091,10.4846048
Tawny-capped Euphonia,-84.4424629,10.1474235
Tawny-capped Euphonia,-84.167,10.28
Tawny-capped Euphonia,-85.3262603,10.8662233
Tawny-capped Euphonia,-84.732779,10.462502
Tawny-capped Euphonia,-84.42,10.25
Tawny-capped Euphonia,-84.1794777,10.3092193
Tawny-capped Euphonia,-84.7512817,10.4148845
Tawny-capped Euphonia,-84.6633911,10.4689064
Tawny-capped Euphonia,-84.6669102,10.3501303
Tawny-capped Euphonia,-84.6386719,10.2210041
Tawny-capped Euphonia,-84.2061639,10.6863639
Tawny-capped Euphonia,-84.74247,10.45485
Tawny-capped Euphonia,-84.7289658,10.3041103
Tawny-capped Euphonia,-84.73151,10.44013
Tawny-capped Euphonia,-84.6174288,10.3827201
Tawny-capped Euphonia,-84.5755906,10.1718244
Tawny-capped Euphonia,-84.420898,10.176595
Tawny-capped Euphonia,-84.5755005,10.2338431
Tawny-capped Euphonia,-84.6012497,10.2412759
Tawny-capped Euphonia,-84.43769,10.18408
Tawny-capped Euphonia,-84.6455158,10.4716242
Tawny-capped Euphonia,-84.4905,10.2397
Tawny-capped Euphonia,-84.7522259,10.49296
Tawny-capped Euphonia,-85.0408257,10.7130107
Tawny-capped Euphonia,-84.4846272,10.2028956
Tawny-capped Euphonia,-84.65053,10.22864
Tawny-capped Euphonia,-84.6614,10.22432
Tawny-capped Euphonia,-84.7210693,10.4054297
Tawny-capped Euphonia,-84.43473,10.211987
Tawny-capped Euphonia,-84.6123905,10.2052588
Tawny-capped Euphonia,-84.6736597,10.4605847
Tawny-capped Euphonia,-84.469568,10.188984
Tawny-capped Euphonia,-84.3703222,10.0127635
Tawny-capped Euphonia,-84.5244444,10.2338889
Tawny-capped Euphonia,-84.3430281,10.347403
Tawny-capped Euphonia,-84.68559,10.49864
Tawny-capped Euphonia,-84.719696,10.3365361
Tawny-capped Euphonia,-84.1846383,10.2641013
Tawny-capped Euphonia,-84.1981888,10.1946488
Tawny-capped Euphonia,-84.7447586,10.3287677
Tawny-capped Euphonia,-84.53897,10.2192
Tawny-capped Euphonia,-85.3623962,10.9196178
Tawny-capped Euphonia,-84.7622681,10.319817
Tawny-capped Euphonia,-84.6808232,10.484794
Tawny-capped Euphonia,-84.7002554,10.433993
Tawny-capped Euphonia,-84.6333343,10.4797347
Tawny-capped Euphonia,-84.9440575,10.6471118
Tawny-capped Euphonia,-84.7559917,10.4834732
Tawny-capped Euphonia,-84.17019,10.25537
Tawny-capped Euphonia,-84.72261,10.4368996
Tawny-capped Euphonia,-84.5150757,10.1825263
Tawny-capped Euphonia,-84.9817801,10.7114129
Tawny-capped Euphonia,-84.7059631,10.4077709
Tawny-capped Euphonia,-84.7550561,10.4656949
Tawny-capped Euphonia,-84.716404,10.308844
Tawny-capped Euphonia,-85.3308481,10.9019297
Tawny-capped Euphonia,-84.76602,10.41398
Tawny-capped Euphonia,-84.7673321,10.3419401
Tawny-capped Euphonia,-84.534622,10.233566
Tawny-capped Euphonia,-84.6121287,10.4753842
Tawny-capped Euphonia,-84.431981,10.224742
Tawny-capped Euphonia,-84.65561,10.4167
Tawny-capped Euphonia,-84.3172317,10.2057403
Tawny-capped Euphonia,-85.0266137,10.7183462
Tawny-capped Euphonia,-84.5325851,10.2507976
Tawny-capped Euphonia,-84.64336,10.4459
Tawny-capped Euphonia,-84.49461,10.15406
Tawny-capped Euphonia,-84.411241,10.170193
Tawny-capped Euphonia,-84.7348213,10.4288639
Tawny-capped Euphonia,-84.6587294,10.4289923
Tawny-capped Euphonia,-84.6666333,10.2012667
Tawny-capped Euphonia,-85.0151253,10.7193094
Tawny-capped Euphonia,-84.53367,10.204811
Tawny-capped Euphonia,-84.167244,10.222197
Tawny-capped Euphonia,-84.1692553,10.3124029
Tawny-capped Euphonia,-84.73217,10.42005
Tawny-capped Euphonia,-84.7746277,10.3882077
Tawny-capped Euphonia,-84.6489072,10.4229617
Tawny-capped Euphonia,-84.2714839,10.2539452
Tawny-capped Euphonia,-84.6841192,10.4413902
Tawny-capped Euphonia,-84.65145,10.43538
Tawny-capped Euphonia,-84.6553378,10.4520582
Tawny-capped Euphonia,-84.52401,10.27198
Tawny-capped Euphonia,-84.2088318,10.2945372
Tawny-capped Euphonia,-84.6669996,10.4426528
Tawny-capped Euphonia,-83.9261055,9.7995682
Tawny-capped Euphonia,-83.5551882,9.8220653
Tawny-capped Euphonia,-83.8267136,9.7456028
Tawny-capped Euphonia,-83.6083333,9.8166667
Tawny-capped Euphonia,-83.684016,9.9010929
Tawny-capped Euphonia,-83.8545227,9.7983841
Tawny-capped Euphonia,-83.793,9.731
Tawny-capped Euphonia,-83.5724509,9.8251575
Tawny-capped Euphonia,-83.7117004,9.8470978
Tawny-capped Euphonia,-83.596245,9.846656
Tawny-capped Euphonia,-83.6603737,9.8720439
Tawny-capped Euphonia,-83.5690498,9.771487
Tawny-capped Euphonia,-83.6913264,9.7857103
Tawny-capped Euphonia,-83.7240374,9.7903365
Tawny-capped Euphonia,-83.6280155,9.8832056
Tawny-capped Euphonia,-83.6017479,9.8580106
Tawny-capped Euphonia,-83.8547802,9.7574455
Tawny-capped Euphonia,-83.6739349,9.8910693
Tawny-capped Euphonia,-83.75147,9.78404
Tawny-capped Euphonia,-83.7765884,9.7547387
Tawny-capped Euphonia,-83.8,9.8
Tawny-capped Euphonia,-83.5395689,9.8204849
Tawny-capped Euphonia,-83.7701567,9.9566122
Tawny-capped Euphonia,-83.7408295,9.7913218
Tawny-capped Euphonia,-83.7220001,9.7564305
Tawny-capped Euphonia,-83.78875,9.76268
Tawny-capped Euphonia,-83.78206,9.74563
Tawny-capped Euphonia,-83.806656,9.828903
Tawny-capped Euphonia,-83.7953746,9.773866
Tawny-capped Euphonia,-83.7825108,9.8273087
Tawny-capped Euphonia,-83.9231646,9.786896
Tawny-capped Euphonia,-83.6904144,9.8247716
Tawny-capped Euphonia,-83.8872001,9.798162
Tawny-capped Euphonia,-83.5739073,9.8368282
Tawny-capped Euphonia,-83.5640073,9.7932459
Tawny-capped Euphonia,-83.5624248,9.8315426
Tawny-capped Euphonia,-83.6902964,9.9463213
Tawny-capped Euphonia,-83.55605,9.80004
Tawny-capped Euphonia,-83.4992,9.78131
Tawny-capped Euphonia,-83.8017797,9.7671731
Tawny-capped Euphonia,-83.6509323,9.7958679
Tawny-capped Euphonia,-83.4464,9.9554
Tawny-capped Euphonia,-83.9025879,9.8308607
Tawny-capped Euphonia,-83.9116859,9.7866472
Tawny-capped Euphonia,-83.8126245,9.781571
Tawny-capped Euphonia,-83.5508537,9.9786593
Tawny-capped Euphonia,-83.6903286,9.9720523
Tawny-capped Euphonia,-83.7836266,9.7717687
Tawny-capped Euphonia,-83.8043,9.8406
Tawny-capped Euphonia,-83.7025917,9.9919067
Tawny-capped Euphonia,-83.6047876,9.9005182
Tawny-capped Euphonia,-83.8231087,9.7850483
Tawny-capped Euphonia,-83.7584293,9.8479034
Tawny-capped Euphonia,-83.70924,9.80613
Tawny-capped Euphonia,-83.7107697,9.9618289
Tawny-capped Euphonia,-83.8556385,9.768738
Tawny-capped Euphonia,-83.653061,9.88919
Tawny-capped Euphonia,-83.681016,9.7594221
Tawny-capped Euphonia,-84.790634,10.3410134
Tawny-capped Euphonia,-84.8961639,10.5532968
Tawny-capped Euphonia,-85.0177002,10.6869238
Tawny-capped Euphonia,-84.7985744,10.3196059
Tawny-capped Euphonia,-84.7926409,10.3600889
Tawny-capped Euphonia,-83.9476662,10.3239518
Tawny-capped Euphonia,-84.162612,10.2143465
Tawny-capped Euphonia,-84.0342377,10.3025809
Tawny-capped Euphonia,-84.1618352,10.2038227
Tawny-capped Euphonia,-84.0789163,9.9809389
Tawny-capped Euphonia,-84.1236651,10.3574907
Tawny-capped Euphonia,-84.127357,10.4132595
Tawny-capped Euphonia,-84.04489,10.28173
Tawny-capped Euphonia,-84.0128,10.4288
Tawny-capped Euphonia,-84.0677,10.4502
Tawny-capped Euphonia,-83.9500033,10.3331307
Tawny-capped Euphonia,-83.9595795,10.2628978
Tawny-capped Euphonia,-84.1566467,10.1637292
Tawny-capped Euphonia,-83.974396,10.1601017
Tawny-capped Euphonia,-84.0536499,10.4310921
Tawny-capped Euphonia,-83.957102,10.364021
Tawny-capped Euphonia,-84.1615927,10.2689153
Tawny-capped Euphonia,-84.110092,10.431076
Tawny-capped Euphonia,-84.0084944,10.4548785
Tawny-capped Euphonia,-83.8257694,10.1813859
Tawny-capped Euphonia,-83.8685131,10.1069652
Tawny-capped Euphonia,-83.908996,10.1999998
Tawny-capped Euphonia,-83.81523,10.11968
Tawny-capped Euphonia,-83.546133,9.9871096
Tawny-capped Euphonia,-83.8940048,10.2054615
Tawny-capped Euphonia,-83.9303324,10.1744332
Tawny-capped Euphonia,-83.20664,9.91065
Tawny-capped Euphonia,-83.83838,10.10306
Tawny-capped Euphonia,-83.8363695,10.2011534
Tawny-capped Euphonia,-83.4864581,10.0709674
Tawny-capped Euphonia,-83.5900543,10.2207193
Tawny-capped Euphonia,-83.6683066,10.0558676
Tawny-capped Euphonia,-83.6297917,10.0676389
Tawny-capped Euphonia,-83.6117774,10.0357583
Tawny-capped Euphonia,-83.9160633,10.182822
Tawny-capped Euphonia,-83.9075434,10.1899329
Tawny-capped Euphonia,-83.5375071,9.9978758
Tawny-capped Euphonia,-83.9133704,10.1736581
Tawny-capped Euphonia,-83.801917,10.148552
Tawny-capped Euphonia,-83.8847594,10.2117589
Tawny-capped Euphonia,-83.8728905,10.2135286
Tawny-capped Euphonia,-84.8241713,10.3109124
Tawny-capped Euphonia,-84.7904205,10.293301
Tawny-capped Euphonia,-84.8103333,10.2831669
Tawny-capped Euphonia,-84.8225212,10.2705495
Tawny-capped Euphonia,-84.79857,10.2829
Tawny-capped Euphonia,-84.6713306,10.2146176
Tawny-capped Euphonia,-84.6876394,10.2387839
Tawny-capped Euphonia,-84.7890472,10.3056726
Tawny-capped Euphonia,-84.6792269,10.252256
Tawny-capped Euphonia,-84.80974,10.30702
Tawny-capped Euphonia,-83.9682484,10.1530841
Tawny-capped Euphonia,-84.0893555,9.8930986
Tawny-capped Euphonia,-83.9729691,10.112252
Tawny-capped Euphonia,-83.9381358,10.1620582
Tawny-capped Euphonia,-83.9551,10.1607
Tawny-capped Euphonia,-83.993053,10.129258
Tawny-capped Euphonia,-83.9833117,10.0623327
Tawny-capped Euphonia,-84.3,9.8
Tawny-capped Euphonia,-83.9508569,10.1478325
Tawny-capped Euphonia,-82.1792793,8.8642949
Tawny-capped Euphonia,-82.658987,9.3161726
Tawny-capped Euphonia,-80.1281,8.6044
Tawny-capped Euphonia,-80.1391268,8.6214596
Tawny-capped Euphonia,-80.1713562,8.51991
Tawny-capped Euphonia,-80.1480103,8.6098759
Tawny-capped Euphonia,-80.1179,8.62844
Tawny-capped Euphonia,-80.1238918,8.6151374
Tawny-capped Euphonia,-80.1588249,8.6227749
Tawny-capped Euphonia,-80.1680946,8.6074997
Tawny-capped Euphonia,-80.0961685,8.6136099
Tawny-capped Euphonia,-80.135994,8.634146
Tawny-capped Euphonia,-80.1493835,8.6502687
Tawny-capped Euphonia,-80.1375389,8.6068208
Tawny-capped Euphonia,-80.12959,8.6427
Tawny-capped Euphonia,-80.114193,8.6140342
Tawny-capped Euphonia,-80.1317934,8.7106907
Tawny-capped Euphonia,-80.1204895,8.6466901
Tawny-capped Euphonia,-80.1412605,8.6419349
Tawny-capped Euphonia,-80.6987,8.637371
Tawny-capped Euphonia,-80.151332,8.6721485
Tawny-capped Euphonia,-80.12784,8.6233689
Tawny-capped Euphonia,-80.5926247,8.6680405
Tawny-capped Euphonia,-80.1267757,8.6339013
Tawny-capped Euphonia,-80.155487,8.591654
Tawny-capped Euphonia,-80.1235954,8.6676699
Tawny-capped Euphonia,-80.67129,8.689085
Tawny-capped Euphonia,-80.13861,8.59577
Tawny-capped Euphonia,-80.6528482,8.920243
Tawny-capped Euphonia,-80.7240016,8.9255849
Tawny-capped Euphonia,-82.5186539,8.8018727
Tawny-capped Euphonia,-82.2055466,8.7801089
Tawny-capped Euphonia,-82.2439296,8.7472281
Tawny-capped Euphonia,-82.432,8.775
Tawny-capped Euphonia,-82.2381592,8.7279873
Tawny-capped Euphonia,-82.2477722,8.7602238
Tawny-capped Euphonia,-82.2080556,8.6780556
Tawny-capped Euphonia,-82.48312,8.8128214
Tawny-capped Euphonia,-82.4826908,8.8312007
Tawny-capped Euphonia,-82.2325802,8.7079963
Tawny-capped Euphonia,-82.67613,8.763977
Tawny-capped Euphonia,-82.5159931,8.8438562
Tawny-capped Euphonia,-82.2287816,8.7465034
Tawny-capped Euphonia,-82.220497,8.672322
Tawny-capped Euphonia,-82.5326443,8.8436018
Tawny-capped Euphonia,-82.4172878,8.8198541
Tawny-capped Euphonia,-79.3469444,9.2411111
Tawny-capped Euphonia,-80.0863031,8.6110179
Tawny-capped Euphonia,-80.0831,8.6693
Tawny-capped Euphonia,-79.949496,8.6995186
Tawny-capped Euphonia,-79.367981,9.2417372
Tawny-capped Euphonia,-79.9521585,8.7136381
Tawny-capped Euphonia,-80.025959,8.6301645
Tawny-capped Euphonia,-79.413482,9.1767405
Tawny-capped Euphonia,-80.1244926,8.7610785
Tawny-capped Euphonia,-80.145264,8.811797
Tawny-capped Euphonia,-79.4194056,9.2280349
Tawny-capped Euphonia,-80.1493835,8.780243
Tawny-capped Euphonia,-80.0408936,8.7273086
Tawny-capped Euphonia,-80.0083415,8.6495272
Tawny-capped Euphonia,-79.40737,9.23214
Tawny-capped Euphonia,-80.0452839,8.6482661
Tawny-capped Euphonia,-80.1390968,8.7698433
Tawny-capped Euphonia,-80.1645614,8.8241168
Tawny-capped Euphonia,-79.965592,8.751138
Tawny-capped Euphonia,-80.1246643,8.7737963
Tawny-capped Euphonia,-80.0324019,8.6456384
Tawny-capped Euphonia,-80.1493835,8.7914464
Tawny-capped Euphonia,-79.4177788,9.2078807
Tawny-capped Euphonia,-80.1046709,8.6208619
Tawny-capped Euphonia,-80.0886154,8.5871318
Tawny-capped Euphonia,-79.4081068,9.217931
Tawny-capped Euphonia,-80.0597385,8.6699508
Tawny-capped Euphonia,-79.40206,9.24045
Tawny-capped Euphonia,-80.070427,8.65039
Tawny-capped Euphonia,-80.113647,8.655165
Tawny-capped Euphonia,-80.0191998,8.6437773
Tawny-capped Euphonia,-80.114963,8.63814
Tawny-capped Euphonia,-79.9228764,8.6837621
Tawny-capped Euphonia,-80.0943339,8.6454638
Tawny-capped Euphonia,-80.0990782,8.6347557
Tawny-capped Euphonia,-80.047866,8.711921
Tawny-capped Euphonia,-81.1433029,8.5253425
Tawny-capped Euphonia,-81.0923624,8.5170044
Tawny-capped Euphonia,-81.1899261,8.5622617
Tawny-capped Euphonia,-81.116483,8.5099568
Tawny-capped Euphonia,-81.20238,8.57754
Tawny-capped Euphonia,-81.1502659,8.5327564
Tawny-capped Euphonia,-78.9906944,9.3002778
Tawny-capped Euphonia,-78.985455,9.3268149
Tawny-capped Euphonia,-78.9369201,9.3251294
Tawny-capped Euphonia,-78.9971924,9.3840321
Tawny-capped Euphonia,-78.984795,9.3370832
Tawny-capped Euphonia,-78.99407,9.34218
Tawny-capped Euphonia,-78.9988661,9.3194984
Tawny-capped Euphonia,-78.9908333,9.3147222
Tawny-capped Euphonia,-78.9917418,9.3553785
Tawny-capped Euphonia,-78.984189,9.3738701
Tawny-capped Euphonia,-82.1841943,8.8078891
Tawny-capped Euphonia,-82.2136104,8.7843779
Tawny-capped Euphonia,-82.1841717,8.7812609
Tawny-capped Euphonia,-81.7383894,8.5346911
Tawny-capped Euphonia,-82.1935254,8.7784008
Tawny-capped Euphonia,-81.8115914,8.5147957
Tawny-capped Euphonia,-82.232871,8.844822
Tawny-capped Euphonia,-81.77815,8.5033278
Tawny-capped Euphonia,-82.187562,8.7896399
Tawny-capped Euphonia,-82.2049856,8.7632777
Tawny-capped Euphonia,-82.205675,8.7938113
