COMMONNAME,LONGITUDE,LATITUDE
Timberline Wren,-83.6675556,9.5547306
Timberline Wren,-83.7332439,9.6174213
Timberline Wren,-83.9170074,9.6840141
Timberline Wren,-83.8454247,9.9788256
Timberline Wren,-83.8345456,9.9804049
Timberline Wren,-83.8481712,9.9563392
Timberline Wren,-83.7605772,9.57858
Timberline Wren,-83.8531494,9.947209
Timberline Wren,-83.8660669,9.9434892
Timberline Wren,-83.8345242,9.962144
Timberline Wren,-83.8430214,9.9993346
Timberline Wren,-83.8854111,9.957325
Timberline Wren,-83.7239313,9.5582003
Timberline Wren,-83.8274197,9.9678461
Timberline Wren,-83.937475,9.7165217
Timberline Wren,-83.8648471,9.668654
Timberline Wren,-83.6771107,9.5544846
Timberline Wren,-83.8419914,9.6140758
Timberline Wren,-83.7672973,9.5544444
Timberline Wren,-83.7807083,9.5513233
Timberline Wren,-83.8107491,9.5983803
Timberline Wren,-83.84554,9.64319
Timberline Wren,-83.82256,9.60596
Timberline Wren,-83.8035336,9.5573486
Timberline Wren,-83.8375711,9.6256335
Timberline Wren,-83.8933182,9.5327018
Timberline Wren,-83.9070511,9.6603232
Timberline Wren,-83.890228,9.54726
Timberline Wren,-83.75426,9.56634
Timberline Wren,-83.795407,9.533767
Timberline Wren,-83.83265,9.59685
Timberline Wren,-83.7068617,9.5563276
Timberline Wren,-83.7113571,9.5262687
Timberline Wren,-83.795042,9.6086203
Timberline Wren,-83.5253733,9.4462202
Timberline Wren,-83.9017403,9.688456
Timberline Wren,-83.84443,9.63202
Timberline Wren,-83.8193536,9.6147345
Timberline Wren,-83.7985922,9.5912079
Timberline Wren,-83.866024,9.5541164
Timberline Wren,-83.8511324,9.6534271
Timberline Wren,-83.7449551,9.5698767
Timberline Wren,-83.860558,9.6097932
Timberline Wren,-83.5487938,9.4575283
Timberline Wren,-83.6976671,9.5281309
Timberline Wren,-83.7560749,9.5545396
Timberline Wren,-82.540048,8.807003
Timberline Wren,-82.5326443,8.8436018
Timberline Wren,-82.51865,8.80187
