COMMONNAME,LONGITUDE,LATITUDE
Volcano Junco,-83.7239313,9.5582003
Volcano Junco,-83.9166667,9.7
Volcano Junco,-83.7332439,9.6174213
Volcano Junco,-83.8685131,9.6701382
Volcano Junco,-83.9170074,9.6840141
Volcano Junco,-83.7755585,9.986856
Volcano Junco,-83.874766,9.967537
Volcano Junco,-83.7595638,10.0184759
Volcano Junco,-83.8345456,9.9804049
Volcano Junco,-83.6675556,9.5547306
Volcano Junco,-83.8481712,9.9563392
Volcano Junco,-83.8283873,9.9664667
Volcano Junco,-83.7605772,9.57858
Volcano Junco,-83.8454247,9.9788256
Volcano Junco,-83.760538,9.609297
Volcano Junco,-83.8660669,9.9434892
Volcano Junco,-83.8854111,9.957325
Volcano Junco,-83.8430214,9.9993346
Volcano Junco,-83.0425644,9.266146
Volcano Junco,-83.7560749,9.5545396
Volcano Junco,-83.8504565,9.6529406
Volcano Junco,-83.5009003,9.4910537
Volcano Junco,-83.7017012,9.5000271
Volcano Junco,-83.713932,9.5332096
Volcano Junco,-83.6771107,9.5544846
Volcano Junco,-83.7791634,9.5520004
Volcano Junco,-83.839674,9.6256298
Volcano Junco,-83.7513028,9.5677444
Volcano Junco,-83.7678299,9.5965791
Volcano Junco,-83.8107491,9.5983803
Volcano Junco,-83.542099,9.4712324
Volcano Junco,-83.8290174,9.5914089
Volcano Junco,-83.8000524,9.6130208
Volcano Junco,-83.4885323,9.4843471
Volcano Junco,-83.7660741,9.551997
Volcano Junco,-83.5487938,9.4575283
Volcano Junco,-83.8961077,9.6620154
Volcano Junco,-83.82256,9.60596
Volcano Junco,-83.706042,9.5567
Volcano Junco,-82.5653887,8.8018727
Volcano Junco,-82.5530134,8.8039837
Volcano Junco,-82.540048,8.807003
Volcano Junco,-82.5186539,8.8018727
