COMMONNAME,LONGITUDE,LATITUDE
Volcano Hummingbird,-84.1817089,10.2957403
Volcano Hummingbird,-84.2215669,10.1507473
Volcano Hummingbird,-84.33713,10.22127
Volcano Hummingbird,-84.2496872,10.1818083
Volcano Hummingbird,-84.2362976,10.1993794
Volcano Hummingbird,-84.214325,10.1928748
Volcano Hummingbird,-84.367826,10.242279
Volcano Hummingbird,-84.350629,10.223761
Volcano Hummingbird,-84.342115,10.198391
Volcano Hummingbird,-84.347298,10.185036
Volcano Hummingbird,-84.411241,10.170193
Volcano Hummingbird,-84.1895092,10.1558088
Volcano Hummingbird,-84.2396828,10.175308
Volcano Hummingbird,-84.2094854,10.1545897
Volcano Hummingbird,-84.2309726,10.1783002
Volcano Hummingbird,-84.32112,10.20177
Volcano Hummingbird,-84.1846657,10.2821711
Volcano Hummingbird,-84.3804932,10.2362926
Volcano Hummingbird,-84.2293024,10.1647585
Volcano Hummingbird,-84.1981888,10.1946488
Volcano Hummingbird,-84.2121068,10.0984682
Volcano Hummingbird,-84.2714839,10.2539452
Volcano Hummingbird,-84.395597,10.180099
Volcano Hummingbird,-84.3721461,10.2544252
Volcano Hummingbird,-84.364441,10.186266
Volcano Hummingbird,-84.195625,10.211371
Volcano Hummingbird,-84.219106,10.161649
Volcano Hummingbird,-84.23312,10.18932
Volcano Hummingbird,-84.169297,10.344425
Volcano Hummingbird,-84.1797,10.2113
Volcano Hummingbird,-84.379136,10.221255
Volcano Hummingbird,-84.2037488,10.1621043
Volcano Hummingbird,-83.801651,9.6136132
Volcano Hummingbird,-83.9166667,9.7
Volcano Hummingbird,-83.78088,9.6054891
Volcano Hummingbird,-83.5640073,9.7932459
Volcano Hummingbird,-83.9685917,9.8904986
Volcano Hummingbird,-83.5638,9.83193
Volcano Hummingbird,-83.8615,9.94519
Volcano Hummingbird,-83.9170074,9.6840141
Volcano Hummingbird,-83.7838937,9.7590273
Volcano Hummingbird,-83.79065,9.60385
Volcano Hummingbird,-83.7389946,9.5706208
Volcano Hummingbird,-83.7755585,9.986856
Volcano Hummingbird,-83.8854111,9.957325
Volcano Hummingbird,-83.7321281,9.5601258
Volcano Hummingbird,-83.8333333,9.65
Volcano Hummingbird,-83.899008,9.953927
Volcano Hummingbird,-83.86591,9.81734
Volcano Hummingbird,-83.9896646,9.8286788
Volcano Hummingbird,-83.8283873,9.9664667
Volcano Hummingbird,-83.9534898,9.8075298
Volcano Hummingbird,-83.8773739,9.9337815
Volcano Hummingbird,-83.7635995,9.6030202
Volcano Hummingbird,-83.8454247,9.9788256
Volcano Hummingbird,-83.6069441,9.8502578
Volcano Hummingbird,-83.8859972,9.9437028
Volcano Hummingbird,-83.7595638,10.0184759
Volcano Hummingbird,-83.9139175,9.7191168
Volcano Hummingbird,-83.8081,9.6336
Volcano Hummingbird,-83.7089109,9.5657429
Volcano Hummingbird,-83.9080381,9.8527637
Volcano Hummingbird,-83.7803021,10.0049211
Volcano Hummingbird,-83.8461971,9.7806221
Volcano Hummingbird,-83.8352333,9.9790583
Volcano Hummingbird,-83.8487111,9.8417667
Volcano Hummingbird,-83.851819,9.9523025
Volcano Hummingbird,-83.888855,9.7043194
Volcano Hummingbird,-83.887524,9.677661
Volcano Hummingbird,-83.951726,9.8261053
Volcano Hummingbird,-83.5724509,9.8251575
Volcano Hummingbird,-83.7941837,9.9835762
Volcano Hummingbird,-83.8124952,9.7812056
Volcano Hummingbird,-83.7533,9.96338
Volcano Hummingbird,-83.8250184,9.8987822
Volcano Hummingbird,-83.8430214,9.9993346
Volcano Hummingbird,-83.7580383,10.0035714
Volcano Hummingbird,-83.770129,9.9972372
Volcano Hummingbird,-83.845479,9.958834
Volcano Hummingbird,-84.121346,10.13362
Volcano Hummingbird,-84.0789163,9.9809389
Volcano Hummingbird,-84.05396,10.09035
Volcano Hummingbird,-84.0855467,10.0811885
Volcano Hummingbird,-84.0922737,10.1515633
Volcano Hummingbird,-84.1526556,10.1579209
Volcano Hummingbird,-84.1225934,10.1119999
Volcano Hummingbird,-84.1094291,10.0924223
Volcano Hummingbird,-84.0820384,10.0574522
Volcano Hummingbird,-84.1091224,10.1353215
Volcano Hummingbird,-82.9617,9.1116
Volcano Hummingbird,-83.0425644,9.266146
Volcano Hummingbird,-82.977467,9.075691
Volcano Hummingbird,-82.987968,9.047242
Volcano Hummingbird,-83.37293,9.33463
Volcano Hummingbird,-83.0784416,9.2449056
Volcano Hummingbird,-83.6624336,9.5638499
Volcano Hummingbird,-83.8067326,9.5757664
Volcano Hummingbird,-83.8035336,9.5573486
Volcano Hummingbird,-83.846301,9.644309
Volcano Hummingbird,-83.8018781,9.5474956
Volcano Hummingbird,-83.7034607,9.4626081
Volcano Hummingbird,-83.9079094,9.5585177
Volcano Hummingbird,-83.8449097,9.5696052
Volcano Hummingbird,-83.9052486,9.6895136
Volcano Hummingbird,-83.9166641,9.6500002
Volcano Hummingbird,-83.7,9.37
Volcano Hummingbird,-83.6771107,9.5544846
Volcano Hummingbird,-83.8193536,9.6147345
Volcano Hummingbird,-83.7791634,9.5520004
Volcano Hummingbird,-83.8952065,9.6112437
Volcano Hummingbird,-83.7645721,9.5795809
Volcano Hummingbird,-83.6677953,9.4028124
Volcano Hummingbird,-83.8394165,9.6237681
Volcano Hummingbird,-83.7117004,9.5479376
Volcano Hummingbird,-83.5013294,9.4645554
Volcano Hummingbird,-83.8648471,9.668654
Volcano Hummingbird,-83.75,9.56667
Volcano Hummingbird,-83.6679268,9.5553014
Volcano Hummingbird,-83.5487938,9.4575283
Volcano Hummingbird,-83.6983538,9.471444
Volcano Hummingbird,-83.542099,9.4712324
Volcano Hummingbird,-83.7976801,9.5782528
Volcano Hummingbird,-83.7903339,9.5647621
Volcano Hummingbird,-83.8280642,9.5611562
Volcano Hummingbird,-83.8696504,9.658504
Volcano Hummingbird,-83.8814521,9.666796
Volcano Hummingbird,-83.8737702,9.6720843
Volcano Hummingbird,-83.7745285,9.5817926
Volcano Hummingbird,-83.7115288,9.4764926
Volcano Hummingbird,-83.890228,9.54726
Volcano Hummingbird,-83.8511324,9.6534271
Volcano Hummingbird,-83.7660741,9.551997
Volcano Hummingbird,-83.8933182,9.5327018
Volcano Hummingbird,-83.79777,9.59711
Volcano Hummingbird,-83.80028,9.56686
Volcano Hummingbird,-83.577531,9.4721061
Volcano Hummingbird,-83.7199402,9.5545532
Volcano Hummingbird,-83.754015,9.5565515
Volcano Hummingbird,-83.7408829,9.3433823
Volcano Hummingbird,-83.7953186,9.4776167
Volcano Hummingbird,-83.82256,9.60596
Volcano Hummingbird,-83.70877,9.373329
Volcano Hummingbird,-83.795407,9.533767
Volcano Hummingbird,-83.890934,9.6033023
Volcano Hummingbird,-83.83265,9.59685
Volcano Hummingbird,-83.8961077,9.6620154
Volcano Hummingbird,-83.75692,9.57327
Volcano Hummingbird,-83.8562011,9.6409085
Volcano Hummingbird,-83.8107491,9.601427
Volcano Hummingbird,-83.9479065,9.7231006
Volcano Hummingbird,-83.4873304,9.4783551
Volcano Hummingbird,-83.8426781,9.6357843
Volcano Hummingbird,-83.8896704,9.5238562
Volcano Hummingbird,-83.5981464,9.39123
Volcano Hummingbird,-83.9280556,10.035
Volcano Hummingbird,-83.7113571,9.5262687
Volcano Hummingbird,-83.7993672,9.5879212
Volcano Hummingbird,-83.6879253,9.5527283
Volcano Hummingbird,-83.7652159,9.3205571
Volcano Hummingbird,-83.7068617,9.5563276
Volcano Hummingbird,-83.817314,9.538318
Volcano Hummingbird,-83.85555,9.56333
Volcano Hummingbird,-83.9070511,9.6603232
Volcano Hummingbird,-83.866024,9.5541164
Volcano Hummingbird,-83.679302,9.476229
Volcano Hummingbird,-83.8132215,9.5465156
Volcano Hummingbird,-82.5577927,8.852846
Volcano Hummingbird,-82.5226879,8.8518283
Volcano Hummingbird,-82.532949,8.730513
Volcano Hummingbird,-82.5485176,8.8614963
Volcano Hummingbird,-82.4315357,8.770997
Volcano Hummingbird,-82.5535211,8.8757758
Volcano Hummingbird,-82.76,8.8447222
Volcano Hummingbird,-82.5365496,8.7760866
Volcano Hummingbird,-82.5143623,8.7923796
Volcano Hummingbird,-82.745,8.8630556
Volcano Hummingbird,-82.6241398,8.8188363
Volcano Hummingbird,-82.576415,8.8043
Volcano Hummingbird,-82.5744867,8.8168855
Volcano Hummingbird,-82.6011372,8.7458874
Volcano Hummingbird,-82.5610542,8.8702312
Volcano Hummingbird,-82.4407411,8.7808792
Volcano Hummingbird,-82.5159931,8.8438562
Volcano Hummingbird,-82.5746155,8.7914397
Volcano Hummingbird,-82.5186539,8.8018727
Volcano Hummingbird,-82.5614319,8.8411083
Volcano Hummingbird,-82.5438074,8.7988297
Volcano Hummingbird,-82.6303433,8.7703393
Volcano Hummingbird,-82.4676345,8.8194468
Volcano Hummingbird,-82.6104091,8.8904706
Volcano Hummingbird,-82.573638,8.852224
Volcano Hummingbird,-82.48312,8.8128214
Volcano Hummingbird,-82.53685,8.8060289
Volcano Hummingbird,-82.5506902,8.8411749
Volcano Hummingbird,-82.67613,8.763977
Volcano Hummingbird,-82.5885201,8.8938908
Volcano Hummingbird,-82.5655094,8.8596359
Volcano Hummingbird,-82.5326443,8.8436018
Volcano Hummingbird,-82.54773,8.80782
Volcano Hummingbird,-82.544698,8.849896
Volcano Hummingbird,-82.592044,8.858384
Volcano Hummingbird,-84.1618352,10.2038227
Volcano Hummingbird,-84.0965059,10.1385986
Volcano Hummingbird,-82.5967598,8.8486267
Volcano Hummingbird,-82.5290394,8.8198852
