COMMONNAME,LONGITUDE,LATITUDE
White-bellied Mountain-gem,-84.4166667,10.2666667
White-bellied Mountain-gem,-84.167,10.28
White-bellied Mountain-gem,-84.1661739,10.251158
White-bellied Mountain-gem,-84.2486572,10.2041099
White-bellied Mountain-gem,-84.7540283,10.3074882
White-bellied Mountain-gem,-84.1873741,10.2323227
White-bellied Mountain-gem,-84.2082837,10.2220026
White-bellied Mountain-gem,-84.1799927,10.2717037
White-bellied Mountain-gem,-84.65053,10.22864
White-bellied Mountain-gem,-84.30387,10.21002
White-bellied Mountain-gem,-84.6123905,10.2052588
White-bellied Mountain-gem,-84.3172317,10.2057403
White-bellied Mountain-gem,-84.6867564,10.4417447
White-bellied Mountain-gem,-84.1846657,10.2821711
White-bellied Mountain-gem,-84.5006561,10.1730223
White-bellied Mountain-gem,-84.1692553,10.3124029
White-bellied Mountain-gem,-84.4743276,10.1617861
White-bellied Mountain-gem,-84.1981888,10.1946488
White-bellied Mountain-gem,-84.3971443,10.2018686
White-bellied Mountain-gem,-84.636069,10.32371
White-bellied Mountain-gem,-84.1676331,10.2392488
White-bellied Mountain-gem,-84.4846272,10.2028956
White-bellied Mountain-gem,-84.1990457,10.1600753
White-bellied Mountain-gem,-84.2359457,10.1837344
White-bellied Mountain-gem,-84.2714839,10.2539452
White-bellied Mountain-gem,-84.2605667,10.2673167
White-bellied Mountain-gem,-84.7419691,10.3242924
White-bellied Mountain-gem,-84.7563453,10.4893477
White-bellied Mountain-gem,-84.732779,10.462502
White-bellied Mountain-gem,-84.185361,10.2936212
White-bellied Mountain-gem,-84.7673321,10.3419401
White-bellied Mountain-gem,-84.7107,10.4361
White-bellied Mountain-gem,-84.169386,10.209913
White-bellied Mountain-gem,-84.1673021,10.2223202
White-bellied Mountain-gem,-84.6709871,10.3496237
White-bellied Mountain-gem,-84.5877899,10.1551948
White-bellied Mountain-gem,-84.51338,10.1954777
White-bellied Mountain-gem,-83.793,9.731
White-bellied Mountain-gem,-83.7838937,9.7590273
White-bellied Mountain-gem,-83.5690498,9.771487
White-bellied Mountain-gem,-83.9264417,9.7996256
White-bellied Mountain-gem,-83.9439356,9.7967073
White-bellied Mountain-gem,-83.9231646,9.786896
White-bellied Mountain-gem,-83.796694,9.746406
White-bellied Mountain-gem,-83.8,9.8
White-bellied Mountain-gem,-83.6423492,9.9634403
White-bellied Mountain-gem,-83.55605,9.80004
White-bellied Mountain-gem,-83.9025879,9.8308607
White-bellied Mountain-gem,-83.7584293,9.8479034
White-bellied Mountain-gem,-83.5638,9.83193
White-bellied Mountain-gem,-83.5737276,9.7577839
White-bellied Mountain-gem,-83.8070673,9.7885578
White-bellied Mountain-gem,-83.8094187,9.7734325
White-bellied Mountain-gem,-83.826582,9.7865072
White-bellied Mountain-gem,-83.8146338,9.7811231
White-bellied Mountain-gem,-83.781685,9.749812
White-bellied Mountain-gem,-83.7953746,9.773866
White-bellied Mountain-gem,-83.7911153,9.7657774
White-bellied Mountain-gem,-83.7980461,9.826463
White-bellied Mountain-gem,-83.5640073,9.7932459
White-bellied Mountain-gem,-84.790634,10.3410134
White-bellied Mountain-gem,-84.783082,10.3663412
White-bellied Mountain-gem,-84.8020935,10.3424467
White-bellied Mountain-gem,-84.7913551,10.3560101
White-bellied Mountain-gem,-84.7985744,10.3196059
White-bellied Mountain-gem,-84.823812,10.338459
White-bellied Mountain-gem,-84.1567755,10.1961694
White-bellied Mountain-gem,-84.04489,10.28173
White-bellied Mountain-gem,-84.1588247,10.1621135
White-bellied Mountain-gem,-84.1215057,10.1387441
White-bellied Mountain-gem,-84.1615927,10.2689153
White-bellied Mountain-gem,-84.1618352,10.2038227
White-bellied Mountain-gem,-84.1049337,10.0876003
White-bellied Mountain-gem,-84.1581759,10.3686515
White-bellied Mountain-gem,-83.2561648,9.652631
White-bellied Mountain-gem,-83.788167,10.2143479
White-bellied Mountain-gem,-83.6683066,10.0558676
White-bellied Mountain-gem,-83.6297917,10.0676389
White-bellied Mountain-gem,-84.8225212,10.2705495
White-bellied Mountain-gem,-84.6735191,10.2113745
White-bellied Mountain-gem,-84.828853,10.316013
White-bellied Mountain-gem,-84.79543,10.30258
White-bellied Mountain-gem,-84.686826,10.184552
White-bellied Mountain-gem,-84.8051376,10.3078434
White-bellied Mountain-gem,-84.8045073,10.2976961
White-bellied Mountain-gem,-83.9473915,10.146832
White-bellied Mountain-gem,-83.9379463,10.1618209
White-bellied Mountain-gem,-83.817314,9.538318
White-bellied Mountain-gem,-82.6920319,8.9669687
White-bellied Mountain-gem,-82.2381592,8.7279873
White-bellied Mountain-gem,-82.5668049,8.8697436
White-bellied Mountain-gem,-82.2299194,8.7534374
White-bellied Mountain-gem,-82.223525,8.6814938
White-bellied Mountain-gem,-82.432,8.775
White-bellied Mountain-gem,-82.5604778,8.8555992
White-bellied Mountain-gem,-82.6104091,8.8904706
White-bellied Mountain-gem,-82.5885201,8.8938908
White-bellied Mountain-gem,-82.5967598,8.8486267
White-bellied Mountain-gem,-82.5159931,8.8438562
White-bellied Mountain-gem,-82.5186539,8.8018727
White-bellied Mountain-gem,-82.5326443,8.8436018
White-bellied Mountain-gem,-82.4826908,8.8312007
White-bellied Mountain-gem,-82.4619198,8.8128992
White-bellied Mountain-gem,-82.4884549,8.8469253
White-bellied Mountain-gem,-82.2488619,8.744369
White-bellied Mountain-gem,-82.48312,8.8128214
White-bellied Mountain-gem,-82.5535211,8.8757758
White-bellied Mountain-gem,-82.207974,8.7781973
White-bellied Mountain-gem,-82.1912017,8.7794902
White-bellied Mountain-gem,-82.2049856,8.7632777
White-bellied Mountain-gem,-82.1815109,8.7846539
White-bellied Mountain-gem,-82.205675,8.7938113
White-bellied Mountain-gem,-81.831665,8.5008956
White-bellied Mountain-gem,-82.2121253,8.786267
