COMMONNAME,LONGITUDE,LATITUDE
White-tailed Emerald,-84.4846272,10.2028956
White-tailed Emerald,-83.75147,9.78404
White-tailed Emerald,-83.7838937,9.7590273
White-tailed Emerald,-82.9919243,8.7866897
White-tailed Emerald,-82.9713249,8.8208719
White-tailed Emerald,-82.9138184,8.9718973
White-tailed Emerald,-83.0679703,9.0247965
White-tailed Emerald,-82.8437805,8.9475645
White-tailed Emerald,-82.95,8.7833333
White-tailed Emerald,-84.79857,10.2829
White-tailed Emerald,-83.6675406,9.0736196
White-tailed Emerald,-82.850647,8.8696376
White-tailed Emerald,-82.9680204,8.802933
White-tailed Emerald,-82.9893923,8.7969842
White-tailed Emerald,-82.9735451,8.812005
White-tailed Emerald,-83.2602224,9.2502935
White-tailed Emerald,-83.069185,9.115747
White-tailed Emerald,-82.8440583,8.9109648
White-tailed Emerald,-82.9585361,8.8056684
White-tailed Emerald,-82.963343,8.78424
White-tailed Emerald,-82.976631,8.785495
White-tailed Emerald,-83.017416,9.0378506
White-tailed Emerald,-82.8760529,8.9544321
White-tailed Emerald,-83.2846498,9.22631
White-tailed Emerald,-83.00813,9.02945
White-tailed Emerald,-82.959255,9.023506
White-tailed Emerald,-82.97865,8.798
White-tailed Emerald,-82.94949,8.79735
White-tailed Emerald,-82.9083252,8.8077253
White-tailed Emerald,-82.9625058,8.8157405
White-tailed Emerald,-82.8187394,8.9371822
White-tailed Emerald,-82.9568732,8.7910234
White-tailed Emerald,-82.833333,8.945278
White-tailed Emerald,-83.0347498,8.7841678
White-tailed Emerald,-83.0462749,8.7556851
White-tailed Emerald,-83.2467341,9.262238
White-tailed Emerald,-82.7987342,8.9093504
White-tailed Emerald,-83.7554741,9.3325416
White-tailed Emerald,-83.7,9.37
White-tailed Emerald,-83.71571,9.44726
White-tailed Emerald,-83.7332439,9.3324057
White-tailed Emerald,-83.705294,9.3856851
White-tailed Emerald,-83.7089539,9.4649787
White-tailed Emerald,-83.7115288,9.4764926
White-tailed Emerald,-83.690033,9.502308
White-tailed Emerald,-83.6878824,9.4377164
White-tailed Emerald,-83.6677953,9.4028124
White-tailed Emerald,-83.7095439,9.4386284
White-tailed Emerald,-83.7642288,9.3046009
White-tailed Emerald,-83.5919023,9.4664179
White-tailed Emerald,-83.6271358,9.4330172
White-tailed Emerald,-83.6063004,9.4544381
White-tailed Emerald,-83.749515,9.473542
White-tailed Emerald,-84.0666962,9.5813694
White-tailed Emerald,-83.577531,9.4721061
White-tailed Emerald,-83.9070511,9.6603232
White-tailed Emerald,-83.7454989,9.489669
White-tailed Emerald,-83.6025667,9.4635233
White-tailed Emerald,-83.817314,9.538318
White-tailed Emerald,-84.1916559,9.7230219
White-tailed Emerald,-84.064932,9.602295
White-tailed Emerald,-83.6983538,9.471444
White-tailed Emerald,-83.6831349,9.4692118
White-tailed Emerald,-82.61506,8.89364
White-tailed Emerald,-80.1308441,8.6034262
White-tailed Emerald,-80.5926247,8.6680405
White-tailed Emerald,-80.1356077,8.6214596
White-tailed Emerald,-80.13602,8.61173
White-tailed Emerald,-80.1267757,8.6339013
White-tailed Emerald,-80.1179,8.62844
White-tailed Emerald,-82.7521133,8.8589521
White-tailed Emerald,-82.2381592,8.7279873
White-tailed Emerald,-82.585001,8.8576574
White-tailed Emerald,-82.5143623,8.7923796
White-tailed Emerald,-82.6304913,8.8189211
White-tailed Emerald,-82.6988983,8.8150083
White-tailed Emerald,-82.43591,8.80501
White-tailed Emerald,-82.4148095,8.7503701
White-tailed Emerald,-82.2395325,8.7140738
White-tailed Emerald,-82.4661255,8.8280812
White-tailed Emerald,-81.787,8.503
White-tailed Emerald,-82.223525,8.6814938
White-tailed Emerald,-82.76,8.8447222
White-tailed Emerald,-82.5272369,8.8107787
White-tailed Emerald,-82.4170303,8.80552
White-tailed Emerald,-82.432,8.775
White-tailed Emerald,-82.2325802,8.7079963
White-tailed Emerald,-82.5535211,8.8757758
White-tailed Emerald,-82.5668049,8.8697436
White-tailed Emerald,-82.5306702,8.7276479
White-tailed Emerald,-82.67613,8.763977
White-tailed Emerald,-82.6750374,8.7731799
White-tailed Emerald,-82.5186539,8.8018727
White-tailed Emerald,-82.6846933,8.7754391
White-tailed Emerald,-82.6872571,8.7855674
White-tailed Emerald,-82.5159931,8.8438562
White-tailed Emerald,-82.573638,8.852224
White-tailed Emerald,-82.4172878,8.8198541
White-tailed Emerald,-82.5946033,8.6919087
White-tailed Emerald,-82.2087622,8.656282
White-tailed Emerald,-82.544698,8.849896
White-tailed Emerald,-82.4047887,8.7829574
White-tailed Emerald,-82.607731,8.68534
White-tailed Emerald,-82.4619198,8.8128992
White-tailed Emerald,-82.47659,8.82158
White-tailed Emerald,-82.376883,8.7702915
White-tailed Emerald,-82.5326443,8.8436018
White-tailed Emerald,-82.2488619,8.744369
White-tailed Emerald,-82.4812314,8.841997
White-tailed Emerald,-82.2287816,8.7465034
White-tailed Emerald,-82.4826908,8.8312007
White-tailed Emerald,-82.3997698,8.7575341
White-tailed Emerald,-82.5885547,8.6644442
White-tailed Emerald,-82.4252057,8.7896585
White-tailed Emerald,-82.4853301,8.8171131
White-tailed Emerald,-82.218907,8.667778
White-tailed Emerald,-82.3952723,8.8096566
White-tailed Emerald,-82.4523,8.8029
White-tailed Emerald,-82.6835132,8.8241513
White-tailed Emerald,-82.5967598,8.8486267
White-tailed Emerald,-82.683709,8.882855
White-tailed Emerald,-80.1092148,8.6612996
White-tailed Emerald,-80.0597385,8.6699508
White-tailed Emerald,-80.0083415,8.6495272
White-tailed Emerald,-80.0324019,8.6456384
White-tailed Emerald,-80.1046709,8.6208619
White-tailed Emerald,-80.0886154,8.5871318
White-tailed Emerald,-80.0943339,8.6454638
White-tailed Emerald,-80.0678444,8.5886594
White-tailed Emerald,-80.0453568,8.6278128
White-tailed Emerald,-80.1153139,8.641228
White-tailed Emerald,-80.0757408,8.6475534
White-tailed Emerald,-80.0189638,8.6439894
White-tailed Emerald,-81.1525726,8.5327583
White-tailed Emerald,-82.1841717,8.7812609
White-tailed Emerald,-81.7383894,8.5346911
White-tailed Emerald,-81.7405128,8.4363755
White-tailed Emerald,-81.76743,8.48257
White-tailed Emerald,-81.79255,8.51591
White-tailed Emerald,-81.7725641,8.4967457
White-tailed Emerald,-82.208646,8.778705
