COMMONNAME,LONGITUDE,LATITUDE
Wrenthrush,-84.2146683,10.1975998
Wrenthrush,-84.3172317,10.2057403
Wrenthrush,-84.3413544,10.16525
Wrenthrush,-84.396046,10.22991
Wrenthrush,-84.36936,10.2381
Wrenthrush,-84.2359457,10.1837344
Wrenthrush,-84.3804932,10.2362926
Wrenthrush,-84.1981888,10.1946488
Wrenthrush,-84.7835139,10.2986889
Wrenthrush,-84.3554306,10.2318159
Wrenthrush,-84.3730474,10.2541352
Wrenthrush,-84.3558598,10.2612931
Wrenthrush,-84.350629,10.223761
Wrenthrush,-84.7756577,10.3130615
Wrenthrush,-84.359442,10.245641
Wrenthrush,-84.7284937,10.3801029
Wrenthrush,-84.2276244,10.1601302
Wrenthrush,-84.2127276,10.157463
Wrenthrush,-83.8685131,9.6701382
Wrenthrush,-83.6675556,9.5547306
Wrenthrush,-83.79066,9.60354
Wrenthrush,-83.9264417,9.7996256
Wrenthrush,-83.5638,9.83193
Wrenthrush,-83.5640073,9.7932459
Wrenthrush,-83.8453817,9.9584527
Wrenthrush,-83.9231646,9.786896
Wrenthrush,-83.7595638,10.0184759
Wrenthrush,-83.77986,9.74886
Wrenthrush,-83.80904,9.76322
Wrenthrush,-83.7086391,9.5638499
Wrenthrush,-83.7609673,9.5794229
Wrenthrush,-83.7227726,9.5586023
Wrenthrush,-83.7842327,9.7605912
Wrenthrush,-83.8454247,9.9788256
Wrenthrush,-83.8430214,9.9993346
Wrenthrush,-83.83154,9.74224
Wrenthrush,-83.8283873,9.9664667
Wrenthrush,-83.7580383,10.0035714
Wrenthrush,-83.8556385,9.768738
Wrenthrush,-83.876388,9.685242
Wrenthrush,-84.790634,10.3410134
Wrenthrush,-84.7985744,10.3196059
Wrenthrush,-84.8029518,10.3435753
Wrenthrush,-84.0965059,10.1385986
Wrenthrush,-84.11383,10.13454
Wrenthrush,-84.0366769,10.0550647
Wrenthrush,-84.071725,10.086406
Wrenthrush,-84.1254311,10.1301235
Wrenthrush,-84.1075328,10.0289611
Wrenthrush,-84.1618352,10.2038227
Wrenthrush,-82.9617,9.1116
Wrenthrush,-83.0425644,9.266146
Wrenthrush,-84.8238516,10.3172415
Wrenthrush,-84.6867371,10.2321538
Wrenthrush,-84.7951519,10.3031445
Wrenthrush,-83.0784416,9.2449056
Wrenthrush,-84.8051376,10.3078434
Wrenthrush,-83.8391312,9.6274337
Wrenthrush,-83.82256,9.60596
Wrenthrush,-83.8364983,9.6009192
Wrenthrush,-83.8419914,9.6140758
Wrenthrush,-83.81264,9.61612
Wrenthrush,-83.9070511,9.6603232
Wrenthrush,-83.8035336,9.5573486
Wrenthrush,-83.7364197,9.5547089
Wrenthrush,-84.0014648,9.947209
Wrenthrush,-83.9487648,9.7280072
Wrenthrush,-83.9340355,9.7030465
Wrenthrush,-83.890228,9.54726
Wrenthrush,-83.8881683,9.6691229
Wrenthrush,-83.817314,9.538318
Wrenthrush,-83.7983054,9.5932186
Wrenthrush,-83.8018781,9.5474956
Wrenthrush,-83.8634795,9.5315465
Wrenthrush,-83.7513028,9.5677444
Wrenthrush,-83.8778,9.667
Wrenthrush,-83.799652,9.580907
Wrenthrush,-83.800362,9.570409
Wrenthrush,-83.8132215,9.5465156
Wrenthrush,-83.5253733,9.4462202
Wrenthrush,-83.9280556,10.035
Wrenthrush,-83.8511324,9.6534271
Wrenthrush,-83.8301468,9.5900866
Wrenthrush,-83.5487938,9.4575283
Wrenthrush,-83.7560749,9.5545396
Wrenthrush,-83.704319,9.3735314
Wrenthrush,-83.577531,9.4721061
Wrenthrush,-83.8588572,9.6729459
Wrenthrush,-83.8502892,9.6443387
Wrenthrush,-83.8514871,9.6354288
Wrenthrush,-82.6920319,8.9669687
Wrenthrush,-82.5313568,8.8972828
Wrenthrush,-82.5653458,8.9159378
Wrenthrush,-80.5926247,8.6680405
Wrenthrush,-80.6393051,8.6906572
Wrenthrush,-82.540048,8.807003
Wrenthrush,-82.576415,8.8043
Wrenthrush,-82.6112703,8.8948341
Wrenthrush,-82.573638,8.852224
Wrenthrush,-82.6340103,8.7697288
Wrenthrush,-82.5898933,8.8767611
Wrenthrush,-82.6565889,8.7921713
Wrenthrush,-82.5159931,8.8438562
Wrenthrush,-82.5632215,8.8710369
Wrenthrush,-82.5751305,8.8927884
Wrenthrush,-82.5186539,8.8018727
Wrenthrush,-82.67613,8.763977
Wrenthrush,-82.5326443,8.8436018
Wrenthrush,-82.544698,8.849896
Wrenthrush,-82.55352,8.87578
Wrenthrush,-82.4826908,8.8312007
Wrenthrush,-82.4810332,8.8419586
Wrenthrush,-81.787,8.503
Wrenthrush,-82.3952723,8.8096566
Wrenthrush,-82.48312,8.8128214
Wrenthrush,-81.7725641,8.4967457
