COMMONNAME,LONGITUDE,LATITUDE
Yellow-winged Vireo,-84.30387,10.21002
Yellow-winged Vireo,-84.1895092,10.1558088
Yellow-winged Vireo,-84.312923,10.2228105
Yellow-winged Vireo,-84.2088318,10.2945372
Yellow-winged Vireo,-84.3154335,10.207151
Yellow-winged Vireo,-84.2302895,10.1993794
Yellow-winged Vireo,-84.2136383,10.1723465
Yellow-winged Vireo,-84.2300425,10.1699529
Yellow-winged Vireo,-84.3610096,10.167531
Yellow-winged Vireo,-84.396046,10.22991
Yellow-winged Vireo,-84.36936,10.2381
Yellow-winged Vireo,-84.3247032,10.213064
Yellow-winged Vireo,-84.332469,10.22067
Yellow-winged Vireo,-84.350629,10.223761
Yellow-winged Vireo,-84.2094854,10.1545897
Yellow-winged Vireo,-84.3415,10.184259
Yellow-winged Vireo,-84.359531,10.202306
Yellow-winged Vireo,-84.3053913,10.1279906
Yellow-winged Vireo,-84.2163849,10.1916077
Yellow-winged Vireo,-84.2476702,10.1424333
Yellow-winged Vireo,-84.3804932,10.2362926
Yellow-winged Vireo,-84.4161558,10.1657231
Yellow-winged Vireo,-84.1981888,10.1946488
Yellow-winged Vireo,-84.2714839,10.2539452
Yellow-winged Vireo,-84.2359457,10.1837344
Yellow-winged Vireo,-84.34879,10.40643
Yellow-winged Vireo,-84.3730474,10.2541352
Yellow-winged Vireo,-84.3554306,10.2318159
Yellow-winged Vireo,-84.384754,10.249599
Yellow-winged Vireo,-84.31103,10.18343
Yellow-winged Vireo,-84.2276244,10.1601302
Yellow-winged Vireo,-84.2037488,10.1621043
Yellow-winged Vireo,-83.78088,9.6054891
Yellow-winged Vireo,-83.7903214,9.6022732
Yellow-winged Vireo,-83.6675556,9.5547306
Yellow-winged Vireo,-83.8615,9.94519
Yellow-winged Vireo,-83.7239313,9.5582003
Yellow-winged Vireo,-83.5638,9.83193
Yellow-winged Vireo,-83.7838937,9.7590273
Yellow-winged Vireo,-83.9264417,9.7996256
Yellow-winged Vireo,-83.7389946,9.5706208
Yellow-winged Vireo,-83.8453817,9.9584527
Yellow-winged Vireo,-83.8288937,9.9650849
Yellow-winged Vireo,-83.8773739,9.9337815
Yellow-winged Vireo,-83.8454247,9.9788256
Yellow-winged Vireo,-83.6069441,9.8502578
Yellow-winged Vireo,-83.8859972,9.9437028
Yellow-winged Vireo,-83.8854111,9.957325
Yellow-winged Vireo,-83.7595638,10.0184759
Yellow-winged Vireo,-83.876388,9.685242
Yellow-winged Vireo,-83.9139175,9.7191168
Yellow-winged Vireo,-83.8081,9.6336
Yellow-winged Vireo,-83.888855,9.7043194
Yellow-winged Vireo,-83.8495162,9.7864955
Yellow-winged Vireo,-83.6217284,9.8837552
Yellow-winged Vireo,-83.89909,9.94824
Yellow-winged Vireo,-83.7755585,9.986856
Yellow-winged Vireo,-83.7580383,10.0035714
Yellow-winged Vireo,-83.887183,9.680963
Yellow-winged Vireo,-83.8556385,9.768738
Yellow-winged Vireo,-83.8430214,9.9993346
Yellow-winged Vireo,-83.770129,9.9972372
Yellow-winged Vireo,-84.790634,10.3410134
Yellow-winged Vireo,-84.8029518,10.3435753
Yellow-winged Vireo,-84.121346,10.13362
Yellow-winged Vireo,-84.1554022,10.1814168
Yellow-winged Vireo,-84.0755,10.0998
Yellow-winged Vireo,-84.1091224,10.1353215
Yellow-winged Vireo,-84.0855467,10.0811885
Yellow-winged Vireo,-84.093101,9.97335
Yellow-winged Vireo,-84.0789163,9.9809389
Yellow-winged Vireo,-84.1618352,10.2038227
Yellow-winged Vireo,-84.1571968,10.1702568
Yellow-winged Vireo,-84.090263,10.071433
Yellow-winged Vireo,-84.1557603,10.1582483
Yellow-winged Vireo,-84.0965059,10.1385986
Yellow-winged Vireo,-84.0756226,10.0864595
Yellow-winged Vireo,-84.0606236,10.09191
Yellow-winged Vireo,-84.06846,10.07764
Yellow-winged Vireo,-84.147713,10.1501209
Yellow-winged Vireo,-82.9617,9.1116
Yellow-winged Vireo,-83.0425644,9.266146
Yellow-winged Vireo,-84.7956777,10.3038148
Yellow-winged Vireo,-83.4878862,9.2421396
Yellow-winged Vireo,-82.977796,9.092198
Yellow-winged Vireo,-83.37293,9.33463
Yellow-winged Vireo,-83.069185,9.115747
Yellow-winged Vireo,-82.987488,9.049774
Yellow-winged Vireo,-82.833333,8.945278
Yellow-winged Vireo,-82.7819824,8.9312004
Yellow-winged Vireo,-84.8159873,10.3239546
Yellow-winged Vireo,-84.8155877,10.3131249
Yellow-winged Vireo,-82.7418137,8.9454448
Yellow-winged Vireo,-83.00813,9.02945
Yellow-winged Vireo,-83.0657387,9.1273513
Yellow-winged Vireo,-83.0784416,9.2449056
Yellow-winged Vireo,-83.0744934,9.2121755
Yellow-winged Vireo,-82.9083252,8.8077253
Yellow-winged Vireo,-83.6624336,9.5638499
Yellow-winged Vireo,-83.7997627,9.578238
Yellow-winged Vireo,-83.6677953,9.4028124
Yellow-winged Vireo,-83.7034607,9.4626081
Yellow-winged Vireo,-83.8391312,9.6274337
Yellow-winged Vireo,-83.8235074,9.6164293
Yellow-winged Vireo,-83.82256,9.60596
Yellow-winged Vireo,-83.8018781,9.5474956
Yellow-winged Vireo,-84.1433,9.83979
Yellow-winged Vireo,-83.6771107,9.5544846
Yellow-winged Vireo,-83.9495802,9.7227427
Yellow-winged Vireo,-83.79031,9.54905
Yellow-winged Vireo,-83.7975311,9.5916099
Yellow-winged Vireo,-83.8001728,9.5657371
Yellow-winged Vireo,-83.952713,9.9708794
Yellow-winged Vireo,-83.601408,9.4643861
Yellow-winged Vireo,-83.9280556,10.035
Yellow-winged Vireo,-83.7776,9.5551667
Yellow-winged Vireo,-83.7678299,9.5965791
Yellow-winged Vireo,-83.962326,9.6522002
Yellow-winged Vireo,-83.5487938,9.4575283
Yellow-winged Vireo,-83.75,9.56667
Yellow-winged Vireo,-83.8300222,9.5416404
Yellow-winged Vireo,-83.7364197,9.5547089
Yellow-winged Vireo,-84.0014648,9.947209
Yellow-winged Vireo,-83.8280642,9.5611562
Yellow-winged Vireo,-83.8634795,9.5315465
Yellow-winged Vireo,-83.8000524,9.6130208
Yellow-winged Vireo,-83.9572406,9.9604604
Yellow-winged Vireo,-83.8696504,9.658504
Yellow-winged Vireo,-83.8648471,9.668654
Yellow-winged Vireo,-83.8511324,9.6534271
Yellow-winged Vireo,-83.7660741,9.551997
Yellow-winged Vireo,-83.7115288,9.4764926
Yellow-winged Vireo,-83.8881683,9.6691229
Yellow-winged Vireo,-83.9506531,9.7362207
Yellow-winged Vireo,-83.704319,9.3735314
Yellow-winged Vireo,-83.877427,9.666833
Yellow-winged Vireo,-83.7953186,9.4776167
Yellow-winged Vireo,-83.577531,9.4721061
Yellow-winged Vireo,-83.795407,9.533767
Yellow-winged Vireo,-83.7579417,9.5733371
Yellow-winged Vireo,-83.7560749,9.5545396
Yellow-winged Vireo,-83.9703679,9.959244
Yellow-winged Vireo,-83.817314,9.538318
Yellow-winged Vireo,-84.1289127,9.8766813
Yellow-winged Vireo,-83.890934,9.6033023
Yellow-winged Vireo,-83.83265,9.59685
Yellow-winged Vireo,-83.8035336,9.5573486
Yellow-winged Vireo,-83.5981464,9.39123
Yellow-winged Vireo,-83.7068617,9.5563276
Yellow-winged Vireo,-83.9158015,9.6452447
Yellow-winged Vireo,-83.6983538,9.471444
Yellow-winged Vireo,-83.9507155,10.0179693
Yellow-winged Vireo,-83.730735,9.494004
Yellow-winged Vireo,-83.7097907,9.5092669
Yellow-winged Vireo,-83.7454989,9.489669
Yellow-winged Vireo,-84.1487503,9.8775403
Yellow-winged Vireo,-83.6603469,9.3605215
Yellow-winged Vireo,-83.8132215,9.5465156
Yellow-winged Vireo,-83.6879253,9.5527283
Yellow-winged Vireo,-83.8897777,9.5357754
Yellow-winged Vireo,-83.9070511,9.6603232
Yellow-winged Vireo,-83.866024,9.5541164
Yellow-winged Vireo,-84.10525,9.74232
Yellow-winged Vireo,-83.85321,9.56343
Yellow-winged Vireo,-83.85047,9.64419
Yellow-winged Vireo,-82.539236,8.866268
Yellow-winged Vireo,-82.6920319,8.9669687
Yellow-winged Vireo,-82.5653458,8.9159378
Yellow-winged Vireo,-82.5835419,8.9146552
Yellow-winged Vireo,-82.5498962,8.8343573
Yellow-winged Vireo,-82.6050639,8.8387059
Yellow-winged Vireo,-82.4782499,8.8446438
Yellow-winged Vireo,-82.5601959,8.8674327
Yellow-winged Vireo,-82.4327374,8.8112876
Yellow-winged Vireo,-82.442007,8.792967
Yellow-winged Vireo,-82.7292,8.90947
Yellow-winged Vireo,-82.5143623,8.7923796
Yellow-winged Vireo,-82.573638,8.852224
Yellow-winged Vireo,-82.576415,8.8043
Yellow-winged Vireo,-82.6988983,8.8150083
Yellow-winged Vireo,-82.6154094,8.8996999
Yellow-winged Vireo,-82.5604778,8.8555992
Yellow-winged Vireo,-82.5059509,8.847079
Yellow-winged Vireo,-82.6528931,8.7602238
Yellow-winged Vireo,-82.5744867,8.8168855
Yellow-winged Vireo,-82.5535211,8.8757758
Yellow-winged Vireo,-81.787,8.503
Yellow-winged Vireo,-82.4170303,8.80552
Yellow-winged Vireo,-82.5614319,8.8411083
Yellow-winged Vireo,-82.5270653,8.8006004
Yellow-winged Vireo,-82.5438074,8.7988297
Yellow-winged Vireo,-82.6303433,8.7703393
Yellow-winged Vireo,-82.415657,8.7511648
Yellow-winged Vireo,-82.432,8.775
Yellow-winged Vireo,-82.5701574,8.8725739
Yellow-winged Vireo,-82.7370286,8.8988939
Yellow-winged Vireo,-82.6104091,8.8904706
Yellow-winged Vireo,-82.59182,8.88771
Yellow-winged Vireo,-82.5802803,8.8991822
Yellow-winged Vireo,-82.4826908,8.8312007
Yellow-winged Vireo,-82.5290394,8.8198852
Yellow-winged Vireo,-82.220497,8.672322
Yellow-winged Vireo,-82.7571774,8.8513194
Yellow-winged Vireo,-82.2287816,8.7465034
Yellow-winged Vireo,-82.4734211,8.828166
Yellow-winged Vireo,-82.5627708,8.8835
Yellow-winged Vireo,-82.5967598,8.8486267
Yellow-winged Vireo,-82.4619198,8.8128992
Yellow-winged Vireo,-82.4760818,8.8186879
Yellow-winged Vireo,-82.3952723,8.8096566
Yellow-winged Vireo,-82.5159931,8.8438562
Yellow-winged Vireo,-82.543121,8.849285
Yellow-winged Vireo,-82.5326443,8.8436018
Yellow-winged Vireo,-82.48312,8.8128214
Yellow-winged Vireo,-82.5156713,8.8268513
Yellow-winged Vireo,-82.48857,8.84707
Yellow-winged Vireo,-82.4047887,8.7829574
Yellow-winged Vireo,-82.6750374,8.7731799
Yellow-winged Vireo,-81.7725641,8.4967457
