COMMONNAME,LONGITUDE,LATITUDE
Yellow-thighed Finch,-84.2637408,10.1737129
Yellow-thighed Finch,-84.312923,10.2228105
Yellow-thighed Finch,-84.4846272,10.2028956
Yellow-thighed Finch,-84.245224,10.0770372
Yellow-thighed Finch,-84.44384,10.18659
Yellow-thighed Finch,-84.2302895,10.1993794
Yellow-thighed Finch,-84.1692553,10.3124029
Yellow-thighed Finch,-84.2083333,10.1833333
Yellow-thighed Finch,-84.1668777,10.2146326
Yellow-thighed Finch,-84.17019,10.25537
Yellow-thighed Finch,-84.1950989,10.1446353
Yellow-thighed Finch,-84.2136383,10.1723465
Yellow-thighed Finch,-84.2129517,10.2057994
Yellow-thighed Finch,-84.2524338,10.1953246
Yellow-thighed Finch,-84.2227469,10.1887412
Yellow-thighed Finch,-84.7691345,10.343291
Yellow-thighed Finch,-84.3041039,10.0722914
Yellow-thighed Finch,-84.2586136,10.1422696
Yellow-thighed Finch,-84.3413544,10.16525
Yellow-thighed Finch,-84.36936,10.2381
Yellow-thighed Finch,-84.396046,10.22991
Yellow-thighed Finch,-84.3247032,10.213064
Yellow-thighed Finch,-84.599576,10.3337496
Yellow-thighed Finch,-84.214325,10.1928748
Yellow-thighed Finch,-84.342115,10.198391
Yellow-thighed Finch,-84.332469,10.22067
Yellow-thighed Finch,-84.322103,10.243454
Yellow-thighed Finch,-84.3172317,10.2057403
Yellow-thighed Finch,-84.2396828,10.175308
Yellow-thighed Finch,-84.2094854,10.1545897
Yellow-thighed Finch,-84.22963,10.16474
Yellow-thighed Finch,-84.3415,10.184259
Yellow-thighed Finch,-84.325207,10.17171
Yellow-thighed Finch,-84.7512817,10.9577084
Yellow-thighed Finch,-84.2402458,10.197352
Yellow-thighed Finch,-84.3053913,10.1279906
Yellow-thighed Finch,-84.2037488,10.1621043
Yellow-thighed Finch,-84.3804932,10.2362926
Yellow-thighed Finch,-84.1981888,10.1946488
Yellow-thighed Finch,-84.23006,10.182639
Yellow-thighed Finch,-84.1673112,10.125667
Yellow-thighed Finch,-84.3644536,10.2562889
Yellow-thighed Finch,-84.1960859,10.156936
Yellow-thighed Finch,-84.30387,10.21002
Yellow-thighed Finch,-84.3554306,10.2318159
Yellow-thighed Finch,-84.35529,10.2627
Yellow-thighed Finch,-84.219106,10.161649
Yellow-thighed Finch,-84.195625,10.211371
Yellow-thighed Finch,-84.31103,10.18343
Yellow-thighed Finch,-84.2714839,10.2539452
Yellow-thighed Finch,-84.5917761,10.4790345
Yellow-thighed Finch,-84.166882,10.2276426
Yellow-thighed Finch,-84.3803912,10.2149962
Yellow-thighed Finch,-84.306888,10.238434
Yellow-thighed Finch,-84.350629,10.223761
Yellow-thighed Finch,-83.8270569,9.6190292
Yellow-thighed Finch,-83.6845779,9.5655426
Yellow-thighed Finch,-83.8454247,9.9788256
Yellow-thighed Finch,-83.9166667,9.7
Yellow-thighed Finch,-83.7903214,9.6022732
Yellow-thighed Finch,-83.6675556,9.5547306
Yellow-thighed Finch,-83.5638,9.83193
Yellow-thighed Finch,-83.7142324,10.0073962
Yellow-thighed Finch,-83.8998199,9.6884137
Yellow-thighed Finch,-83.7389946,9.5706208
Yellow-thighed Finch,-83.9702225,9.8180058
Yellow-thighed Finch,-83.7765884,9.7547387
Yellow-thighed Finch,-83.876388,9.685242
Yellow-thighed Finch,-83.7238026,9.5582637
Yellow-thighed Finch,-83.899008,9.953927
Yellow-thighed Finch,-83.9231646,9.786896
Yellow-thighed Finch,-83.8455307,9.9587422
Yellow-thighed Finch,-83.6069441,9.8502578
Yellow-thighed Finch,-83.7595638,10.0184759
Yellow-thighed Finch,-83.9139175,9.7191168
Yellow-thighed Finch,-83.8081,9.6336
Yellow-thighed Finch,-83.7803021,10.0049211
Yellow-thighed Finch,-83.9635706,9.9408684
Yellow-thighed Finch,-83.8531494,9.947209
Yellow-thighed Finch,-83.8487111,9.8417667
Yellow-thighed Finch,-83.8283873,9.9664667
Yellow-thighed Finch,-83.8854111,9.957325
Yellow-thighed Finch,-83.888855,9.7043194
Yellow-thighed Finch,-83.8333654,9.6305379
Yellow-thighed Finch,-83.8660669,9.9434892
Yellow-thighed Finch,-83.951726,9.8261053
Yellow-thighed Finch,-83.5724509,9.8251575
Yellow-thighed Finch,-83.7755585,9.986856
Yellow-thighed Finch,-83.7309265,9.9870251
Yellow-thighed Finch,-83.7842327,9.7605912
Yellow-thighed Finch,-83.7580383,10.0035714
Yellow-thighed Finch,-83.8430214,9.9993346
Yellow-thighed Finch,-83.83154,9.74224
Yellow-thighed Finch,-83.770129,9.9972372
Yellow-thighed Finch,-84.7903551,10.3637661
Yellow-thighed Finch,-84.8137665,10.3372116
Yellow-thighed Finch,-84.79298,10.35253
Yellow-thighed Finch,-84.8078308,10.3728019
Yellow-thighed Finch,-84.8014144,10.3486951
Yellow-thighed Finch,-84.7985744,10.3196059
Yellow-thighed Finch,-84.790634,10.3410134
Yellow-thighed Finch,-84.121346,10.13362
Yellow-thighed Finch,-84.1,10.1
Yellow-thighed Finch,-84.0789163,9.9809389
Yellow-thighed Finch,-84.1554022,10.1814168
Yellow-thighed Finch,-84.1588247,10.1621135
Yellow-thighed Finch,-84.0855467,10.0811885
Yellow-thighed Finch,-84.0752792,10.139059
Yellow-thighed Finch,-84.0922737,10.1515633
Yellow-thighed Finch,-84.1168845,10.191538
Yellow-thighed Finch,-84.1004276,10.1299987
Yellow-thighed Finch,-84.0892468,10.0422647
Yellow-thighed Finch,-84.090263,10.071433
Yellow-thighed Finch,-84.0606236,10.09191
Yellow-thighed Finch,-84.0673828,10.2176254
Yellow-thighed Finch,-84.0965059,10.1385986
Yellow-thighed Finch,-84.1584626,10.1989174
Yellow-thighed Finch,-84.1072083,10.0364714
Yellow-thighed Finch,-84.0756226,10.0864595
Yellow-thighed Finch,-84.078641,10.065905
Yellow-thighed Finch,-84.0380931,10.0308932
Yellow-thighed Finch,-84.06846,10.07764
Yellow-thighed Finch,-84.147713,10.1501209
Yellow-thighed Finch,-84.1091224,10.1353215
Yellow-thighed Finch,-83.0470276,9.2729115
Yellow-thighed Finch,-83.4641451,9.528406
Yellow-thighed Finch,-84.8333333,10.3166667
Yellow-thighed Finch,-84.8241713,10.3109124
Yellow-thighed Finch,-84.8085549,10.3183275
Yellow-thighed Finch,-84.8419189,10.321928
Yellow-thighed Finch,-84.8225212,10.2705495
Yellow-thighed Finch,-84.8027802,10.310866
Yellow-thighed Finch,-83.00813,9.02945
Yellow-thighed Finch,-84.8054409,10.3296966
Yellow-thighed Finch,-84.8480988,10.3047859
Yellow-thighed Finch,-82.9608536,8.7858414
Yellow-thighed Finch,-84.7890472,10.3056726
Yellow-thighed Finch,-83.370689,9.320131
Yellow-thighed Finch,-82.977467,9.075691
Yellow-thighed Finch,-83.37293,9.33463
Yellow-thighed Finch,-82.987488,9.049774
Yellow-thighed Finch,-82.973299,8.7921183
Yellow-thighed Finch,-83.33664,8.4037
Yellow-thighed Finch,-84.8138094,10.3094304
Yellow-thighed Finch,-84.8235083,10.3216325
Yellow-thighed Finch,-82.7819824,8.9312004
Yellow-thighed Finch,-84.8062992,10.2998669
Yellow-thighed Finch,-82.7418137,8.9454448
Yellow-thighed Finch,-82.788947,8.939869
Yellow-thighed Finch,-83.0784416,9.2449056
Yellow-thighed Finch,-82.7900194,8.9038472
Yellow-thighed Finch,-82.773487,8.9720383
Yellow-thighed Finch,-83.8909149,9.6105667
Yellow-thighed Finch,-83.97,9.65
Yellow-thighed Finch,-84.0147069,10.0440911
Yellow-thighed Finch,-83.71571,9.44726
Yellow-thighed Finch,-83.6624336,9.5638499
Yellow-thighed Finch,-83.993053,10.129258
Yellow-thighed Finch,-83.9473915,10.146832
Yellow-thighed Finch,-84.0893555,9.8930986
Yellow-thighed Finch,-83.846301,9.644309
Yellow-thighed Finch,-83.7034607,9.4626081
Yellow-thighed Finch,-83.9079094,9.5585177
Yellow-thighed Finch,-83.8449097,9.5696052
Yellow-thighed Finch,-83.7,9.37
Yellow-thighed Finch,-83.8394165,9.6237681
Yellow-thighed Finch,-83.6771107,9.5544846
Yellow-thighed Finch,-83.8035336,9.5573486
Yellow-thighed Finch,-84.1374207,9.9303005
Yellow-thighed Finch,-83.711955,9.500745
Yellow-thighed Finch,-83.7672973,9.5544444
Yellow-thighed Finch,-83.7913513,9.5872091
Yellow-thighed Finch,-83.82256,9.60596
Yellow-thighed Finch,-83.730735,9.494004
Yellow-thighed Finch,-83.952713,9.9708794
Yellow-thighed Finch,-83.985931,10.0503488
Yellow-thighed Finch,-83.7513028,9.5677444
Yellow-thighed Finch,-83.78575,9.5516667
Yellow-thighed Finch,-83.7678299,9.5965791
Yellow-thighed Finch,-83.7560749,9.5545396
Yellow-thighed Finch,-83.8153472,9.6157111
Yellow-thighed Finch,-84.00778,10.060789
Yellow-thighed Finch,-83.8648471,9.668654
Yellow-thighed Finch,-83.6677953,9.4028124
Yellow-thighed Finch,-83.8555527,9.6721689
Yellow-thighed Finch,-83.7364197,9.5547089
Yellow-thighed Finch,-83.542099,9.4712324
Yellow-thighed Finch,-83.7911824,9.5766644
Yellow-thighed Finch,-84.0014648,9.947209
Yellow-thighed Finch,-83.5819999,9.4722864
Yellow-thighed Finch,-83.494525,9.485688
Yellow-thighed Finch,-83.8634795,9.5315465
Yellow-thighed Finch,-83.7454989,9.489669
Yellow-thighed Finch,-83.8280642,9.5611562
Yellow-thighed Finch,-83.8000524,9.6130208
Yellow-thighed Finch,-83.5008813,9.4141988
Yellow-thighed Finch,-83.8696504,9.658504
Yellow-thighed Finch,-83.9151554,9.6519
Yellow-thighed Finch,-83.92765,9.649873
Yellow-thighed Finch,-83.5487938,9.4575283
Yellow-thighed Finch,-83.8881683,9.6691229
Yellow-thighed Finch,-83.8260518,9.5432129
Yellow-thighed Finch,-83.80119,9.57679
Yellow-thighed Finch,-83.9381358,10.1620582
Yellow-thighed Finch,-83.9507155,10.0179693
Yellow-thighed Finch,-83.9833117,10.0623327
Yellow-thighed Finch,-83.8927603,9.6799783
Yellow-thighed Finch,-83.7983054,9.5932186
Yellow-thighed Finch,-83.7987757,9.5670661
Yellow-thighed Finch,-83.5754871,9.4642675
Yellow-thighed Finch,-83.8562011,9.6409085
Yellow-thighed Finch,-83.83265,9.59685
Yellow-thighed Finch,-84.0749338,9.7062102
Yellow-thighed Finch,-83.7068617,9.5563276
Yellow-thighed Finch,-83.8107491,9.601427
Yellow-thighed Finch,-83.6983538,9.471444
Yellow-thighed Finch,-83.8778,9.667
Yellow-thighed Finch,-83.811087,9.546924
Yellow-thighed Finch,-83.4873304,9.4783551
Yellow-thighed Finch,-83.9280556,10.035
Yellow-thighed Finch,-83.8018781,9.5474956
Yellow-thighed Finch,-83.8511324,9.6534271
Yellow-thighed Finch,-83.951683,9.7213697
Yellow-thighed Finch,-83.817314,9.538318
Yellow-thighed Finch,-83.9070511,9.6603232
Yellow-thighed Finch,-84.00404,10.04289
Yellow-thighed Finch,-83.710213,9.516754
Yellow-thighed Finch,-83.8315201,9.5320556
Yellow-thighed Finch,-83.866024,9.5541164
Yellow-thighed Finch,-82.5313568,8.8972828
Yellow-thighed Finch,-82.5653458,8.9159378
Yellow-thighed Finch,-82.539236,8.866268
Yellow-thighed Finch,-82.5498962,8.8343573
Yellow-thighed Finch,-82.5226879,8.8518283
Yellow-thighed Finch,-82.5691223,8.8720969
Yellow-thighed Finch,-82.4782499,8.8446438
Yellow-thighed Finch,-82.5693798,8.862514
Yellow-thighed Finch,-82.4327374,8.8112876
Yellow-thighed Finch,-82.5522995,8.8562383
Yellow-thighed Finch,-82.5303483,8.8139594
Yellow-thighed Finch,-82.5365496,8.7760866
Yellow-thighed Finch,-82.585001,8.8576574
Yellow-thighed Finch,-82.6322316,8.7727144
Yellow-thighed Finch,-82.5143623,8.7923796
Yellow-thighed Finch,-82.5601959,8.8674327
Yellow-thighed Finch,-82.6154094,8.8996999
Yellow-thighed Finch,-82.5059509,8.847079
Yellow-thighed Finch,-82.6011372,8.7458874
Yellow-thighed Finch,-82.4884549,8.8469253
Yellow-thighed Finch,-82.5744867,8.8168855
Yellow-thighed Finch,-82.4566591,8.8184907
Yellow-thighed Finch,-82.5746155,8.7914397
Yellow-thighed Finch,-82.6122293,8.8742114
Yellow-thighed Finch,-82.4444962,8.7849532
Yellow-thighed Finch,-82.5614319,8.8411083
Yellow-thighed Finch,-82.415657,8.7511648
Yellow-thighed Finch,-82.67613,8.763977
Yellow-thighed Finch,-82.5159931,8.8438562
Yellow-thighed Finch,-82.7461481,8.9060168
Yellow-thighed Finch,-82.5,8.785
Yellow-thighed Finch,-82.5885201,8.8938908
Yellow-thighed Finch,-82.6565889,8.7921713
Yellow-thighed Finch,-82.432,8.775
Yellow-thighed Finch,-82.540048,8.807003
Yellow-thighed Finch,-82.5802803,8.8991822
Yellow-thighed Finch,-82.573638,8.852224
Yellow-thighed Finch,-82.51865,8.80187
Yellow-thighed Finch,-82.6104091,8.8904706
Yellow-thighed Finch,-82.4760818,8.8186879
Yellow-thighed Finch,-82.5627708,8.8835
Yellow-thighed Finch,-82.48312,8.8128214
Yellow-thighed Finch,-82.576415,8.8043
Yellow-thighed Finch,-82.5326443,8.8436018
Yellow-thighed Finch,-82.4720478,8.8271482
Yellow-thighed Finch,-82.5535211,8.8757758
Yellow-thighed Finch,-82.4289018,8.7968895
Yellow-thighed Finch,-82.683709,8.882855
Yellow-thighed Finch,-82.5156713,8.8268513
Yellow-thighed Finch,-82.4826908,8.8312007
Yellow-thighed Finch,-82.4047887,8.7829574
Yellow-thighed Finch,-82.3952723,8.8096566
Yellow-thighed Finch,-82.544698,8.849896
Yellow-thighed Finch,-82.2121253,8.786267
