<PAMDataset>
  <Metadata>
    <MDI key="DataType">Generic</MDI>
  </Metadata>
  <PAMRasterBand band="1">
    <Histograms>
      <HistItem>
        <HistMin>0</HistMin>
        <HistMax>18</HistMax>
        <BucketCount>256</BucketCount>
        <IncludeOutOfRange>1</IncludeOutOfRange>
        <Approximate>0</Approximate>
        <HistCounts>168565|0|0|0|0|0|0|0|0|0|0|0|0|0|1867945|0|0|0|0|0|0|0|0|0|0|0|0|0|882309|0|0|0|0|0|0|0|0|0|0|0|0|0|492644|0|0|0|0|0|0|0|0|0|0|0|0|0|505725|0|0|0|0|0|0|0|0|0|0|0|0|0|96433|0|0|0|0|0|0|0|0|0|0|0|0|0|0|15773|0|0|0|0|0|0|0|0|0|0|0|0|0|292466|0|0|0|0|0|0|0|0|0|0|0|0|0|187855|0|0|0|0|0|0|0|0|0|0|0|0|0|0|0|0|0|0|0|0|0|0|0|0|0|0|0|22211|0|0|0|0|0|0|0|0|0|0|0|0|0|18173|0|0|0|0|0|0|0|0|0|0|0|0|0|0|17984|0|0|0|0|0|0|0|0|0|0|0|0|0|15883|0|0|0|0|0|0|0|0|0|0|0|0|0|67322|0|0|0|0|0|0|0|0|0|0|0|0|0|7323938|0|0|0|0|0|0|0|0|0|0|0|0|0|68345|0|0|0|0|0|0|0|0|0|0|0|0|0|0|0|0|0|0|0|0|0|0|0|0|0|0|0|0|24489</HistCounts>
      </HistItem>
    </Histograms>
    <Metadata>
      <MDI key="RepresentationType">ATHEMATIC</MDI>
      <MDI key="STATISTICS_COVARIANCES">38.14078397150716</MDI>
      <MDI key="STATISTICS_EXCLUDEDVALUES"></MDI>
      <MDI key="STATISTICS_MAXIMUM">18</MDI>
      <MDI key="STATISTICS_MEAN">10.311557947179</MDI>
      <MDI key="STATISTICS_MINIMUM">0</MDI>
      <MDI key="STATISTICS_SKIPFACTORX">1</MDI>
      <MDI key="STATISTICS_SKIPFACTORY">1</MDI>
      <MDI key="STATISTICS_STDDEV">6.1758225340036</MDI>
    </Metadata>
  </PAMRasterBand>
</PAMDataset>
